product_id,normalized_text,previous_final_candidate_mnn,new_final_candidate_mnn,previous_final_mnn_method,new_final_mnn_method,previous_status,new_status,identity_gate_effect,rejected_source_count,reason
8,ХАЙЛЕФЛОКС 500мг N5 таб. покрытые пленочной оболочкой Хайгланс Лабораториз Пвт.Лтд. | Хайгланс лабораториз пвт. Лтд | Хайгланс лабораториз пвт. Лтд | N5,Левофлоксацин,Левофлоксацин,catalog_consensus,catalog_consensus,resolved_catalog,resolved_catalog,unchanged,0,consensus
10,"НАТРИЯ ХЛОРИД 0,9% 400мл N12 р-р д/инфузий Биосинтез | Биосинтез ПАО | Биосинтез ПАО | N12",Натрия хлорид,Натрия хлорид,enrichment,input_plus_enrichment,unresolved_catalog,resolved_enrichment,method_changed,1,empty
28,МЕРИФАТИН МВ 750мг N60 таб. с пролонгированным высвобождением Фармасинтез-Тюмень ООО | Фармасинтез-Тюмень ООО | Фармасинтез-Тюмень ООО | N60,Метформин,Метформин,catalog_consensus,catalog_consensus,resolved_catalog,resolved_catalog,sources_rejected_same_final,1,consensus
34,МЕЛАДАПТ 3мг N10 таб. покрытые пленочной оболочкой Озон ООО | Озон ООО | Озон ООО | N10,Мелатонин,,catalog_consensus,unresolved,resolved_catalog,unresolved_catalog,catalog_accept_removed,2,single_source
45,АКВИОН КОЖА ВОЛОСЫ НОГТИ таб. N60 ВТФ ООО | ВТФ ООО | ВТФ ООО | N60,,,,unresolved,unresolved_catalog,unresolved_catalog,method_changed,1,single_source
54,ГЕПАРИН 5000ЕД/мл 5мл N5 р-р для в/в и п/к введения Армавирская биологическая фабрика фгуп | Армавирская биологическая фабрика фгуп | Армавирская биологическая фабрика фгуп | N5,Гепарин натрия,Гепарин натрия,enrichment,enrichment,unresolved_catalog,resolved_enrichment,sources_rejected_same_final,1,empty
56,РИТОФЛЕКС МСМ таб. N60 Фармацевтическая Фабрика ООО | Фармацевтическая фабрика ООО | Фармацевтическая фабрика ООО | N60,"Глюкозамин, MSM, Хондроитин, Хондроитинсульфат",,catalog_consensus,unresolved,resolved_catalog,unresolved_catalog,catalog_accept_removed,1,single_source
60,ДИКЛОФЕНАК 25мг/мл 3мл N10 р-р для в/м введения Дальхимфарм ОАО | Дальхимфарм ОАО | Дальхимфарм ОАО | N10,Диклофенак,Диклофенак,enrichment,enrichment,unresolved_catalog,resolved_enrichment,sources_rejected_same_final,1,empty
68,ЭПЛЕРЕНОН-ТЕВА 25мг N30 таб. покрытые пленочной оболочкой Тева фармасьютикал воркс прайвэт Лимитед Компани | Тева фармасьютикал воркс прайвэт Лимитед Компани | Тева фармасьютикал воркс прайвэт Лимитед Компани | N30,Эплеренон,Эплеренон,catalog_consensus,catalog_consensus,resolved_catalog,resolved_catalog,sources_rejected_same_final,1,consensus
70,РОЗУВАСТАТИН-ТЕВА 20мг N90 таб. покрытые пленочной оболочкой Р-Фарм Новосёлки | Р-Фарм новосёлки ООО | Р-Фарм новосёлки ООО | N90,Розувастатин,Розувастатин,catalog_consensus,input_explicit_mnn,resolved_catalog,resolved_input_explicit,catalog_accept_removed,1,single_source
72,ФАРИНГАЛ таб. 650мг N10 Салута-М | Салута-М ООО | Салута-М ООО | N10,,,,unresolved,unresolved_catalog,unresolved_catalog,method_changed,0,empty
73,ГАСТРАСАН ЭКСПРЕСС 680мг+80мг N12 таб. жевательные Апельсин ЮжФарм ООО | ЮжФарм ООО | ЮжФарм ООО | N12,"Кальция карбонат, Магния карбонат",,catalog_consensus,unresolved,resolved_catalog,unresolved_catalog,catalog_accept_removed,1,single_source
75,САМБУКУС БУЗИНА ИММУНИТЕТ таб. массой 700мг N30 Грин сайд ООО | Грин Сайд ООО | Грин Сайд ООО | N30,,,,unresolved,unresolved_catalog,unresolved_catalog,method_changed,0,empty
86,ТАДАЛАФИЛ-АЛИУМ 20мг N8 таб. покрытые пленочной оболочкой Алиум АО | Алиум АО | Алиум АО | N8,Тадалафил,Тадалафил,enrichment,enrichment,unresolved_catalog,resolved_enrichment,sources_rejected_same_final,3,empty
88,ГЕСПЕРИДИН+ДИОСМИН 100мг+900мг N30 таб. покрытые пленочной оболочкой Алиум АО | Алиум АО | Алиум АО | N30,Албендазол,,catalog_consensus,unresolved,resolved_catalog,unresolved_catalog,catalog_accept_removed,2,weak_explicit_soft_signal_only
92,ДИНАМИКО ЛОНГ 20мг N8 таб. покрытые пленочной оболочкой Тева Фармацевтические Предприятия Лтд | Тева Фармацевтические Предприятия Лтд. | Тева Фармацевтические Предприятия Лтд. | N8,Тадалафил,,catalog_consensus,unresolved,resolved_catalog,unresolved_catalog,catalog_accept_removed,2,single_source
249,ОСТЕОМЕД таб. N60 Парафарм | Парафарм ООО | Парафарм ООО | N60,,,,unresolved,unresolved_catalog,unresolved_catalog,method_changed,0,empty
354,"ЭХИНАЦЕИ ПУРПУРНОЙ ТРАВА 1,5Г Ф/П №20 ИВАН ЧАЙ | ИВАН-ЧАЙ ЗАО | ИВАН-ЧАЙ ЗАО",Эхинацеи пурпурной трава,Эхинацеи пурпурной трава,enrichment,enrichment,unresolved_catalog,resolved_enrichment,sources_rejected_same_final,2,empty
456,"ЭТОРИАКС ТАБЛ. П/ПЛЕН/ОБ. 60МГ №14 | КРКА, Д.Д., НОВО МЕСТО АО | КРКА, Д.Д., НОВО МЕСТО АО",Эторикоксиб,,catalog_consensus,unresolved,resolved_catalog,unresolved_catalog,catalog_accept_removed,2,single_source
486,ЭСЦИТАЛОПРАМ КАНОН ТАБЛ. П/ПЛЕН/ОБ. 20МГ №28 | КАНОНФАРМА ПРОДАКШН ЗАО | КАНОНФАРМА ПРОДАКШН ЗАО,Эсциталопрам,,catalog_consensus,unresolved,resolved_catalog,unresolved_catalog,catalog_accept_removed,0,single_source
777,ЭНАЛАПРИЛ АЛЬФАКТИВ ТАБЛ. 20МГ №20 | ОЗОН ФАРМ ООО | ОЗОН ФАРМ ООО,Эналаприл,Эналаприл,catalog_consensus,input_explicit_mnn,resolved_catalog,resolved_input_explicit,catalog_accept_removed,2,empty
844,ЭЛЬКАР Р-Р Д/ПРИЕМА ВНУТРЬ 300МГ/МЛ ФЛ. 25МЛ | ///ПИК-ФАРМА ЛЕК | ///ПИК-ФАРМА ЛЕК,Левокарнитин,,catalog_consensus,unresolved,resolved_catalog,unresolved_catalog,catalog_accept_removed,2,single_source
884,"ЭЛИЦЕЯ КУ-ТАБ ТАБЛ. ДИСПЕРГ. В ПОЛОСТИ РТА 10МГ №56 | КРКА, Д.Д., НОВО МЕСТО АО | КРКА, Д.Д., НОВО МЕСТО АО",Эсциталопрам,,catalog_consensus,unresolved,resolved_catalog,unresolved_catalog,catalog_accept_removed,0,single_source
1053,"ЭКЗОРОЛФИНЛАК ЛАК Д/НОГТЕЙ 5% ФЛ. 2,5МЛ | ПАУЛЬ В. БЕЙФЕРС ГМБХ | ПАУЛЬ В. БЕЙФЕРС ГМБХ",Аморолфин,,catalog_consensus,unresolved,resolved_catalog,unresolved_catalog,catalog_accept_removed,1,empty
1217,"ЭВКАЛИПТА ПРУТОВИДНОГО ЛИСТЬЯ Ф/П 1,5Г №20 ЗДОРОВЬЕ | ЗДОРОВЬЕ ФИРМА ООО | ЗДОРОВЬЕ ФИРМА ООО",Эвкалипта прутовидного листья,Эвкалипта прутовидного листья,enrichment,enrichment,unresolved_catalog,resolved_enrichment,sources_rejected_same_final,2,empty
1638,ЧЕРЕДЫ ТРАВА 50Г ЗДОРОВЬЕ | ЗДОРОВЬЕ ФИРМА ООО | ЗДОРОВЬЕ ФИРМА ООО,Череды трехраздельной трава,Череды трехраздельной трава,enrichment,enrichment,unresolved_catalog,resolved_enrichment,sources_rejected_same_final,3,empty
1668,"ЧАБРЕЦА ТРАВА Ф/П 1,5Г №20 ЗДОРОВЬЕ | Здоровье фирма ЗАО | Здоровье фирма ЗАО",Тимьяна ползучего трава,Тимьяна ползучего трава,enrichment,enrichment,unresolved_catalog,resolved_enrichment,sources_rejected_same_final,2,empty
1765,ЦИПРОТЕРОН-ТЕВА ТАБЛ. 50МГ №50 | ТЕВА ЧЕШСКИЕ ПРЕДПРИЯТИЯ С.Р.О. | ТЕВА ЧЕШСКИЕ ПРЕДПРИЯТИЯ С.Р.О.,Ципротерон,,catalog_consensus,unresolved,resolved_catalog,unresolved_catalog,catalog_accept_removed,0,single_source
2023,ЦЕЛЕКОКСИБ-ТЕВА КАПС. 200МГ №30 | УОТСОН ФАРМА ПРАЙВЭТ ЛИМИТЕД | УОТСОН ФАРМА ПРАЙВЭТ ЛИМИТЕД,Целекоксиб,,catalog_consensus,unresolved,resolved_catalog,unresolved_catalog,catalog_accept_removed,0,single_source
2348,ХИЛАК ФОРТЕ КАПЛИ Д/ПРИЕМА ВНУТРЬ ВИШНЯ ФЛ. 100МЛ | МЕРКЛЕ ГМБХ | МЕРКЛЕ ГМБХ,,,,unresolved,unresolved_catalog,unresolved_catalog,method_changed,1,single_source
2621,ФУРАЦИЛИН ТАБЛ. Д/Р-РА Д/МЕСТН. И НАРУЖ. ПРИМ. 20МГ №20 ТАТХИМФАРМПРЕПАРАТЫ | ТАТХИМФАРМПРЕПАРАТЫ АО | ТАТХИМФАРМПРЕПАРАТЫ АО,Нитрофурал,Нитрофурал,enrichment,enrichment,unresolved_catalog,resolved_enrichment,sources_rejected_same_final,1,single_source
3027,ФЛУОКСЕТИН КАПС. 10МГ №20 ОЗОН | ОЗОН ООО | ОЗОН ООО,Флуоксетин,,catalog_consensus,unresolved,resolved_catalog,unresolved_catalog,catalog_accept_removed,1,single_source
3065,ФЛУКОНАЗОЛ-OBL КАПС. 150МГ №4 | ОБОЛЕНСКОЕ ФП АО | ОБОЛЕНСКОЕ ФП АО,Флуконазол,Флуконазол,catalog_consensus,catalog_consensus,resolved_catalog,resolved_catalog,unchanged,0,consensus
3556,"ФИЗИОТЕНЗ ТАБЛ. П/ПЛЕН/ОБ. 0,4МГ №28 ВЕРОФАРМ | ВЕРОФАРМ АО | ВЕРОФАРМ АО",Моксонидин,,catalog_consensus,unresolved,resolved_catalog,unresolved_catalog,catalog_accept_removed,2,single_source
3759,ФАСПИК ГРАН. Д/Р-РА Д/ПРИЕМА ВНУТРЬ АБРИКОС 400МГ ПАК. 3Г №12 | ЗАМБОН СВИТЦЕЛАНД ЛТД. | ЗАМБОН СВИТЦЕЛАНД ЛТД.,Ибупрофен,,catalog_consensus,unresolved,resolved_catalog,unresolved_catalog,catalog_accept_removed,0,single_source
3763,ФАРМГРУПП НАСТОЙКА 5 ТРАВ УСПОКОИТЕЛЬНАЯ ФЛ. 250МЛ | ФАРМГРУПП ООО | ФАРМГРУПП ООО,,,,unresolved,unresolved_catalog,unresolved_catalog,method_changed,3,empty
3781,ФАРИНГОСЕПТ ТАБЛ. Д/РАССАС. МЕД-ЛИМОН 10МГ №20 | C.К. ТЕРАПИЯ С.А. | C.К. ТЕРАПИЯ С.А.,Амбазон,,catalog_consensus,unresolved,resolved_catalog,unresolved_catalog,catalog_accept_removed,2,single_source
4133,УЛЬЦЕРНИЛ ТАБЛ. КИШ/РАСТ. П/ПЛЕН/ОБ. 20МГ №28 | САН ФАРМАСЬЮТИКАЛ ИНДАСТРИЗ ЛТД | САН ФАРМАСЬЮТИКАЛ ИНДАСТРИЗ ЛТД,Рабепразол,,catalog_consensus,unresolved,resolved_catalog,unresolved_catalog,catalog_accept_removed,0,single_source
4403,ТРИМЕТАЗИДИН-АКОС МВ 35МГ ТАБЛ. МОДИФ. ВЫСВ. П/О №60 | БИОКОМ ЗАО | БИОКОМ ЗАО,Триметазидин,,catalog_consensus,unresolved,resolved_catalog,unresolved_catalog,catalog_accept_removed,2,single_source
4481,ТРАНЕКСАМОВАЯ КИСЛОТА ТАБЛ. П/ПЛЕН/ОБ. 250МГ №30 МЭЗ | МОСКОВСКИЙ ЭНДОКРИННЫЙ ЗАВОД ФГУП | МОСКОВСКИЙ ЭНДОКРИННЫЙ ЗАВОД ФГУП,Транексамовая кислота,,catalog_consensus,unresolved,resolved_catalog,unresolved_catalog,catalog_accept_removed,1,single_source
4487,ТРАНЕКСАМОВАЯ КИСЛОТА Р-Р ДЛЯ В/В ВВЕД. 50МГ/МЛ АМП. 5МЛ №10 МЭЗ | МОСКОВСКИЙ ЭНДОКРИННЫЙ ЗАВОД ФГУП | МОСКОВСКИЙ ЭНДОКРИННЫЙ ЗАВОД ФГУП,Транексамовая кислота,,catalog_consensus,unresolved,resolved_catalog,unresolved_catalog,catalog_accept_removed,1,single_source
4570,ТОРАСЕМИД ТАБЛ. 5МГ №60 ПРАНАФАРМ | ПРАНАФАРМ ООО | ПРАНАФАРМ ООО,Торасемид,Торасемид,enrichment,input_plus_enrichment,unresolved_catalog,resolved_enrichment,method_changed,3,empty
4593,ТОРАСЕМИД ТАБЛ. 10МГ №20 ОЗОН | ОЗОН ООО | ОЗОН ООО,Торасемид,Торасемид,catalog_consensus,input_explicit_mnn,resolved_catalog,resolved_input_explicit,catalog_accept_removed,1,single_source
4602,ТОРАСЕМИД МЕДИСОРБ ТАБЛ. 5МГ №20 | Медисорб АО | Медисорб АО,Торасемид,Торасемид,enrichment,input_plus_enrichment,unresolved_catalog,resolved_enrichment,method_changed,4,empty
4684,ТОЛПЕРИЗОН ТАБЛ. П/ПЛЕН/ОБ. 150МГ №30 ОЗОН | ОЗОН ООО | ОЗОН ООО,Толперизон,Толперизон,catalog_consensus,input_explicit_mnn,resolved_catalog,resolved_input_explicit,catalog_accept_removed,1,single_source
4922,ТЕРМИКОН СПРЕЙ Д/НАРУЖ. ПРИМ. 1% ФЛ. 30Г | ФАРМСТАНДАРТ-ЛЕКСРЕДСТВА ОАО | ФАРМСТАНДАРТ-ЛЕКСРЕДСТВА ОАО,Тербинафин,,catalog_consensus,unresolved,resolved_catalog,unresolved_catalog,catalog_accept_removed,3,empty
4924,ТЕРМИКОН КРЕМ Д/НАРУЖ. ПРИМ. 1% ТУБА 15Г | ЛЕККО ЗАО | ЛЕККО ЗАО,Тербинафин,,catalog_consensus,unresolved,resolved_catalog,unresolved_catalog,catalog_accept_removed,3,empty
5010,ТЕРАФЛЕКС КАПС. 500МГ+400МГ №200 МАКИЗ-ФАРМА | МАКИЗ-ФАРМА | МАКИЗ-ФАРМА,"Глюкозамин, Хондроитин сульфат, Хондроитина сульфат",,catalog_consensus,unresolved,resolved_catalog,unresolved_catalog,catalog_accept_removed,2,empty
5258,"ТАМСУЛОЗИН КАНОН КАПС. КИШ/РАСТ. ПРОЛОНГ. ВЫСВ. 0,4МГ №30 | КАНОНФАРМА ПРОДАКШН ЗАО | КАНОНФАРМА ПРОДАКШН ЗАО",Тамсулозин,,catalog_consensus,unresolved,resolved_catalog,unresolved_catalog,catalog_accept_removed,2,single_source
5267,ТАМОКСИФЕН ТАБЛ. 20МГ №30 ОЗОН | ОЗОН ООО | ОЗОН ООО,Тамоксифен,Тамоксифен,enrichment,input_plus_enrichment,unresolved_catalog,resolved_enrichment,method_changed,4,empty
5270,ТАМИФЛЮ КАПС. 75МГ №10 | ДЕЛФАРМ МИЛАНО С.Р.Л./Ф.ХОФФМАНН-ЛЯ РОШ ЛТД/СЕНЕКСИ С.А.С. | ДЕЛФАРМ МИЛАНО С.Р.Л./Ф.ХОФФМАНН-ЛЯ РОШ ЛТД/СЕНЕКСИ С.А.С.,Осельтамивир,,catalog_consensus,unresolved,resolved_catalog,unresolved_catalog,catalog_accept_removed,1,single_source
5287,"ТАДАЛАФИЛ-ТЕВА ТАБЛ. П/ПЛЕН/ОБ. 20МГ №8 | ТЕВА ФАРМА, С.Л.У. | ТЕВА ФАРМА, С.Л.У.",Тадалафил,Тадалафил,enrichment,enrichment,unresolved_catalog,resolved_enrichment,sources_rejected_same_final,3,single_source
5322,"ТАВОЛГА ВЯЗОЛИСТНАЯ (ЛАБАЗНИК) ТРАВА Ф/П 1,5Г №20 ХЕРБЕС | ХЕРБЕС ООО | ХЕРБЕС ООО",,,,unresolved,unresolved_catalog,unresolved_catalog,method_changed,2,empty
5634,СТРЕПТОЦИД ПОР. Д/НАРУЖ. ПРИМ. 2Г ПАК. №50 ОЗОН | ОЗОН ООО | ОЗОН ООО,Сульфаниламид,,catalog_consensus,unresolved,resolved_catalog,unresolved_catalog,catalog_accept_removed,0,single_source
5729,СТОМАТОФИТ ФРЕШ ОПОЛАСКИВАТЕЛЬ ДЛЯ ПОЛОСТИ РТА ФЛ. 250МЛ | Фитофарм кленка АО | Фитофарм кленка АО,"Ромашки Аптечной Цветки, Дуба Кора, Шалфея Лекарственного Листья, Арники Трава, Аира Обыкновенного Корневища, Мяты Перечной Трава, Тимьяна Трава","Ромашки Аптечной Цветки, Дуба Кора, Шалфея Лекарственного Листья, Арники Трава, Аира Обыкновенного Корневища, Мяты Перечной Трава, Тимьяна Трава",enrichment,enrichment,unresolved_catalog,resolved_enrichment,sources_rejected_same_final,1,empty
5736,СТИМУЛОТОН ТАБЛ. П/ПЛЕН/ОБ. 100МГ №28 | ЭГИС ФАРМАЦЕВТИЧЕСКИЙ ЗАВОД ЗАО | ЭГИС ФАРМАЦЕВТИЧЕСКИЙ ЗАВОД ЗАО,Сертралин,,catalog_consensus,unresolved,resolved_catalog,unresolved_catalog,catalog_accept_removed,2,single_source
6506,СИРОП ШИПОВНИКА ФЛ. 250МЛ МИРРОЛЛА | МИРРОЛЛА ООО | МИРРОЛЛА ООО,,,,unresolved,unresolved_catalog,unresolved_catalog,method_changed,2,empty
6592,СИНЕКОД КАПЛИ Д/ПРИЕМА ВНУТРЬ ДЛЯ ДЕТЕЙ 5МГ/МЛ ФЛ. 20МЛ | ГКС КОНСЬЮМЕР ХЕЛС С.А. | ГКС КОНСЬЮМЕР ХЕЛС С.А.,Бутамират,,catalog_consensus,unresolved,resolved_catalog,unresolved_catalog,catalog_accept_removed,2,single_source
6593,СИНДРАНОЛ ТАБЛ. ПРОЛОНГ. П/ПЛЕН/ОБ. 8МГ №28 | ЭГИС ФАРМАЦЕВТИЧЕСКИЙ ЗАВОД АО/ФАРМАТЕН ИНТЕРНЕШНЛ С.А. | ЭГИС ФАРМАЦЕВТИЧЕСКИЙ ЗАВОД АО/ФАРМАТЕН ИНТЕРНЕШНЛ С.А.,Ропинирол,Ропинирол,enrichment,enrichment,unresolved_catalog,resolved_enrichment,unchanged,0,single_source
6743,СИЛДЕНАФИЛ ТАБЛ. П/ПЛЕН/ОБ. 100МГ №10 ОЗОН | ОЗОН ООО | ОЗОН ООО,Силденафил,,catalog_consensus,unresolved,resolved_catalog,unresolved_catalog,catalog_accept_removed,1,single_source
7275,САНОВАСК ТАБЛ. П/КИШ/РАСТ/ПЛЕН/ОБ. 50МГ №30 | ИРБИТСКИЙ ХИМЗАВОД ОАО | ИРБИТСКИЙ ХИМЗАВОД ОАО,Ацетилсалициловая кислота,,catalog_consensus,unresolved,resolved_catalog,unresolved_catalog,catalog_accept_removed,2,single_source
7625,РОСИНСУЛИН С МЕДСИНТЕЗ СУСП. ДЛЯ П/К ВВЕД. 100МЕ/МЛ КАРТРИДЖ 3МЛ №5 | ЗАВОД МЕДСИНТЕЗ ООО | ЗАВОД МЕДСИНТЕЗ ООО,Инсулин человеческий,Инсулин человеческий,enrichment,enrichment,unresolved_catalog,resolved_enrichment,sources_rejected_same_final,2,single_source
7651,РОМАШКИ АПТЕЧНОЙ ЦВЕТКИ 50Г ХЕРБЕС | ХЕРБЕС ООО | ХЕРБЕС ООО,Ромашки аптечной цветки,Ромашки аптечной цветки,enrichment,enrichment,unresolved_catalog,resolved_enrichment,sources_rejected_same_final,1,empty
7803,РОЗУВАСТАТИН-ТАД ТАБЛ. П/ПЛЕН/ОБ. 20МГ №30 | Крка-Рус ООО | Крка-Рус ООО,Розувастатин,Розувастатин,catalog_consensus,input_explicit_mnn,resolved_catalog,resolved_input_explicit,catalog_accept_removed,2,single_source
7807,РОЗУВАСТАТИН ТАБЛ. П/ПЛЕН/ОБ. 5МГ №30 ПРАНАФАРМ | ПРАНАФАРМ ООО | ПРАНАФАРМ ООО,Розувастатин,Розувастатин,enrichment,input_plus_enrichment,unresolved_catalog,resolved_enrichment,method_changed,3,empty
7816,РОЗУВАСТАТИН ТАБЛ. П/ПЛЕН/ОБ. 20МГ №90 ОЗОН | ОЗОН ООО | ОЗОН ООО,Розувастатин,Розувастатин,enrichment,input_plus_enrichment,unresolved_catalog,resolved_enrichment,method_changed,3,single_source
7858,РОЗУВАСТАТИН РЕНЕВАЛ ТАБЛ. П/ПЛЕН/ОБ. 10МГ №30 | ОБНОВЛЕНИЕ ПФК АО | ОБНОВЛЕНИЕ ПФК АО,Розувастатин,Розувастатин,enrichment,input_plus_enrichment,unresolved_catalog,resolved_enrichment,method_changed,3,empty
8055,РИМАСОПТ ВМ КАПЛИ ГЛАЗНЫЕ 2МГ/МЛ+5МГ/МЛ ФЛ. 5МЛ №1 | Уорлд медицин илач сан. ве тидж. Аш | Уорлд медицин илач сан. ве тидж. Аш,"Бримонидин, Тимолол","Бримонидин, Тимолол",enrichment,enrichment,unresolved_catalog,resolved_enrichment,unchanged,0,empty
8201,РЕПЕШОК ОБЫКНОВЕННЫЙ ТРАВА 50Г ЭВАЛАР | ЭВАЛАР ЗАО | ЭВАЛАР ЗАО,,,,unresolved,unresolved_catalog,unresolved_catalog,method_changed,3,empty
8374,РЕДЕЦИЛ МАЗЬ Д/НАРУЖ. ПРИМ. ТУБА 35Г | РЕТИНОИДЫ АО | РЕТИНОИДЫ АО,"Диоксометилтетрагидропиримидин, Ретинол",,catalog_consensus,unresolved,resolved_catalog,unresolved_catalog,catalog_accept_removed,0,single_source
8414,РЕБАМИПИД ТАБЛ. П/ПЛЕН/ОБ. 100МГ №90 | ОБНИНСКАЯ ХИМИКО-ФАРМАЦЕВТИЧЕСКАЯ КОМПАНИЯ | ОБНИНСКАЯ ХИМИКО-ФАРМАЦЕВТИЧЕСКАЯ КОМПАНИЯ,Ребамипид,,catalog_consensus,unresolved,resolved_catalog,unresolved_catalog,catalog_accept_removed,1,single_source
8566,РАБИЕТ КАПС. КИШ/РАСТ. 20МГ №14 АЛИУМ | АЛИУМ АО | АЛИУМ АО,Рабепразол,Рабепразол,enrichment,enrichment,unresolved_catalog,resolved_enrichment,sources_rejected_same_final,3,empty
8753,ПРОСТАНОРМ ЭКСТРАКТ Д/ПРИЕМА ВНУТРЬ ЖИДК. ФЛ. 100МЛ | ФАРМВИЛАР НПО ООО | ФАРМВИЛАР НПО ООО,,,,unresolved,unresolved_catalog,unresolved_catalog,method_changed,3,empty
8788,ПРОПИЦИЛ ТАБЛ. 50МГ №20 | ХАУПТ ФАРМА МЮНСТЕР ГМБХ | ХАУПТ ФАРМА МЮНСТЕР ГМБХ,Пропилтиоурацил,,catalog_consensus,unresolved,resolved_catalog,unresolved_catalog,catalog_accept_removed,0,single_source
9096,"ПРЕДНИЗОЛОН МАЗЬ Д/НАРУЖ. ПРИМ. 0,5% ТУБА 15Г БИОСИНТЕЗ | БИОСИНТЕЗ ПАО | БИОСИНТЕЗ ПАО",Преднизолон,Преднизолон,enrichment,input_plus_enrichment,unresolved_catalog,resolved_enrichment,method_changed,4,empty
9197,ПОМОГУША СИРОП ДЕТСКИЙ ДЛЯ ДЕТЕЙ С 3-Х ЛЕТ ПРОТИВОПРОСТУДНЫЙ 100МЛ | ЮГ ООО | ЮГ ООО,,,,unresolved,unresolved_catalog,unresolved_catalog,method_changed,2,empty
9301,ПОЛЫНИ ГОРЬКОЙ ТРАВА 50Г ФИТОФАРМ | ФИТОФАРМ ООО | ФИТОФАРМ ООО,Полыни горькой трава,Полыни горькой трава,enrichment,enrichment,unresolved_catalog,resolved_enrichment,unchanged,0,empty
9306,ПОЛИФЕПАН ПОР. Д/ПРИЕМА ВНУТРЬ ПАК. 10Г №10 | ВОСТОК ООО | ВОСТОК ООО,Лигнин гидролизный,Лигнин гидролизный,enrichment,enrichment,unresolved_catalog,resolved_enrichment,unchanged,0,empty
9511,ПИОНА НАСТОЙКА РЕНЕВАЛ ФЛ. 25МЛ | ОБНОВЛЕНИЕ ПФК АО | ОБНОВЛЕНИЕ ПФК АО,"Пиона уклоняющегося травы, корневищ и корней настойка","Пиона уклоняющегося травы, корневищ и корней настойка",enrichment,enrichment,unresolved_catalog,resolved_enrichment,sources_rejected_same_final,3,empty
9539,"ПИКОДИНАР КАПЛИ Д/ПРИЕМА ВНУТРЬ 7,5МГ/МЛ ФЛ. 15МЛ | ГРОТЕКС ООО | ГРОТЕКС ООО",Натрия пикосульфат,,catalog_consensus,unresolved,resolved_catalog,unresolved_catalog,catalog_accept_removed,2,single_source
9941,ПАРОДОНТОЦИД ОПОЛАСКИВАТЕЛЬ ДЛЯ ПОЛОСТИ РТА 250МЛ | МОСКОВСКАЯ ФФ | МОСКОВСКАЯ ФФ,,,,unresolved,unresolved_catalog,unresolved_catalog,method_changed,0,empty
9993,ПАРАЦЕТАМОЛ ТАБЛ. 500МГ №10 ОЗОН | ОЗОН ООО | ОЗОН ООО,Парацетамол,Парацетамол,enrichment,input_plus_enrichment,unresolved_catalog,resolved_enrichment,method_changed,0,single_source
9996,ПАРАЦЕТАМОЛ СУСП. Д/ПРИЕМА ВНУТРЬ ДЛЯ ДЕТЕЙ 120МГ/5МЛ ФЛ. 100МЛ СИНТЕЗ | СИНТЕЗ | СИНТЕЗ,Парацетамол,Парацетамол,enrichment,input_plus_enrichment,unresolved_catalog,resolved_enrichment,method_changed,0,empty
10005,ПАРАЦЕТАМОЛ РЕНЕВАЛ ТАБЛ. 500МГ №20 | ОБНОВЛЕНИЕ ПФК АО | ОБНОВЛЕНИЕ ПФК АО,Парацетамол,Парацетамол,enrichment,input_plus_enrichment,unresolved_catalog,resolved_enrichment,method_changed,4,empty
10009,ПАРАЦЕТАМОЛ ДЕТСКИЙ СУСП. Д/ПРИЕМА ВНУТРЬ МАЛИНА 120МГ/5МЛ ФЛ. 100Г ФАРМСТАНДАРТ | ФАРМСТАНДАРТ-ЛЕКСРЕДСТВА ОАО | ФАРМСТАНДАРТ-ЛЕКСРЕДСТВА ОАО,Парацетамол,Парацетамол,enrichment,input_plus_enrichment,unresolved_catalog,resolved_enrichment,method_changed,0,empty
10046,ПАПАВЕРИН ТАБЛ. 40МГ №10 ИРБИТСКИЙ ХФЗ | ИРБИТСКИЙ ХИМЗАВОД ОАО | ИРБИТСКИЙ ХИМЗАВОД ОАО,Папаверин,,catalog_consensus,unresolved,resolved_catalog,unresolved_catalog,catalog_accept_removed,2,single_source
10097,ПАНТОКАЛЬЦИН ТАБЛ. 500МГ №50 | ВАЛЕНТА ФАРМ АО | ВАЛЕНТА ФАРМ АО,Гопантеновая кислота,Гопантеновая кислота,enrichment,enrichment,unresolved_catalog,resolved_enrichment,sources_rejected_same_final,2,empty
10121,ПАНТЕНОЛ-ТЕВА МАЗЬ Д/НАРУЖ. ПРИМ. 5% ТУБА 35Г | МЕРКЛЕ ГМБХ | МЕРКЛЕ ГМБХ,Декспантенол,,catalog_consensus,unresolved,resolved_catalog,unresolved_catalog,catalog_accept_removed,3,empty
10283,"ОТРИВИН КОМПЛЕКС СПРЕЙ НАЗ. 0,6МГ/МЛ + 0,5МГ/МЛ (84МКГ/ДОЗА+70МКГ/ДОЗА) ФЛ. 10МЛ | ГКС КОНСЬЮМЕР ХЕЛС С.А. | ГКС КОНСЬЮМЕР ХЕЛС С.А.",Ксилометазолин,,catalog_consensus,unresolved,resolved_catalog,unresolved_catalog,catalog_accept_removed,2,empty
10536,ОМЕПРАЗОЛ-ОBL КАПС. КИШ/РАСТ. 20МГ №28 | ОБОЛЕНСКОЕ ФП АО | ОБОЛЕНСКОЕ ФП АО,Омепразол,Омепразол,catalog_consensus,input_explicit_mnn,resolved_catalog,resolved_input_explicit,catalog_accept_removed,2,single_source
11142,НУРОФАСТ ТАБЛ. П/ПЛЕН/ОБ. 200МГ №20 | АЛИУМ АО | АЛИУМ АО,Ибупрофен,,catalog_consensus,unresolved,resolved_catalog,unresolved_catalog,catalog_accept_removed,2,single_source
11173,НО-ШПА ДУО ТАБЛ. 40МГ+500МГ №12 | ХИНОИН ЗАВОД ФАРМАЦЕВТИЧЕСКИХ И ХИМИЧЕСКИХ ПРОДУКТОВ ЗАО/ОПЕЛЛА ХЕЛСКЕА ВЕНГРИЯ ЛТД | ХИНОИН ЗАВОД ФАРМАЦЕВТИЧЕСКИХ И ХИМИЧЕСКИХ ПРОДУКТОВ ЗАО/ОПЕЛЛА ХЕЛСКЕА ВЕНГРИЯ ЛТД,"Парацетамол, Дротаверин",,catalog_consensus,unresolved,resolved_catalog,unresolved_catalog,catalog_accept_removed,2,empty
11272,НООТРОП КАПС. №48 | ВИС ООО | ВИС ООО,,,,unresolved,unresolved_catalog,unresolved_catalog,method_changed,0,empty
11277,НООКЛЕРИН Р-Р Д/ПРИЕМА ВНУТРЬ 200МГ/МЛ ФЛ. 100МЛ | ЭКОХИМ-ИННОВАЦИИ ООО | ЭКОХИМ-ИННОВАЦИИ ООО,Деанола ацеглумат,,catalog_consensus,unresolved,resolved_catalog,unresolved_catalog,catalog_accept_removed,2,empty
11292,"НОЛЬПАЗА ТАБЛ. КИШ/РАСТ. П/ПЛЕН/ОБ. 20МГ №28 | КРКА Д.Д., НОВО МЕСТО АО/КРКА-РУС ООО | КРКА Д.Д., НОВО МЕСТО АО/КРКА-РУС ООО",Пантопразол,,catalog_consensus,unresolved,resolved_catalog,unresolved_catalog,catalog_accept_removed,2,single_source
11293,"НОЛЬПАЗА ТАБЛ. КИШ/РАСТ. П/ПЛЕН/ОБ. 20МГ №14 | КРКА Д.Д., НОВО МЕСТО АО/КРКА-РУС ООО | КРКА Д.Д., НОВО МЕСТО АО/КРКА-РУС ООО",Пантопразол,,catalog_consensus,unresolved,resolved_catalog,unresolved_catalog,catalog_accept_removed,2,single_source
11667,"НИКОРЕТТЕ СПРЕЙ Д/СЛИЗИСТ. ОБОЛОЧ. ПОЛОСТИ РТА ДОЗИР. ФРУКТОВО-МЯТНЫЙ 1МГ/ДОЗА ФЛ. 13,2МЛ 150ДОЗ №2 | МАКНИЛ АБ | МАКНИЛ АБ",Никотин,,catalog_consensus,unresolved,resolved_catalog,unresolved_catalog,catalog_accept_removed,2,single_source
12389,"МЯТЫ ПЕРЕЧНОЙ ЛИСТЬЯ Ф/П 1,5Г №20 ЗДОРОВЬЕ | ЗДОРОВЬЕ ФИРМА ООО | ЗДОРОВЬЕ ФИРМА ООО",,,,unresolved,unresolved_catalog,unresolved_catalog,method_changed,2,empty
12495,МУКОСАТ МАЗЬ Д/НАРУЖ. ПРИМ. 5% ТУБА 30Г | ЗЕЛЕНАЯ ДУБРАВА ЗАО | ЗЕЛЕНАЯ ДУБРАВА ЗАО,Хондроитина Сульфат Натрия,Хондроитина Сульфат Натрия,enrichment,enrichment,unresolved_catalog,resolved_enrichment,sources_rejected_same_final,3,empty
13125,МИКРОГИНОН ТАБЛ. П/О 150МКГ+30МКГ №21 | ДЕЛЬФАРМ ЛИЛЛЬ С.А.С | ДЕЛЬФАРМ ЛИЛЛЬ С.А.С,"Этинилэстрадиол, Левоноргестрел",,catalog_consensus,unresolved,resolved_catalog,unresolved_catalog,catalog_accept_removed,2,empty
13533,МЕЛЬДОНИЙ КАПС. 500МГ №60 ФАРМСТАНДАРТ | ФАРМСТАНДАРТ-ЛЕКСРЕДСТВА ОАО | ФАРМСТАНДАРТ-ЛЕКСРЕДСТВА ОАО,Мельдоний,Мельдоний,enrichment,input_plus_enrichment,unresolved_catalog,resolved_enrichment,method_changed,3,single_source
13616,"МЕЛИССЫ ЛЕКАРСТВЕННОЙ ТРАВА Ф/П 1,5Г №20 ЗДОРОВЬЕ | ЗДОРОВЬЕ ФИРМА ООО | ЗДОРОВЬЕ ФИРМА ООО",Melissae officinalis herba,Melissae officinalis herba,enrichment,enrichment,unresolved_catalog,resolved_enrichment,sources_rejected_same_final,2,empty
13645,МЕКСИПРИМ ТАБЛ. П/ПЛЕН/ОБ. 125МГ №60 | ОБНИНСКАЯ ХИМИКО-ФАРМАЦЕВТИЧЕСКАЯ КОМПАНИЯ | ОБНИНСКАЯ ХИМИКО-ФАРМАЦЕВТИЧЕСКАЯ КОМПАНИЯ,Этилметилгидроксипиридина сукцинат,,catalog_consensus,unresolved,resolved_catalog,unresolved_catalog,catalog_accept_removed,2,single_source
14164,"МАКСИКОЛД ЛОР ТАБС ДВОЙНОЕ ДЕЙСТВИЕ ТАБЛ. Д/РАССАС. 8,75МГ+1МГ №20 | ФАРМСТАНДАРТ-ЛЕКСРЕДСТВА / ОТИСИФАРМ ПРО | ФАРМСТАНДАРТ-ЛЕКСРЕДСТВА / ОТИСИФАРМ ПРО",Гексэтидин,,catalog_consensus,unresolved,resolved_catalog,unresolved_catalog,catalog_accept_removed,2,empty
14593,ЛОРНОКСЕФ ТАБЛ. П/ПЛЕН/ОБ. 8МГ №10 | ФАРМПРОЕКТ АО | ФАРМПРОЕКТ АО,Лорноксикам,,catalog_consensus,unresolved,resolved_catalog,unresolved_catalog,catalog_accept_removed,2,single_source
14679,ЛОПЕРАМИД ТАБЛ. 2МГ №30 ОЗОН | ОЗОН ООО | ОЗОН ООО,Лоперамид,,catalog_consensus,unresolved,resolved_catalog,unresolved_catalog,catalog_accept_removed,1,single_source
14719,"ЛОКОИД КРЕЛО ЭМУЛЬСИЯ Д/НАРУЖ. ПРИМ. 0,1% ФЛ. 30Г | ТЕММЛЕР ИТАЛИА С.Р.Л | ТЕММЛЕР ИТАЛИА С.Р.Л",Гидрокортизон,,catalog_consensus,unresolved,resolved_catalog,unresolved_catalog,catalog_accept_removed,3,empty
14758,"ЛОЗАРТАН Н ТАБЛ. П/ПЛЕН/ОБ. 12,5МГ+100МГ №30 ОЗОН | ОЗОН ООО | ОЗОН ООО","Гидрохлоротиазид, Лозартан",,catalog_consensus,unresolved,resolved_catalog,unresolved_catalog,catalog_accept_removed,2,empty
14780,ЛОЗАРТАН-ВЕРТЕКС ТАБЛ. П/ПЛЕН/ОБ. 25МГ №30 | ВЕРТЕКС АО | ВЕРТЕКС АО,Лозартан,,catalog_consensus,unresolved,resolved_catalog,unresolved_catalog,catalog_accept_removed,2,single_source
15062,ЛИЗИНОПРИЛ-ТЕВА ТАБЛ. 10МГ №30 Р-ФАРМ | Р-ФАРМ НОВОСЕЛКИ ООО | Р-ФАРМ НОВОСЕЛКИ ООО,Лизиноприл,Лизиноприл,catalog_consensus,input_explicit_mnn,resolved_catalog,resolved_input_explicit,catalog_accept_removed,2,single_source
15070,ЛИЗИНОПРИЛ ТАБЛ. 5МГ №30 БИОХИМИК | БИОХИМИК АО | БИОХИМИК АО,Лизиноприл,Лизиноприл,enrichment,input_plus_enrichment,unresolved_catalog,resolved_enrichment,method_changed,2,empty
15076,ЛИЗИНОПРИЛ ТАБЛ. 20МГ №20 ПРАНАФАРМ | ПРАНАФАРМ ООО | ПРАНАФАРМ ООО,Лизиноприл,Лизиноприл,enrichment,input_plus_enrichment,unresolved_catalog,resolved_enrichment,method_changed,3,empty
15150,ЛИДОКАИН БУФУС Р-Р Д/ИН. 100МГ/МЛ АМП. 2МЛ №10 ОБНОВЛЕНИЕ | ОБНОВЛЕНИЕ ПФК АО | ОБНОВЛЕНИЕ ПФК АО,"Лидокаин, Толперизон",Лидокаин,catalog_consensus,input_explicit_mnn,resolved_catalog,resolved_input_explicit,catalog_accept_removed,1,single_source
16485,КРУШИНЫ КОРА Ф/П 2Г №20 ФИТО-БОТ | ФИТО-БОТ ФИРМА ООО | ФИТО-БОТ ФИРМА ООО,Крушины ольховидной кора,Крушины ольховидной кора,enrichment,enrichment,unresolved_catalog,resolved_enrichment,sources_rejected_same_final,2,empty
16623,КОФЕИН-БЕНЗОАТ НАТРИЯ ТАБЛ. 100МГ №10 ТАТХИМФАРМПРЕПАРАТЫ | ТАТХИМФАРМПРЕПАРАТЫ АО | ТАТХИМФАРМПРЕПАРАТЫ АО,Кофеин,,catalog_consensus,unresolved,resolved_catalog,unresolved_catalog,catalog_accept_removed,2,single_source
17516,КЛАРИТРОМИЦИН-OBL ТАБЛ. П/ПЛЕН/ОБ. 500МГ №7 АЛИУМ | АЛИУМ АО | АЛИУМ АО,Кларитромицин,Кларитромицин,enrichment,enrichment,unresolved_catalog,resolved_enrichment,unchanged,0,single_source
17666,КЕТОПРОФЕН-АКОС ГЕЛЬ Д/НАРУЖ. ПРИМ. 5% ТУБА 30Г | СИНТЕЗ | СИНТЕЗ,Кетопрофен,,catalog_consensus,unresolved,resolved_catalog,unresolved_catalog,catalog_accept_removed,2,empty
17884,КАРДИОЛИП ТАБЛ. П/ПЛЕН/ОБ. 10МГ №90 | АЛСИ ФАРМА ЗАО | АЛСИ ФАРМА ЗАО,Розувастатин,,catalog_consensus,unresolved,resolved_catalog,unresolved_catalog,catalog_accept_removed,2,single_source
17886,КАРДИОЛИП ТАБЛ. П/ПЛЕН/ОБ. 10МГ №30 | АЛСИ ФАРМА ЗАО | АЛСИ ФАРМА ЗАО,Розувастатин,,catalog_consensus,unresolved,resolved_catalog,unresolved_catalog,catalog_accept_removed,2,single_source
18125,КАНДЕСАРТАН ТАБЛ. 16МГ №28 БЕРЕЗОВСКИЙ ФЗ | БЕРЕЗОВСКИЙ ФЗ | БЕРЕЗОВСКИЙ ФЗ,Кандесартан,Кандесартан,enrichment,enrichment,unresolved_catalog,resolved_enrichment,sources_rejected_same_final,1,single_source
18179,КАЛЬЦИЯ ГЛЮКОНАТ ЭКО ТАБЛ. ПО 500МГ №10 | ЭКОТЕКС ООО | ЭКОТЕКС ООО,,,,unresolved,unresolved_catalog,unresolved_catalog,method_changed,0,empty
18306,КАЛЕНДУЛЫ НАСТОЙКА ФЛ. 25МЛ ИВАНОВСКАЯ ФФ | ИВАНОВСКАЯ ФФ | ИВАНОВСКАЯ ФФ,Календулы лекарственной цветков настойка,Календулы лекарственной цветков настойка,enrichment,enrichment,unresolved_catalog,resolved_enrichment,sources_rejected_same_final,1,empty
18377,ЙОД Р-Р Д/НАРУЖ. ПРИМ. СПИРТ. 5% ФЛ. 25МЛ ГИППОКРАТ | ГИППОКРАТ | ГИППОКРАТ,Йод,Йод,enrichment,enrichment,unresolved_catalog,resolved_enrichment,sources_rejected_same_final,2,single_source
18400,ЙОДИНОЛ Р-Р Д/МЕСТН. И НАРУЖ. ПРИМ. ФЛ. ПОЛИМЕР. 100МЛ САМАРАМЕДПРОМ | САМАРАМЕДПРОМ ОАО | САМАРАМЕДПРОМ ОАО,"Йод, Калия йодид, Поливиниловый спирт",,catalog_consensus,unresolved,resolved_catalog,unresolved_catalog,catalog_accept_removed,0,single_source
18418,ЙОВИДОКС МАЗЬ Д/НАРУЖ. ПРИМ. 10% ТУБА 20Г | Тульская фармацевтическая фабрика ООО | Тульская фармацевтическая фабрика ООО,Повидон-йод,Повидон-йод,enrichment,enrichment,unresolved_catalog,resolved_enrichment,sources_rejected_same_final,1,empty
18473,ИТОПРИД ВЕЛФАРМ ТАБЛ. П/ПЛЕН/ОБ. 50МГ №40 | ВЕЛФАРМ ООО | ВЕЛФАРМ ООО,Итоприд,Итоприд,enrichment,enrichment,unresolved_catalog,resolved_enrichment,sources_rejected_same_final,2,single_source
18830,ИЗЖОГАНЕТ АНТАЦИДНЫЙ КОМПЛЕКС СО ВКУСОМ МЯТЫ ТАБЛ. 600МГ №40 | ГРИН САЙД ООО | ГРИН САЙД ООО,,,,unresolved,unresolved_catalog,unresolved_catalog,method_changed,2,empty
18925,ИБУПРОФЕН ВЕЛФАРМ ТАБЛ. П/ПЛЕН/ОБ. 400МГ №30 УРАЛБИОФАРМ | УРАЛБИОФАРМ ОАО | УРАЛБИОФАРМ ОАО,Ибупрофен,Ибупрофен,enrichment,input_plus_enrichment,unresolved_catalog,resolved_enrichment,method_changed,4,empty
19198,ЗВЕРОБОЯ ТРАВА 50Г ФИТОФАРМ | ФИТОФАРМ ООО | ФИТОФАРМ ООО,,,,unresolved,unresolved_catalog,unresolved_catalog,method_changed,3,empty
19368,ДЮФАЛАК СИРОП 667МГ/МЛ ПАК. 15МЛ №10 | ЭББОТ БИОЛОДЖИКАЛЗ Б.В./ВЕРОФАРМ АО | ЭББОТ БИОЛОДЖИКАЛЗ Б.В./ВЕРОФАРМ АО,Лактулоза,,catalog_consensus,unresolved,resolved_catalog,unresolved_catalog,catalog_accept_removed,2,single_source
19370,ДЮСПАТАЛИН ТАБЛ. П/О 135МГ №15 ВЕРОФАРМ | ВЕРОФАРМ АО | ВЕРОФАРМ АО,"Мебеверин, Симетикон",,catalog_consensus,unresolved,resolved_catalog,unresolved_catalog,catalog_accept_removed,2,single_source
19875,ДОЛГИТБЛОК ГЕЛЬ Д/НАРУЖ. ПРИМ. 5%+3% ТУБА 20Г | ДОЛОРГИТ ГМБХ И КО.КГ | ДОЛОРГИТ ГМБХ И КО.КГ,"Ибупрофен, Левоментол",,catalog_consensus,unresolved,resolved_catalog,unresolved_catalog,catalog_accept_removed,3,empty
20027,ДОКСАЗОЗИН ТАБЛ. 2МГ №30 ОЗОН | ОЗОН ООО | ОЗОН ООО,Доксазозин,Доксазозин,enrichment,enrichment,unresolved_catalog,resolved_enrichment,sources_rejected_same_final,1,single_source
20122,ДИОСМИН ТАБЛ. П/ПЛЕН/ОБ. 600МГ №60 ОЗОН | ОЗОН ООО | ОЗОН ООО,Диосмин,Диосмин,catalog_consensus,input_explicit_mnn,resolved_catalog,resolved_input_explicit,catalog_accept_removed,2,single_source
20151,ДИОВЕНГЕС ТАБЛ. П/ПЛЕН/ОБ. 100МГ+900МГ №30 | ФАРМВИЛАР НПО ООО | ФАРМВИЛАР НПО ООО,"Диосмин, Гесперидин",,catalog_consensus,unresolved,resolved_catalog,unresolved_catalog,catalog_accept_removed,2,empty
20290,ДИКЛОФЕНАК-АКОС Р-Р ДЛЯ В/М ВВЕД. 25МГ/МЛ АМП. 3МЛ №5 | СИНТЕЗ | СИНТЕЗ,Диклофенак,,catalog_consensus,unresolved,resolved_catalog,unresolved_catalog,catalog_accept_removed,2,single_source
20291,"ДИКЛОФЕНАК-АКОС КАПЛИ ГЛАЗН. 0,1% ФЛ. 5МЛ | СИНТЕЗ | СИНТЕЗ",Диклофенак,,catalog_consensus,unresolved,resolved_catalog,unresolved_catalog,catalog_accept_removed,2,empty
20364,"ДИБАЗОЛ ТАБЛ. 0,02Г №10 МОСКОВСКАЯ ФФ | МОСКОВСКАЯ ФФ | МОСКОВСКАЯ ФФ",Бендазол,,catalog_consensus,unresolved,resolved_catalog,unresolved_catalog,catalog_accept_removed,1,single_source
20437,ДЖОЗАФЕН ТАБЛ. П/ПЛЕН/ОБ. 500МГ №10 | ФАРМСТАНДАРТ-ЛЕКСРЕДСТВА ОАО | ФАРМСТАНДАРТ-ЛЕКСРЕДСТВА ОАО,Джозамицин,,catalog_consensus,unresolved,resolved_catalog,unresolved_catalog,catalog_accept_removed,2,single_source
20469,ДЕТРАЛЕКС ТАБЛ. П/ПЛЕН/ОБ. 1000МГ №60 | СЕРВЬЕ РУС ООО | СЕРВЬЕ РУС ООО,"Очищенная микронизированная флавоноидная фракция (диосмин, Флавоноиды В Пересчете На Гесперидин)",,catalog_consensus,unresolved,resolved_catalog,unresolved_catalog,catalog_accept_removed,2,single_source
20518,ДЕПАКИН ХРОНОСФЕРА ГРАН. ПРОЛОНГ. 100МГ ПАК. №30 | САНОФИ ВИНТРОП ИНДУСТРИЯ | САНОФИ ВИНТРОП ИНДУСТРИЯ,Вальпроевая кислота,,catalog_consensus,unresolved,resolved_catalog,unresolved_catalog,catalog_accept_removed,2,empty
20606,ДЕКСАМЕТАЗОН Р-Р Д/ИН. 4МГ/МЛ АМП. 1МЛ №10 ЭСКОМ | ЭСКОМ НПК | ЭСКОМ НПК,Дексаметазон,Дексаметазон,enrichment,input_plus_enrichment,unresolved_catalog,resolved_enrichment,method_changed,4,empty
20614,"ДЕКСАМЕТАЗОН-КРКА ТАБЛ. 4МГ №20 | КРКА Д.Д., НОВО МЕСТО АО/КРКА-РУС ООО | КРКА Д.Д., НОВО МЕСТО АО/КРКА-РУС ООО",Дексаметазон,Дексаметазон,catalog_consensus,input_explicit_mnn,resolved_catalog,resolved_input_explicit,catalog_accept_removed,2,single_source
20628,ДЕКСА-ГЕНТАМИЦИН КАПЛИ ГЛАЗН. ФЛ-КАП. 5МЛ | УРСАФАРМ АРЦНАЙМИТТЕЛЬ ГМБХ | УРСАФАРМ АРЦНАЙМИТТЕЛЬ ГМБХ,"Дексаметазон, Гентамицин",,catalog_consensus,unresolved,resolved_catalog,unresolved_catalog,catalog_accept_removed,0,single_source
20726,ДАБИКСОМ КАПС. 150МГ №60 | КРКА-РУС ООО | КРКА-РУС ООО,Дабигатрана этексилат,,catalog_consensus,unresolved,resolved_catalog,unresolved_catalog,catalog_accept_removed,2,single_source
20781,ГРОПРИНОСИН ТАБЛ. 500МГ №30 | ГЕДЕОН РИХТЕР ПОЛЬША ООО/ГЕДЕОН РИХТЕР-РУС АО | ГЕДЕОН РИХТЕР ПОЛЬША ООО/ГЕДЕОН РИХТЕР-РУС АО,Инозин пранобекс,,catalog_consensus,unresolved,resolved_catalog,unresolved_catalog,catalog_accept_removed,2,single_source
20890,ГОПАНТОМИД ТАБЛ. 250МГ №50 | УСОЛЬЕ-СИБИРСКИЙ ХИМИКО-ФАРМАЦЕВТИЧЕСКИЙ ЗАВОД АО | УСОЛЬЕ-СИБИРСКИЙ ХИМИКО-ФАРМАЦЕВТИЧЕСКИЙ ЗАВОД АО,Гопантеновая кислота,,catalog_consensus,unresolved,resolved_catalog,unresolved_catalog,catalog_accept_removed,2,single_source
20982,"ГЛЮКОВАНС ТАБЛ. П/ПЛЕН/ОБ. 2,5МГ+500МГ №30 | МЕРК САНТЭ С.А.С. | МЕРК САНТЭ С.А.С.","Метформин, Глибенкламид",,catalog_consensus,unresolved,resolved_catalog,unresolved_catalog,catalog_accept_removed,2,empty
21010,ГЛИЦИН ФОРТЕ ТАБЛ. ЗАЩЕЧН. И П/ЯЗЫЧН. 250МГ №20 ОЗОН | ОЗОН ООО | ОЗОН ООО,Глицин,Глицин,catalog_consensus,input_explicit_mnn,resolved_catalog,resolved_input_explicit,catalog_accept_removed,0,single_source
21018,ГЛИЦИН ТАБЛ. П/ЯЗЫЧН. 100МГ №50 ОЗОН ФАРМ | ОЗОН ФАРМ ООО | ОЗОН ФАРМ ООО,Глицин,Глицин,enrichment,input_plus_enrichment,unresolved_catalog,resolved_enrichment,method_changed,2,single_source
21019,ГЛИЦИН ТАБЛ. П/ЯЗЫЧН. 100МГ №50 ОЗОН | ОЗОН ООО | ОЗОН ООО,Глицин,Глицин,enrichment,input_plus_enrichment,unresolved_catalog,resolved_enrichment,method_changed,3,empty
21137,ГЛИБЕНКЛАМИД ТАБЛ. 5МГ №120 ОЗОН ФАРМ | ОЗОН ФАРМ ООО | ОЗОН ФАРМ ООО,Глибенкламид,Глибенкламид,enrichment,enrichment,unresolved_catalog,resolved_enrichment,sources_rejected_same_final,4,empty
21387,ГЕПАВИЗИМ ФОСФОЛИПИДЫ+L-ОРИНИТИН+КУРКУМИН КАПС. ПО 495МГ №30 | ВТФ ООО | ВТФ ООО,,,,unresolved,unresolved_catalog,unresolved_catalog,method_changed,3,empty
22406,ВИЛДАГЛИПТИН-ВЕРТЕКС ТАБЛ. 50МГ №56 | ВЕРТЕКС АО | ВЕРТЕКС АО,Вилдаглиптин,,catalog_consensus,unresolved,resolved_catalog,unresolved_catalog,catalog_accept_removed,2,single_source
22468,"ВИДОРА МИКРО ТАБЛ. П/ПЛЕН/ОБ. 3МГ+0,02МГ №21+7 | ЛАБОРАТОРИОС ЛЕОН ФАРМА С.А. | ЛАБОРАТОРИОС ЛЕОН ФАРМА С.А.","Этинилэстрадиол, Дроспиренон",,catalog_consensus,unresolved,resolved_catalog,unresolved_catalog,catalog_accept_removed,2,empty
22548,ВЕЧЕРНЕЕ ВАЛЕРИАНА+МЯТА+МЕЛИССА ДРАЖЕ №50 ПАРАФАРМ | ПАРАФАРМ ООО | ПАРАФАРМ ООО,,,,unresolved,unresolved_catalog,unresolved_catalog,method_changed,2,empty
23214,БРОМГЕКСИН ТАБЛ. 8МГ №20 ФАРМСТАНДАРТ | ФАРМСТАНДАРТ-ЛЕКСРЕДСТВА ОАО | ФАРМСТАНДАРТ-ЛЕКСРЕДСТВА ОАО,Бромгексин,,catalog_consensus,unresolved,resolved_catalog,unresolved_catalog,catalog_accept_removed,3,single_source
23633,БИСОПРОЛОЛ-АЛСИ ТАБЛ. 5МГ №60 | АЛСИ ФАРМА АО | АЛСИ ФАРМА АО,Бисопролол,,catalog_consensus,unresolved,resolved_catalog,unresolved_catalog,catalog_accept_removed,2,single_source
23641,БИСОПРОЛОЛ-АКОС ТАБЛ. П/ПЛЕН/ОБ. 5МГ №30 | БИОКОМ ЗАО | БИОКОМ ЗАО,Бисопролол,,catalog_consensus,unresolved,resolved_catalog,unresolved_catalog,catalog_accept_removed,2,single_source
23643,БИСОПРОЛОЛ-АКОС ТАБЛ. П/ПЛЕН/ОБ. 10МГ №30 | БИОКОМ ЗАО | БИОКОМ ЗАО,Бисопролол,,catalog_consensus,unresolved,resolved_catalog,unresolved_catalog,catalog_accept_removed,2,single_source
23695,БИОРИТМ АНТИСТРЕСС 24 ДЕНЬ/НОЧЬ ТАБЛ. П/О №32 | ЭВАЛАР ЗАО | ЭВАЛАР ЗАО,,,,unresolved,unresolved_catalog,unresolved_catalog,method_changed,2,empty
24080,БЕТАГИСТИН ТАБЛ. 8МГ №30 ОЗОН | ОЗОН ООО/ОЗОН ФАРМ ООО | ОЗОН ООО/ОЗОН ФАРМ ООО,Бетагистин,Бетагистин,enrichment,enrichment,unresolved_catalog,resolved_enrichment,sources_rejected_same_final,1,single_source
24095,БЕТАГИСТИН ТАБЛ. 16МГ №30 ОЗОН | ОЗОН ООО | ОЗОН ООО,Бетагистин,Бетагистин,enrichment,enrichment,unresolved_catalog,resolved_enrichment,sources_rejected_same_final,2,single_source
24098,БЕТАГИСТИН СОЛОФАРМ ТАБЛ. 16МГ №30 | ГРОТЕКС ООО | ГРОТЕКС ООО,Бетагистин,Бетагистин,enrichment,enrichment,unresolved_catalog,resolved_enrichment,sources_rejected_same_final,2,single_source
24255,"БЕЛОДЕРМ КРЕМ Д/НАРУЖ. ПРИМ. 0,05% ТУБА 30Г | БЕЛУПО | БЕЛУПО",Бетаметазон,,catalog_consensus,unresolved,resolved_catalog,unresolved_catalog,catalog_accept_removed,3,empty
24335,БЕКЛОМЕТАЗОН АЭРОЗ. Д/ИНГ. ДОЗИР. 250МКГ/ДОЗА 200ДОЗ | БИННОФАРМ АО | БИННОФАРМ АО,Беклометазон,,catalog_consensus,unresolved,resolved_catalog,unresolved_catalog,catalog_accept_removed,1,single_source
24682,АЦИКЛОВИР ТАБЛ. 200МГ №20 АВЕКСИМА | ИРБИТСКИЙ ХИМЗАВОД ОАО | ИРБИТСКИЙ ХИМЗАВОД ОАО,Ацикловир,Ацикловир,enrichment,input_plus_enrichment,unresolved_catalog,resolved_enrichment,method_changed,3,single_source
24750,АЦЕТИЛСАЛИЦИЛОВАЯ КИСЛОТА ПЛЮС РЕНЕВАЛ ТАБЛ. 500МГ+25МГ №20 | ОБНОВЛЕНИЕ ПФК АО | ОБНОВЛЕНИЕ ПФК АО,"Ацетилсалициловая кислота, Аскорбиновая кислота","Ацетилсалициловая кислота, Аскорбиновая кислота",enrichment,enrichment,unresolved_catalog,resolved_enrichment,sources_rejected_same_final,2,single_source
24896,АТОРВАСТАТИН-ФП ТАБЛ. П/ПЛЕН/ОБ. 20МГ №30 | ФАРМПРОЕКТ АО | ФАРМПРОЕКТ АО,Аторвастатин,Аторвастатин,enrichment,input_plus_enrichment,unresolved_catalog,resolved_enrichment,method_changed,0,single_source
24901,АТОРВАСТАТИН-ТЕВА ТАБЛ. П/ПЛЕН/ОБ. 10МГ №30 АЛКАЛОИД | АЛКАЛОИД АД Скопье | АЛКАЛОИД АД Скопье,Аторвастатин,Аторвастатин,catalog_consensus,input_explicit_mnn,resolved_catalog,resolved_input_explicit,catalog_accept_removed,1,single_source
24945,АТОРВАСТАТИН-СЗ ТАБЛ. П/ПЛЕН/ОБ. 20МГ №30 | СЕВЕРНАЯ ЗВЕЗДА НАО | СЕВЕРНАЯ ЗВЕЗДА НАО,Аторвастатин,Аторвастатин,catalog_consensus,input_explicit_mnn,resolved_catalog,resolved_input_explicit,catalog_accept_removed,1,single_source
24957,АТОРВАСТАТИН МЕДИСОРБ ТАБЛ. П/ПЛЕН/ОБ. 40МГ №30 | МЕДИСОРБ АО | МЕДИСОРБ АО,Аторвастатин,Аторвастатин,enrichment,input_plus_enrichment,unresolved_catalog,resolved_enrichment,method_changed,2,single_source
25424,АРТОГИСТАН Р-Р ДЛЯ В/М ВВЕД. 100МГ/МЛ АМП. 2МЛ №10 | ГРОТЕКС ООО | ГРОТЕКС ООО,Хондроитина сульфат,,catalog_consensus,unresolved,resolved_catalog,unresolved_catalog,catalog_accept_removed,1,single_source
25599,АПИЛАК ТАБЛ. П/ЯЗЫЧН. 10МГ №30 ВИФИТЕХ | ВИФИТЕХ | ВИФИТЕХ,Маточное Молочко,Маточное Молочко,enrichment,enrichment,unresolved_catalog,resolved_enrichment,unchanged,0,single_source
25707,АНГИОРУС ТАБЛ. П/ПЛЕН/ОБ. 100МГ+900МГ №30 АЛИУМ | АЛИУМ АО | АЛИУМ АО,"Диосмин, Гесперидин",,catalog_consensus,unresolved,resolved_catalog,unresolved_catalog,catalog_accept_removed,1,empty
25865,"АМПРИЛАН ТАБЛ. 5МГ №30 | КРКА Д.Д., НОВО МЕСТО АО/КРКА-РУС ООО | КРКА Д.Д., НОВО МЕСТО АО/КРКА-РУС ООО",Рамиприл,,catalog_consensus,unresolved,resolved_catalog,unresolved_catalog,catalog_accept_removed,1,single_source
25982,АМЛОДИПИН ТАБЛ. 10МГ №30 РОЗЛЕКС | РОЗЛЕКС ФАРМ ООО | РОЗЛЕКС ФАРМ ООО,Амлодипин,Амлодипин,enrichment,input_plus_enrichment,unresolved_catalog,resolved_enrichment,method_changed,0,single_source
26001,АМЛОДИПИН-ПРАНА ТАБЛ. 10МГ №60 | ПРАНАФАРМ ООО | ПРАНАФАРМ ООО,Амлодипин,Амлодипин,catalog_consensus,input_explicit_mnn,resolved_catalog,resolved_input_explicit,catalog_accept_removed,1,single_source
26038,АМЛОДИПИН-АЛСИ ТАБЛ. 10МГ №90 | АЛСИ ФАРМА АО | АЛСИ ФАРМА АО,Амлодипин,Амлодипин,catalog_consensus,input_explicit_mnn,resolved_catalog,resolved_input_explicit,catalog_accept_removed,1,single_source
26068,АМИНАЛОН ТАБЛ. П/О 250МГ №50 БОРИСОВСКИЙ ЗМП | БОРИСОВСКИЙ ЗАВОД МЕДИЦИНСКИХ ПРЕПАРАТОВ | БОРИСОВСКИЙ ЗАВОД МЕДИЦИНСКИХ ПРЕПАРАТОВ,Гамма-аминомасляная кислота,,catalog_consensus,unresolved,resolved_catalog,unresolved_catalog,catalog_accept_removed,1,single_source
26113,АМБРОКСОЛ ТАБЛ. 30МГ №20 КАНОНФАРМА | КАНОНФАРМА ПРОДАКШН ЗАО | КАНОНФАРМА ПРОДАКШН ЗАО,Амброксол,Амброксол,enrichment,input_plus_enrichment,unresolved_catalog,resolved_enrichment,method_changed,2,empty
26115,АМБРОКСОЛ ТАБЛ. 30МГ №20 ВЕРТЕКС | ВЕРТЕКС АО | ВЕРТЕКС АО,"Валсартан, Амлодипин",Амброксол,catalog_consensus,input_explicit_mnn,resolved_catalog,resolved_input_explicit,catalog_accept_removed,3,empty
26319,"АЛТАЙ ФИТОЧАЙ КИПРЕЯ ТРАВА Ф/П 1,5Г №20 | АЛТАЙСКИЙ КЕДР ООО | АЛТАЙСКИЙ КЕДР ООО",,,,unresolved,unresolved_catalog,unresolved_catalog,method_changed,1,empty
27128,АГОМЕЛАТИН ТАБЛ. П/ПЛЕН/ОБ. 25МГ №28 | ОЗОН ООО | ОЗОН ООО,Агомелатин,Агомелатин,enrichment,enrichment,unresolved_catalog,resolved_enrichment,unchanged,0,single_source
