product_id,normalized_text,final_candidate_mnn,current_age,current_age_method,sem_age,previous_enrichment_age,identity_enrichment_age,manual_expected_age_hint,manual_expected_age_hint_strength,age_replay_value,age_replay_decision,age_replay_reason,age_replay_evidence_status,age_replay_identity_status,age_replay_conflict_status,age_replay_queue_action,label_age_contract_replay,label_age_contract_replay_notes
8,ХАЙЛЕФЛОКС 500мг N5 таб. покрытые пленочной оболочкой Хайгланс Лабораториз Пвт.Лтд. | Хайгланс лабораториз пвт. Лтд | Хайгланс лабораториз пвт. Лтд | N5,Левофлоксацин,взрослые,sem_baseline,взрослые,,,,not_available,unknown,downgrade_unsupported_to_unknown,"current=взрослые via sem_baseline lacks product-specific explicit Age evidence (evidence_status=no_saved_evidence, identity=unknown, evidence_grade=none). absence of age data != универсальный; Sem adults != adult-only. Downgrade display to unknown. Hint is not used as truth.",no_saved_evidence,unknown,no_conflict,send_to_age_contract_review,,
28,МЕРИФАТИН МВ 750мг N60 таб. с пролонгированным высвобождением Фармасинтез-Тюмень ООО | Фармасинтез-Тюмень ООО | Фармасинтез-Тюмень ООО | N60,Метформин,взрослые,sem_baseline,взрослые,,,,not_available,unknown,downgrade_unsupported_to_unknown,"current=взрослые via sem_baseline lacks product-specific explicit Age evidence (evidence_status=no_saved_evidence, identity=unknown, evidence_grade=none). absence of age data != универсальный; Sem adults != adult-only. Downgrade display to unknown. Hint is not used as truth.",no_saved_evidence,unknown,no_conflict,send_to_age_contract_review,,
34,МЕЛАДАПТ 3мг N10 таб. покрытые пленочной оболочкой Озон ООО | Озон ООО | Озон ООО | N10,Мелатонин,взрослые,identity_enrichment,взрослые,,взрослые,,not_available,unknown,downgrade_unsupported_to_unknown,"current=взрослые via identity_enrichment lacks product-specific explicit Age evidence (evidence_status=product_specific_but_no_explicit_age, identity=C, evidence_grade=none). absence of age data != универсальный; Sem adults != adult-only. Downgrade display to unknown. Hint is not used as truth.",product_specific_but_no_explicit_age,C,no_conflict,send_to_age_contract_review,,
45,АКВИОН КОЖА ВОЛОСЫ НОГТИ таб. N60 ВТФ ООО | ВТФ ООО | ВТФ ООО | N60,,not_applicable,not_applicable,взрослые,взрослые,универсальный,,not_available,conflict,conflict_requires_evidence,unresolved comparable-source conflict (multiple_source_conflict); sem=взрослые prev=взрослые identity=универсальный. No source winner. Display=conflict; current value not accepted.,conflict,D,multiple_source_conflict,send_to_age_contract_review,,
54,ГЕПАРИН 5000ЕД/мл 5мл N5 р-р для в/в и п/к введения Армавирская биологическая фабрика фгуп | Армавирская биологическая фабрика фгуп | Армавирская биологическая фабрика фгуп | N5,Гепарин натрия,универсальный,previous_enrichment,взрослые,универсальный,,взрослые,explicit_label_note,conflict,conflict_requires_evidence,unresolved comparable-source conflict (baseline_vs_enrichment_conflict); sem=взрослые prev=универсальный identity=empty. No source winner. Display=conflict; current value not accepted.,conflict,unknown,baseline_vs_enrichment_conflict,send_to_age_contract_review,,
56,РИТОФЛЕКС МСМ таб. N60 Фармацевтическая Фабрика ООО | Фармацевтическая фабрика ООО | Фармацевтическая фабрика ООО | N60,,not_applicable,not_applicable,,,взрослые,,not_available,not_applicable,m2_not_applicable_candidate,approved M2 BAS/Other non-drug; Age not needed for drug routing; kind=bas; override_status=applied. Proposal-only; current Age and product_kind unchanged.,not_applicable,not_applicable,not_applicable,not_applicable_no_drug_age_review,,
68,ЭПЛЕРЕНОН-ТЕВА 25мг N30 таб. покрытые пленочной оболочкой Тева фармасьютикал воркс прайвэт Лимитед Компани | Тева фармасьютикал воркс прайвэт Лимитед Компани | Тева фармасьютикал воркс прайвэт Лимитед Компани | N30,Эплеренон,взрослые,sem_baseline,взрослые,,,,not_available,unknown,downgrade_unsupported_to_unknown,"current=взрослые via sem_baseline lacks product-specific explicit Age evidence (evidence_status=no_saved_evidence, identity=unknown, evidence_grade=none). absence of age data != универсальный; Sem adults != adult-only. Downgrade display to unknown. Hint is not used as truth.",no_saved_evidence,unknown,no_conflict,send_to_age_contract_review,,
70,РОЗУВАСТАТИН-ТЕВА 20мг N90 таб. покрытые пленочной оболочкой Р-Фарм Новосёлки | Р-Фарм новосёлки ООО | Р-Фарм новосёлки ООО | N90,Розувастатин,взрослые,sem_baseline,взрослые,,,,not_available,unknown,downgrade_unsupported_to_unknown,"current=взрослые via sem_baseline lacks product-specific explicit Age evidence (evidence_status=no_saved_evidence, identity=unknown, evidence_grade=none). absence of age data != универсальный; Sem adults != adult-only. Downgrade display to unknown. Hint is not used as truth.",no_saved_evidence,unknown,no_conflict,send_to_age_contract_review,,
72,ФАРИНГАЛ таб. 650мг N10 Салута-М | Салута-М ООО | Салута-М ООО | N10,,универсальный,previous_enrichment,,универсальный,универсальный,,not_available,unknown,downgrade_unsupported_to_unknown,"current=универсальный via previous_enrichment lacks product-specific explicit Age evidence (evidence_status=product_specific_but_no_explicit_age, identity=C, evidence_grade=none). absence of age data != универсальный; Sem adults != adult-only. Downgrade display to unknown. Hint is not used as truth.",product_specific_but_no_explicit_age,C,no_conflict,send_to_age_contract_review,,
73,ГАСТРАСАН ЭКСПРЕСС 680мг+80мг N12 таб. жевательные Апельсин ЮжФарм ООО | ЮжФарм ООО | ЮжФарм ООО | N12,"Кальция карбонат, Магния карбонат",универсальный,identity_enrichment,взрослые,,универсальный,,not_available,conflict,conflict_requires_evidence,unresolved comparable-source conflict (baseline_vs_enrichment_conflict); sem=взрослые prev=empty identity=универсальный. No source winner. Display=conflict; current value not accepted.,conflict,C,baseline_vs_enrichment_conflict,send_to_age_contract_review,,
75,САМБУКУС БУЗИНА ИММУНИТЕТ таб. массой 700мг N30 Грин сайд ООО | Грин Сайд ООО | Грин Сайд ООО | N30,,not_applicable,not_applicable,,универсальный,универсальный,,not_available,not_applicable,m2_not_applicable_candidate,approved M2 BAS/Other non-drug; Age not needed for drug routing; kind=bas; override_status=applied. Proposal-only; current Age and product_kind unchanged.,not_applicable,not_applicable,not_applicable,not_applicable_no_drug_age_review,,
88,ГЕСПЕРИДИН+ДИОСМИН 100мг+900мг N30 таб. покрытые пленочной оболочкой Алиум АО | Алиум АО | Алиум АО | N30,"Гесперидин, Диосмин",универсальный,identity_enrichment,взрослые,,универсальный,взрослые,explicit_label_note,conflict,conflict_requires_evidence,unresolved comparable-source conflict (baseline_vs_enrichment_conflict); sem=взрослые prev=empty identity=универсальный. No source winner. Display=conflict; current value not accepted.,conflict,D,baseline_vs_enrichment_conflict,send_to_age_contract_review,,
92,ДИНАМИКО ЛОНГ 20мг N8 таб. покрытые пленочной оболочкой Тева Фармацевтические Предприятия Лтд | Тева Фармацевтические Предприятия Лтд. | Тева Фармацевтические Предприятия Лтд. | N8,Тадалафил,взрослые,identity_enrichment,взрослые,,взрослые,,not_available,unknown,downgrade_unsupported_to_unknown,"current=взрослые via identity_enrichment lacks product-specific explicit Age evidence (evidence_status=product_specific_but_no_explicit_age, identity=C, evidence_grade=none). absence of age data != универсальный; Sem adults != adult-only. Downgrade display to unknown. Hint is not used as truth.",product_specific_but_no_explicit_age,C,no_conflict,send_to_age_contract_review,,
249,ОСТЕОМЕД таб. N60 Парафарм | Парафарм ООО | Парафарм ООО | N60,,not_applicable,not_applicable,взрослые,взрослые,взрослые,,not_available,not_applicable,m2_not_applicable_candidate,approved M2 BAS/Other non-drug; Age not needed for drug routing; kind=bas; override_status=applied. Proposal-only; current Age and product_kind unchanged.,not_applicable,not_applicable,not_applicable,not_applicable_no_drug_age_review,,
354,"ЭХИНАЦЕИ ПУРПУРНОЙ ТРАВА 1,5Г Ф/П №20 ИВАН ЧАЙ | ИВАН-ЧАЙ ЗАО | ИВАН-ЧАЙ ЗАО",Эхинацеи пурпурной трава,взрослые,previous_enrichment,,взрослые,,,not_available,unknown,downgrade_unsupported_to_unknown,"current=взрослые via previous_enrichment lacks product-specific explicit Age evidence (evidence_status=no_saved_evidence, identity=unknown, evidence_grade=none). absence of age data != универсальный; Sem adults != adult-only. Downgrade display to unknown. Hint is not used as truth.",no_saved_evidence,unknown,no_conflict,send_to_age_contract_review,,
456,"ЭТОРИАКС ТАБЛ. П/ПЛЕН/ОБ. 60МГ №14 | КРКА, Д.Д., НОВО МЕСТО АО | КРКА, Д.Д., НОВО МЕСТО АО",Эторикоксиб,взрослые,identity_enrichment,взрослые,,взрослые,,not_available,unknown,downgrade_unsupported_to_unknown,"current=взрослые via identity_enrichment lacks product-specific explicit Age evidence (evidence_status=product_specific_but_no_explicit_age, identity=C, evidence_grade=none). absence of age data != универсальный; Sem adults != adult-only. Downgrade display to unknown. Hint is not used as truth.",product_specific_but_no_explicit_age,C,no_conflict,send_to_age_contract_review,,
486,ЭСЦИТАЛОПРАМ КАНОН ТАБЛ. П/ПЛЕН/ОБ. 20МГ №28 | КАНОНФАРМА ПРОДАКШН ЗАО | КАНОНФАРМА ПРОДАКШН ЗАО,Эсциталопрам,универсальный,identity_enrichment,взрослые,,универсальный,взрослые,explicit_label_note,conflict,conflict_requires_evidence,unresolved comparable-source conflict (baseline_vs_enrichment_conflict); sem=взрослые prev=empty identity=универсальный. No source winner. Display=conflict; current value not accepted.,conflict,C,baseline_vs_enrichment_conflict,send_to_age_contract_review,,
777,ЭНАЛАПРИЛ АЛЬФАКТИВ ТАБЛ. 20МГ №20 | ОЗОН ФАРМ ООО | ОЗОН ФАРМ ООО,Эналаприл,взрослые,sem_baseline,взрослые,,,,not_available,unknown,downgrade_unsupported_to_unknown,"current=взрослые via sem_baseline lacks product-specific explicit Age evidence (evidence_status=no_saved_evidence, identity=unknown, evidence_grade=none). absence of age data != универсальный; Sem adults != adult-only. Downgrade display to unknown. Hint is not used as truth.",no_saved_evidence,unknown,no_conflict,send_to_age_contract_review,,
844,ЭЛЬКАР Р-Р Д/ПРИЕМА ВНУТРЬ 300МГ/МЛ ФЛ. 25МЛ | ///ПИК-ФАРМА ЛЕК | ///ПИК-ФАРМА ЛЕК,Левокарнитин,универсальный,identity_enrichment,взрослые,,универсальный,,not_available,conflict,conflict_requires_evidence,unresolved comparable-source conflict (baseline_vs_enrichment_conflict); sem=взрослые prev=empty identity=универсальный. No source winner. Display=conflict; current value not accepted.,conflict,C,baseline_vs_enrichment_conflict,send_to_age_contract_review,,
884,"ЭЛИЦЕЯ КУ-ТАБ ТАБЛ. ДИСПЕРГ. В ПОЛОСТИ РТА 10МГ №56 | КРКА, Д.Д., НОВО МЕСТО АО | КРКА, Д.Д., НОВО МЕСТО АО",Эсциталопрам,взрослые,identity_enrichment,,,взрослые,,not_available,unknown,downgrade_unsupported_to_unknown,"current=взрослые via identity_enrichment lacks product-specific explicit Age evidence (evidence_status=product_specific_but_no_explicit_age, identity=C, evidence_grade=none). absence of age data != универсальный; Sem adults != adult-only. Downgrade display to unknown. Hint is not used as truth.",product_specific_but_no_explicit_age,C,no_conflict,send_to_age_contract_review,,
1053,"ЭКЗОРОЛФИНЛАК ЛАК Д/НОГТЕЙ 5% ФЛ. 2,5МЛ | ПАУЛЬ В. БЕЙФЕРС ГМБХ | ПАУЛЬ В. БЕЙФЕРС ГМБХ",Аморолфин,взрослые,identity_enrichment,взрослые,,взрослые,,not_available,unknown,downgrade_unsupported_to_unknown,"current=взрослые via identity_enrichment lacks product-specific explicit Age evidence (evidence_status=product_specific_but_no_explicit_age, identity=B, evidence_grade=none). absence of age data != универсальный; Sem adults != adult-only. Downgrade display to unknown. Hint is not used as truth.",product_specific_but_no_explicit_age,B,no_conflict,send_to_age_contract_review,,
1668,"ЧАБРЕЦА ТРАВА Ф/П 1,5Г №20 ЗДОРОВЬЕ | Здоровье фирма ЗАО | Здоровье фирма ЗАО",Тимьяна ползучего трава,универсальный,previous_enrichment,,универсальный,,взрослые,explicit_label_note,unknown,downgrade_unsupported_to_unknown,"current=универсальный via previous_enrichment lacks product-specific explicit Age evidence (evidence_status=no_saved_evidence, identity=unknown, evidence_grade=none). absence of age data != универсальный; Sem adults != adult-only. Downgrade display to unknown. Hint is not used as truth.",no_saved_evidence,unknown,no_conflict,send_to_age_contract_review,,
1765,ЦИПРОТЕРОН-ТЕВА ТАБЛ. 50МГ №50 | ТЕВА ЧЕШСКИЕ ПРЕДПРИЯТИЯ С.Р.О. | ТЕВА ЧЕШСКИЕ ПРЕДПРИЯТИЯ С.Р.О.,Ципротерон,универсальный,identity_enrichment,взрослые,,универсальный,взрослые,explicit_label_note,conflict,conflict_requires_evidence,unresolved comparable-source conflict (baseline_vs_enrichment_conflict); sem=взрослые prev=empty identity=универсальный. No source winner. Display=conflict; current value not accepted.,conflict,C,baseline_vs_enrichment_conflict,send_to_age_contract_review,,
2023,ЦЕЛЕКОКСИБ-ТЕВА КАПС. 200МГ №30 | УОТСОН ФАРМА ПРАЙВЭТ ЛИМИТЕД | УОТСОН ФАРМА ПРАЙВЭТ ЛИМИТЕД,Целекоксиб,универсальный,identity_enrichment,взрослые,,универсальный,взрослые,explicit_label_note,conflict,conflict_requires_evidence,unresolved comparable-source conflict (baseline_vs_enrichment_conflict); sem=взрослые prev=empty identity=универсальный. No source winner. Display=conflict; current value not accepted.,conflict,D,baseline_vs_enrichment_conflict,send_to_age_contract_review,,
2348,ХИЛАК ФОРТЕ КАПЛИ Д/ПРИЕМА ВНУТРЬ ВИШНЯ ФЛ. 100МЛ | МЕРКЛЕ ГМБХ | МЕРКЛЕ ГМБХ,Метаболиты бактерий,универсальный,identity_enrichment,,универсальный,универсальный,,not_available,unknown,downgrade_unsupported_to_unknown,"current=универсальный via identity_enrichment lacks product-specific explicit Age evidence (evidence_status=product_specific_explicit, identity=B, evidence_grade=B). absence of age data != универсальный; Sem adults != adult-only. Downgrade display to unknown. Hint is not used as truth.",product_specific_explicit,B,no_conflict,send_to_age_contract_review,,
2621,ФУРАЦИЛИН ТАБЛ. Д/Р-РА Д/МЕСТН. И НАРУЖ. ПРИМ. 20МГ №20 ТАТХИМФАРМПРЕПАРАТЫ | ТАТХИМФАРМПРЕПАРАТЫ АО | ТАТХИМФАРМПРЕПАРАТЫ АО,Нитрофурал,универсальный,previous_enrichment,взрослые,универсальный,,,not_available,conflict,conflict_requires_evidence,unresolved comparable-source conflict (baseline_vs_enrichment_conflict); sem=взрослые prev=универсальный identity=empty. No source winner. Display=conflict; current value not accepted.,conflict,unknown,baseline_vs_enrichment_conflict,send_to_age_contract_review,,
3027,ФЛУОКСЕТИН КАПС. 10МГ №20 ОЗОН | ОЗОН ООО | ОЗОН ООО,Флуоксетин,универсальный,identity_enrichment,взрослые,,универсальный,взрослые,explicit_label_note,conflict,conflict_requires_evidence,unresolved comparable-source conflict (baseline_vs_enrichment_conflict); sem=взрослые prev=empty identity=универсальный. No source winner. Display=conflict; current value not accepted.,conflict,C,baseline_vs_enrichment_conflict,send_to_age_contract_review,,
3065,ФЛУКОНАЗОЛ-OBL КАПС. 150МГ №4 | ОБОЛЕНСКОЕ ФП АО | ОБОЛЕНСКОЕ ФП АО,Флуконазол,unknown,not_resolved,,,,универсальный,explicit_label_note,unknown,retain_safe_unknown,current Age is unknown and no product-specific explicit Age evidence is stored. unknown is a valid safe outcome; not upgraded from labels or medical inference.,no_saved_evidence,unknown,unknown,require_product_specific_evidence,,
3556,"ФИЗИОТЕНЗ ТАБЛ. П/ПЛЕН/ОБ. 0,4МГ №28 ВЕРОФАРМ | ВЕРОФАРМ АО | ВЕРОФАРМ АО",Моксонидин,взрослые,identity_enrichment,взрослые,,взрослые,,not_available,unknown,downgrade_unsupported_to_unknown,"current=взрослые via identity_enrichment lacks product-specific explicit Age evidence (evidence_status=product_specific_but_no_explicit_age, identity=C, evidence_grade=none). absence of age data != универсальный; Sem adults != adult-only. Downgrade display to unknown. Hint is not used as truth.",product_specific_but_no_explicit_age,C,no_conflict,send_to_age_contract_review,,
3759,ФАСПИК ГРАН. Д/Р-РА Д/ПРИЕМА ВНУТРЬ АБРИКОС 400МГ ПАК. 3Г №12 | ЗАМБОН СВИТЦЕЛАНД ЛТД. | ЗАМБОН СВИТЦЕЛАНД ЛТД.,Ибупрофен,универсальный,identity_enrichment,,,универсальный,,not_available,unknown,downgrade_unsupported_to_unknown,"current=универсальный via identity_enrichment lacks product-specific explicit Age evidence (evidence_status=product_specific_but_no_explicit_age, identity=C, evidence_grade=none). absence of age data != универсальный; Sem adults != adult-only. Downgrade display to unknown. Hint is not used as truth.",product_specific_but_no_explicit_age,C,no_conflict,send_to_age_contract_review,,
3763,ФАРМГРУПП НАСТОЙКА 5 ТРАВ УСПОКОИТЕЛЬНАЯ ФЛ. 250МЛ | ФАРМГРУПП ООО | ФАРМГРУПП ООО,,not_applicable,not_applicable,взрослые,взрослые,взрослые,,not_available,not_applicable,m2_not_applicable_candidate,approved M2 BAS/Other non-drug; Age not needed for drug routing; kind=bas; override_status=applied. Proposal-only; current Age and product_kind unchanged.,not_applicable,not_applicable,not_applicable,not_applicable_no_drug_age_review,,
3781,ФАРИНГОСЕПТ ТАБЛ. Д/РАССАС. МЕД-ЛИМОН 10МГ №20 | C.К. ТЕРАПИЯ С.А. | C.К. ТЕРАПИЯ С.А.,Амбазон,универсальный,identity_enrichment,взрослые,,универсальный,,not_available,conflict,conflict_requires_evidence,unresolved comparable-source conflict (baseline_vs_enrichment_conflict); sem=взрослые prev=empty identity=универсальный. No source winner. Display=conflict; current value not accepted.,conflict,C,baseline_vs_enrichment_conflict,send_to_age_contract_review,,
4133,УЛЬЦЕРНИЛ ТАБЛ. КИШ/РАСТ. П/ПЛЕН/ОБ. 20МГ №28 | САН ФАРМАСЬЮТИКАЛ ИНДАСТРИЗ ЛТД | САН ФАРМАСЬЮТИКАЛ ИНДАСТРИЗ ЛТД,Рабепразол,универсальный,identity_enrichment,взрослые,,универсальный,взрослые,explicit_label_note,conflict,conflict_requires_evidence,unresolved comparable-source conflict (baseline_vs_enrichment_conflict); sem=взрослые prev=empty identity=универсальный. No source winner. Display=conflict; current value not accepted.,conflict,B,baseline_vs_enrichment_conflict,send_to_age_contract_review,,
4403,ТРИМЕТАЗИДИН-АКОС МВ 35МГ ТАБЛ. МОДИФ. ВЫСВ. П/О №60 | БИОКОМ ЗАО | БИОКОМ ЗАО,Триметазидин,взрослые,identity_enrichment,взрослые,,взрослые,,not_available,unknown,downgrade_unsupported_to_unknown,"current=взрослые via identity_enrichment lacks product-specific explicit Age evidence (evidence_status=product_specific_but_no_explicit_age, identity=C, evidence_grade=none). absence of age data != универсальный; Sem adults != adult-only. Downgrade display to unknown. Hint is not used as truth.",product_specific_but_no_explicit_age,C,no_conflict,send_to_age_contract_review,,
4481,ТРАНЕКСАМОВАЯ КИСЛОТА ТАБЛ. П/ПЛЕН/ОБ. 250МГ №30 МЭЗ | МОСКОВСКИЙ ЭНДОКРИННЫЙ ЗАВОД ФГУП | МОСКОВСКИЙ ЭНДОКРИННЫЙ ЗАВОД ФГУП,Транексамовая кислота,универсальный,identity_enrichment,взрослые,,универсальный,,not_available,conflict,conflict_requires_evidence,unresolved comparable-source conflict (baseline_vs_enrichment_conflict); sem=взрослые prev=empty identity=универсальный. No source winner. Display=conflict; current value not accepted.,conflict,C,baseline_vs_enrichment_conflict,send_to_age_contract_review,,
4487,ТРАНЕКСАМОВАЯ КИСЛОТА Р-Р ДЛЯ В/В ВВЕД. 50МГ/МЛ АМП. 5МЛ №10 МЭЗ | МОСКОВСКИЙ ЭНДОКРИННЫЙ ЗАВОД ФГУП | МОСКОВСКИЙ ЭНДОКРИННЫЙ ЗАВОД ФГУП,Транексамовая кислота,универсальный,identity_enrichment,,,универсальный,,not_available,unknown,downgrade_unsupported_to_unknown,"current=универсальный via identity_enrichment lacks product-specific explicit Age evidence (evidence_status=product_specific_but_no_explicit_age, identity=C, evidence_grade=none). absence of age data != универсальный; Sem adults != adult-only. Downgrade display to unknown. Hint is not used as truth.",product_specific_but_no_explicit_age,C,no_conflict,send_to_age_contract_review,,
4593,ТОРАСЕМИД ТАБЛ. 10МГ №20 ОЗОН | ОЗОН ООО | ОЗОН ООО,Торасемид,взрослые,sem_baseline,взрослые,,,,not_available,unknown,downgrade_unsupported_to_unknown,"current=взрослые via sem_baseline lacks product-specific explicit Age evidence (evidence_status=no_saved_evidence, identity=unknown, evidence_grade=none). absence of age data != универсальный; Sem adults != adult-only. Downgrade display to unknown. Hint is not used as truth.",no_saved_evidence,unknown,no_conflict,send_to_age_contract_review,,
4684,ТОЛПЕРИЗОН ТАБЛ. П/ПЛЕН/ОБ. 150МГ №30 ОЗОН | ОЗОН ООО | ОЗОН ООО,Толперизон,взрослые,sem_baseline,взрослые,,,,not_available,unknown,downgrade_unsupported_to_unknown,"current=взрослые via sem_baseline lacks product-specific explicit Age evidence (evidence_status=no_saved_evidence, identity=unknown, evidence_grade=none). absence of age data != универсальный; Sem adults != adult-only. Downgrade display to unknown. Hint is not used as truth.",no_saved_evidence,unknown,no_conflict,send_to_age_contract_review,,
4922,ТЕРМИКОН СПРЕЙ Д/НАРУЖ. ПРИМ. 1% ФЛ. 30Г | ФАРМСТАНДАРТ-ЛЕКСРЕДСТВА ОАО | ФАРМСТАНДАРТ-ЛЕКСРЕДСТВА ОАО,Тербинафин,универсальный,identity_enrichment,,,универсальный,,not_available,unknown,downgrade_unsupported_to_unknown,"current=универсальный via identity_enrichment lacks product-specific explicit Age evidence (evidence_status=product_specific_but_no_explicit_age, identity=C, evidence_grade=none). absence of age data != универсальный; Sem adults != adult-only. Downgrade display to unknown. Hint is not used as truth.",product_specific_but_no_explicit_age,C,no_conflict,send_to_age_contract_review,,
4924,ТЕРМИКОН КРЕМ Д/НАРУЖ. ПРИМ. 1% ТУБА 15Г | ЛЕККО ЗАО | ЛЕККО ЗАО,Тербинафин,универсальный,identity_enrichment,,,универсальный,взрослые,explicit_label_note,unknown,downgrade_unsupported_to_unknown,"current=универсальный via identity_enrichment lacks product-specific explicit Age evidence (evidence_status=product_specific_but_no_explicit_age, identity=C, evidence_grade=none). absence of age data != универсальный; Sem adults != adult-only. Downgrade display to unknown. Hint is not used as truth.",product_specific_but_no_explicit_age,C,no_conflict,send_to_age_contract_review,,
5010,ТЕРАФЛЕКС КАПС. 500МГ+400МГ №200 МАКИЗ-ФАРМА | МАКИЗ-ФАРМА | МАКИЗ-ФАРМА,"ГЛЮКОЗАМИН, Хондроитина сульфат натрия",взрослые,identity_enrichment,взрослые,,взрослые,,not_available,unknown,downgrade_unsupported_to_unknown,"current=взрослые via identity_enrichment lacks product-specific explicit Age evidence (evidence_status=product_specific_but_no_explicit_age, identity=C, evidence_grade=none). absence of age data != универсальный; Sem adults != adult-only. Downgrade display to unknown. Hint is not used as truth.",product_specific_but_no_explicit_age,C,no_conflict,send_to_age_contract_review,,
5258,"ТАМСУЛОЗИН КАНОН КАПС. КИШ/РАСТ. ПРОЛОНГ. ВЫСВ. 0,4МГ №30 | КАНОНФАРМА ПРОДАКШН ЗАО | КАНОНФАРМА ПРОДАКШН ЗАО",Тамсулозин,взрослые,identity_enrichment,взрослые,,взрослые,,not_available,unknown,downgrade_unsupported_to_unknown,"current=взрослые via identity_enrichment lacks product-specific explicit Age evidence (evidence_status=product_specific_but_no_explicit_age, identity=C, evidence_grade=none). absence of age data != универсальный; Sem adults != adult-only. Downgrade display to unknown. Hint is not used as truth.",product_specific_but_no_explicit_age,C,no_conflict,send_to_age_contract_review,,
5267,ТАМОКСИФЕН ТАБЛ. 20МГ №30 ОЗОН | ОЗОН ООО | ОЗОН ООО,Тамоксифен,взрослые,previous_enrichment,взрослые,взрослые,,,not_available,unknown,downgrade_unsupported_to_unknown,"current=взрослые via previous_enrichment lacks product-specific explicit Age evidence (evidence_status=no_saved_evidence, identity=unknown, evidence_grade=none). absence of age data != универсальный; Sem adults != adult-only. Downgrade display to unknown. Hint is not used as truth.",no_saved_evidence,unknown,no_conflict,send_to_age_contract_review,,
5270,ТАМИФЛЮ КАПС. 75МГ №10 | ДЕЛФАРМ МИЛАНО С.Р.Л./Ф.ХОФФМАНН-ЛЯ РОШ ЛТД/СЕНЕКСИ С.А.С. | ДЕЛФАРМ МИЛАНО С.Р.Л./Ф.ХОФФМАНН-ЛЯ РОШ ЛТД/СЕНЕКСИ С.А.С.,Осельтамивир,универсальный,identity_enrichment,взрослые,,универсальный,,not_available,conflict,conflict_requires_evidence,unresolved comparable-source conflict (baseline_vs_enrichment_conflict); sem=взрослые prev=empty identity=универсальный. No source winner. Display=conflict; current value not accepted.,conflict,C,baseline_vs_enrichment_conflict,send_to_age_contract_review,,
5322,"ТАВОЛГА ВЯЗОЛИСТНАЯ (ЛАБАЗНИК) ТРАВА Ф/П 1,5Г №20 ХЕРБЕС | ХЕРБЕС ООО | ХЕРБЕС ООО",,not_applicable,not_applicable,взрослые,универсальный,универсальный,,not_available,not_applicable,m2_not_applicable_candidate,approved M2 BAS/Other non-drug; Age not needed for drug routing; kind=bas; override_status=applied. Proposal-only; current Age and product_kind unchanged.,not_applicable,not_applicable,not_applicable,not_applicable_no_drug_age_review,,
7275,САНОВАСК ТАБЛ. П/КИШ/РАСТ/ПЛЕН/ОБ. 50МГ №30 | ИРБИТСКИЙ ХИМЗАВОД ОАО | ИРБИТСКИЙ ХИМЗАВОД ОАО,Ацетилсалициловая кислота,универсальный,identity_enrichment,,,универсальный,взрослые,explicit_label_note,unknown,downgrade_unsupported_to_unknown,"current=универсальный via identity_enrichment lacks product-specific explicit Age evidence (evidence_status=product_specific_but_no_explicit_age, identity=D, evidence_grade=none). absence of age data != универсальный; Sem adults != adult-only. Downgrade display to unknown. Hint is not used as truth.",product_specific_but_no_explicit_age,D,no_conflict,send_to_age_contract_review,,
7625,РОСИНСУЛИН С МЕДСИНТЕЗ СУСП. ДЛЯ П/К ВВЕД. 100МЕ/МЛ КАРТРИДЖ 3МЛ №5 | ЗАВОД МЕДСИНТЕЗ ООО | ЗАВОД МЕДСИНТЕЗ ООО,Инсулин человеческий,универсальный,previous_enrichment,,универсальный,,,not_available,unknown,downgrade_unsupported_to_unknown,"current=универсальный via previous_enrichment lacks product-specific explicit Age evidence (evidence_status=no_saved_evidence, identity=unknown, evidence_grade=none). absence of age data != универсальный; Sem adults != adult-only. Downgrade display to unknown. Hint is not used as truth.",no_saved_evidence,unknown,no_conflict,send_to_age_contract_review,,
7803,РОЗУВАСТАТИН-ТАД ТАБЛ. П/ПЛЕН/ОБ. 20МГ №30 | Крка-Рус ООО | Крка-Рус ООО,Розувастатин,взрослые,sem_baseline,взрослые,,,,not_available,unknown,downgrade_unsupported_to_unknown,"current=взрослые via sem_baseline lacks product-specific explicit Age evidence (evidence_status=no_saved_evidence, identity=unknown, evidence_grade=none). absence of age data != универсальный; Sem adults != adult-only. Downgrade display to unknown. Hint is not used as truth.",no_saved_evidence,unknown,no_conflict,send_to_age_contract_review,,
7816,РОЗУВАСТАТИН ТАБЛ. П/ПЛЕН/ОБ. 20МГ №90 ОЗОН | ОЗОН ООО | ОЗОН ООО,Розувастатин,взрослые,previous_enrichment,взрослые,взрослые,,,not_available,unknown,downgrade_unsupported_to_unknown,"current=взрослые via previous_enrichment lacks product-specific explicit Age evidence (evidence_status=no_saved_evidence, identity=unknown, evidence_grade=none). absence of age data != универсальный; Sem adults != adult-only. Downgrade display to unknown. Hint is not used as truth.",no_saved_evidence,unknown,no_conflict,send_to_age_contract_review,,
7858,РОЗУВАСТАТИН РЕНЕВАЛ ТАБЛ. П/ПЛЕН/ОБ. 10МГ №30 | ОБНОВЛЕНИЕ ПФК АО | ОБНОВЛЕНИЕ ПФК АО,Розувастатин,взрослые,previous_enrichment,взрослые,взрослые,,,not_available,unknown,downgrade_unsupported_to_unknown,"current=взрослые via previous_enrichment lacks product-specific explicit Age evidence (evidence_status=no_saved_evidence, identity=unknown, evidence_grade=none). absence of age data != универсальный; Sem adults != adult-only. Downgrade display to unknown. Hint is not used as truth.",no_saved_evidence,unknown,no_conflict,send_to_age_contract_review,,
8055,РИМАСОПТ ВМ КАПЛИ ГЛАЗНЫЕ 2МГ/МЛ+5МГ/МЛ ФЛ. 5МЛ №1 | Уорлд медицин илач сан. ве тидж. Аш | Уорлд медицин илач сан. ве тидж. Аш,"Бримонидин, Тимолол",взрослые,previous_enrichment,,взрослые,,,not_available,unknown,downgrade_unsupported_to_unknown,"current=взрослые via previous_enrichment lacks product-specific explicit Age evidence (evidence_status=no_saved_evidence, identity=unknown, evidence_grade=none). absence of age data != универсальный; Sem adults != adult-only. Downgrade display to unknown. Hint is not used as truth.",no_saved_evidence,unknown,no_conflict,send_to_age_contract_review,,
8201,РЕПЕШОК ОБЫКНОВЕННЫЙ ТРАВА 50Г ЭВАЛАР | ЭВАЛАР ЗАО | ЭВАЛАР ЗАО,,not_applicable,not_applicable,,универсальный,взрослые,,not_available,not_applicable,m2_not_applicable_candidate,approved M2 BAS/Other non-drug; Age not needed for drug routing; kind=bas; override_status=applied. Proposal-only; current Age and product_kind unchanged.,not_applicable,not_applicable,not_applicable,not_applicable_no_drug_age_review,,
8753,ПРОСТАНОРМ ЭКСТРАКТ Д/ПРИЕМА ВНУТРЬ ЖИДК. ФЛ. 100МЛ | ФАРМВИЛАР НПО ООО | ФАРМВИЛАР НПО ООО,"Зверобоя трава, Золотарника канадского трава, Солодки корни, Эхинацеи пурпурной корневища с корнями",взрослые,identity_enrichment,взрослые,взрослые,взрослые,,not_available,unknown,downgrade_unsupported_to_unknown,"current=взрослые via identity_enrichment lacks product-specific explicit Age evidence (evidence_status=product_specific_but_no_explicit_age, identity=C, evidence_grade=none). absence of age data != универсальный; Sem adults != adult-only. Downgrade display to unknown. Hint is not used as truth.",product_specific_but_no_explicit_age,C,no_conflict,send_to_age_contract_review,,
9197,ПОМОГУША СИРОП ДЕТСКИЙ ДЛЯ ДЕТЕЙ С 3-Х ЛЕТ ПРОТИВОПРОСТУДНЫЙ 100МЛ | ЮГ ООО | ЮГ ООО,,not_applicable,not_applicable,дети,дети,дети,,not_available,not_applicable,m2_not_applicable_candidate,approved M2 BAS/Other non-drug; Age not needed for drug routing; kind=other; override_status=applied. Proposal-only; current Age and product_kind unchanged.,not_applicable,not_applicable,not_applicable,not_applicable_no_drug_age_review,,
9301,ПОЛЫНИ ГОРЬКОЙ ТРАВА 50Г ФИТОФАРМ | ФИТОФАРМ ООО | ФИТОФАРМ ООО,Полыни горькой трава,универсальный,previous_enrichment,взрослые,универсальный,,взрослые,explicit_label_note,conflict,conflict_requires_evidence,unresolved comparable-source conflict (baseline_vs_enrichment_conflict); sem=взрослые prev=универсальный identity=empty. No source winner. Display=conflict; current value not accepted.,conflict,unknown,baseline_vs_enrichment_conflict,send_to_age_contract_review,,
9511,ПИОНА НАСТОЙКА РЕНЕВАЛ ФЛ. 25МЛ | ОБНОВЛЕНИЕ ПФК АО | ОБНОВЛЕНИЕ ПФК АО,"Пиона уклоняющегося травы, корневищ и корней настойка",взрослые,previous_enrichment,взрослые,взрослые,,,not_available,unknown,downgrade_unsupported_to_unknown,"current=взрослые via previous_enrichment lacks product-specific explicit Age evidence (evidence_status=no_saved_evidence, identity=unknown, evidence_grade=none). absence of age data != универсальный; Sem adults != adult-only. Downgrade display to unknown. Hint is not used as truth.",no_saved_evidence,unknown,no_conflict,send_to_age_contract_review,,
9941,ПАРОДОНТОЦИД ОПОЛАСКИВАТЕЛЬ ДЛЯ ПОЛОСТИ РТА 250МЛ | МОСКОВСКАЯ ФФ | МОСКОВСКАЯ ФФ,,unknown,not_resolved,,универсальный,,,not_available,unknown,retain_safe_unknown,current Age is unknown and no product-specific explicit Age evidence is stored. unknown is a valid safe outcome; not upgraded from labels or medical inference.,no_saved_evidence,unknown,no_conflict,require_product_specific_evidence,,
10046,ПАПАВЕРИН ТАБЛ. 40МГ №10 ИРБИТСКИЙ ХФЗ | ИРБИТСКИЙ ХИМЗАВОД ОАО | ИРБИТСКИЙ ХИМЗАВОД ОАО,Папаверин,универсальный,identity_enrichment,взрослые,,универсальный,,not_available,conflict,conflict_requires_evidence,unresolved comparable-source conflict (baseline_vs_enrichment_conflict); sem=взрослые prev=empty identity=универсальный. No source winner. Display=conflict; current value not accepted.,conflict,C,baseline_vs_enrichment_conflict,send_to_age_contract_review,,
10536,ОМЕПРАЗОЛ-ОBL КАПС. КИШ/РАСТ. 20МГ №28 | ОБОЛЕНСКОЕ ФП АО | ОБОЛЕНСКОЕ ФП АО,Омепразол,взрослые,sem_baseline,взрослые,,,универсальный,explicit_label_note,unknown,downgrade_unsupported_to_unknown,"current=взрослые via sem_baseline lacks product-specific explicit Age evidence (evidence_status=no_saved_evidence, identity=unknown, evidence_grade=none). absence of age data != универсальный; Sem adults != adult-only. Downgrade display to unknown. Hint is not used as truth.",no_saved_evidence,unknown,no_conflict,send_to_age_contract_review,,
11142,НУРОФАСТ ТАБЛ. П/ПЛЕН/ОБ. 200МГ №20 | АЛИУМ АО | АЛИУМ АО,Ибупрофен,универсальный,identity_enrichment,взрослые,,универсальный,,not_available,conflict,conflict_requires_evidence,unresolved comparable-source conflict (baseline_vs_enrichment_conflict); sem=взрослые prev=empty identity=универсальный. No source winner. Display=conflict; current value not accepted.,conflict,C,baseline_vs_enrichment_conflict,send_to_age_contract_review,,
11272,НООТРОП КАПС. №48 | ВИС ООО | ВИС ООО,,not_applicable,not_applicable,взрослые,универсальный,универсальный,,not_available,conflict,conflict_requires_evidence,unresolved comparable-source conflict (baseline_vs_enrichment_conflict); sem=взрослые prev=универсальный identity=универсальный. No source winner. Display=conflict; current value not accepted.,conflict,C,baseline_vs_enrichment_conflict,send_to_age_contract_review,,
12389,"МЯТЫ ПЕРЕЧНОЙ ЛИСТЬЯ Ф/П 1,5Г №20 ЗДОРОВЬЕ | ЗДОРОВЬЕ ФИРМА ООО | ЗДОРОВЬЕ ФИРМА ООО",Мяты перечной листья,универсальный,identity_enrichment,,универсальный,универсальный,,not_available,unknown,downgrade_unsupported_to_unknown,"current=универсальный via identity_enrichment lacks product-specific explicit Age evidence (evidence_status=product_specific_but_no_explicit_age, identity=C, evidence_grade=none). absence of age data != универсальный; Sem adults != adult-only. Downgrade display to unknown. Hint is not used as truth.",product_specific_but_no_explicit_age,C,no_conflict,send_to_age_contract_review,,
12495,МУКОСАТ МАЗЬ Д/НАРУЖ. ПРИМ. 5% ТУБА 30Г | ЗЕЛЕНАЯ ДУБРАВА ЗАО | ЗЕЛЕНАЯ ДУБРАВА ЗАО,Хондроитина Сульфат Натрия,взрослые,previous_enrichment,,взрослые,,,not_available,unknown,downgrade_unsupported_to_unknown,"current=взрослые via previous_enrichment lacks product-specific explicit Age evidence (evidence_status=no_saved_evidence, identity=unknown, evidence_grade=none). absence of age data != универсальный; Sem adults != adult-only. Downgrade display to unknown. Hint is not used as truth.",no_saved_evidence,unknown,no_conflict,send_to_age_contract_review,,
13125,МИКРОГИНОН ТАБЛ. П/О 150МКГ+30МКГ №21 | ДЕЛЬФАРМ ЛИЛЛЬ С.А.С | ДЕЛЬФАРМ ЛИЛЛЬ С.А.С,"levonorgestrel, ethinylestradiol",взрослые,identity_enrichment,взрослые,,взрослые,,not_available,unknown,downgrade_unsupported_to_unknown,"current=взрослые via identity_enrichment lacks product-specific explicit Age evidence (evidence_status=product_specific_but_no_explicit_age, identity=C, evidence_grade=none). absence of age data != универсальный; Sem adults != adult-only. Downgrade display to unknown. Hint is not used as truth.",product_specific_but_no_explicit_age,C,no_conflict,send_to_age_contract_review,,
13616,"МЕЛИССЫ ЛЕКАРСТВЕННОЙ ТРАВА Ф/П 1,5Г №20 ЗДОРОВЬЕ | ЗДОРОВЬЕ ФИРМА ООО | ЗДОРОВЬЕ ФИРМА ООО",Melissae officinalis herba,взрослые,previous_enrichment,взрослые,взрослые,,универсальный,explicit_label_note,unknown,downgrade_unsupported_to_unknown,"current=взрослые via previous_enrichment lacks product-specific explicit Age evidence (evidence_status=no_saved_evidence, identity=unknown, evidence_grade=none). absence of age data != универсальный; Sem adults != adult-only. Downgrade display to unknown. Hint is not used as truth.",no_saved_evidence,unknown,no_conflict,send_to_age_contract_review,,
14758,"ЛОЗАРТАН Н ТАБЛ. П/ПЛЕН/ОБ. 12,5МГ+100МГ №30 ОЗОН | ОЗОН ООО | ОЗОН ООО","Лозартан, Гидрохлоротиазид",взрослые,identity_enrichment,взрослые,,взрослые,,not_available,unknown,downgrade_unsupported_to_unknown,"current=взрослые via identity_enrichment lacks product-specific explicit Age evidence (evidence_status=product_specific_but_no_explicit_age, identity=C, evidence_grade=none). absence of age data != универсальный; Sem adults != adult-only. Downgrade display to unknown. Hint is not used as truth.",product_specific_but_no_explicit_age,C,no_conflict,send_to_age_contract_review,,
15062,ЛИЗИНОПРИЛ-ТЕВА ТАБЛ. 10МГ №30 Р-ФАРМ | Р-ФАРМ НОВОСЕЛКИ ООО | Р-ФАРМ НОВОСЕЛКИ ООО,Лизиноприл,взрослые,sem_baseline,взрослые,,,,not_available,unknown,downgrade_unsupported_to_unknown,"current=взрослые via sem_baseline lacks product-specific explicit Age evidence (evidence_status=no_saved_evidence, identity=unknown, evidence_grade=none). absence of age data != универсальный; Sem adults != adult-only. Downgrade display to unknown. Hint is not used as truth.",no_saved_evidence,unknown,no_conflict,send_to_age_contract_review,,
15150,ЛИДОКАИН БУФУС Р-Р Д/ИН. 100МГ/МЛ АМП. 2МЛ №10 ОБНОВЛЕНИЕ | ОБНОВЛЕНИЕ ПФК АО | ОБНОВЛЕНИЕ ПФК АО,Лидокаин,unknown,not_resolved,,,,взрослые,explicit_label_note,unknown,retain_safe_unknown,current Age is unknown and no product-specific explicit Age evidence is stored. unknown is a valid safe outcome; not upgraded from labels or medical inference.,no_saved_evidence,unknown,unknown,require_product_specific_evidence,,
16485,КРУШИНЫ КОРА Ф/П 2Г №20 ФИТО-БОТ | ФИТО-БОТ ФИРМА ООО | ФИТО-БОТ ФИРМА ООО,Крушины ольховидной кора,универсальный,previous_enrichment,взрослые,универсальный,,,not_available,conflict,conflict_requires_evidence,unresolved comparable-source conflict (baseline_vs_enrichment_conflict); sem=взрослые prev=универсальный identity=empty. No source winner. Display=conflict; current value not accepted.,conflict,unknown,baseline_vs_enrichment_conflict,send_to_age_contract_review,,
16623,КОФЕИН-БЕНЗОАТ НАТРИЯ ТАБЛ. 100МГ №10 ТАТХИМФАРМПРЕПАРАТЫ | ТАТХИМФАРМПРЕПАРАТЫ АО | ТАТХИМФАРМПРЕПАРАТЫ АО,Кофеин,универсальный,identity_enrichment,взрослые,,универсальный,взрослые,explicit_label_note,conflict,conflict_requires_evidence,unresolved comparable-source conflict (baseline_vs_enrichment_conflict); sem=взрослые prev=empty identity=универсальный. No source winner. Display=conflict; current value not accepted.,conflict,C,baseline_vs_enrichment_conflict,send_to_age_contract_review,,
18125,КАНДЕСАРТАН ТАБЛ. 16МГ №28 БЕРЕЗОВСКИЙ ФЗ | БЕРЕЗОВСКИЙ ФЗ | БЕРЕЗОВСКИЙ ФЗ,Кандесартан,универсальный,previous_enrichment,взрослые,универсальный,,взрослые,explicit_label_note,conflict,conflict_requires_evidence,unresolved comparable-source conflict (baseline_vs_enrichment_conflict); sem=взрослые prev=универсальный identity=empty. No source winner. Display=conflict; current value not accepted.,conflict,unknown,baseline_vs_enrichment_conflict,send_to_age_contract_review,,
18179,КАЛЬЦИЯ ГЛЮКОНАТ ЭКО ТАБЛ. ПО 500МГ №10 | ЭКОТЕКС ООО | ЭКОТЕКС ООО,,not_applicable,not_applicable,,универсальный,универсальный,,not_available,not_applicable,m2_not_applicable_candidate,approved M2 BAS/Other non-drug; Age not needed for drug routing; kind=bas; override_status=applied. Proposal-only; current Age and product_kind unchanged.,not_applicable,not_applicable,not_applicable,not_applicable_no_drug_age_review,,
18377,ЙОД Р-Р Д/НАРУЖ. ПРИМ. СПИРТ. 5% ФЛ. 25МЛ ГИППОКРАТ | ГИППОКРАТ | ГИППОКРАТ,Йод,универсальный,previous_enrichment,,универсальный,,,not_available,unknown,downgrade_unsupported_to_unknown,"current=универсальный via previous_enrichment lacks product-specific explicit Age evidence (evidence_status=no_saved_evidence, identity=unknown, evidence_grade=none). absence of age data != универсальный; Sem adults != adult-only. Downgrade display to unknown. Hint is not used as truth.",no_saved_evidence,unknown,no_conflict,send_to_age_contract_review,,
18830,ИЗЖОГАНЕТ АНТАЦИДНЫЙ КОМПЛЕКС СО ВКУСОМ МЯТЫ ТАБЛ. 600МГ №40 | ГРИН САЙД ООО | ГРИН САЙД ООО,,not_applicable,not_applicable,взрослые,взрослые,взрослые,,not_available,not_applicable,m2_not_applicable_candidate,approved M2 BAS/Other non-drug; Age not needed for drug routing; kind=bas; override_status=applied. Proposal-only; current Age and product_kind unchanged.,not_applicable,not_applicable,not_applicable,not_applicable_no_drug_age_review,,
19198,ЗВЕРОБОЯ ТРАВА 50Г ФИТОФАРМ | ФИТОФАРМ ООО | ФИТОФАРМ ООО,,unknown,not_resolved,,универсальный,универсальный,взрослые,explicit_label_note,unknown,retain_safe_unknown,current Age is unknown and no product-specific explicit Age evidence is stored. unknown is a valid safe outcome; not upgraded from labels or medical inference.,product_specific_but_no_explicit_age,B,no_conflict,require_product_specific_evidence,,
19370,ДЮСПАТАЛИН ТАБЛ. П/О 135МГ №15 ВЕРОФАРМ | ВЕРОФАРМ АО | ВЕРОФАРМ АО,Мебеверин,взрослые,identity_enrichment,взрослые,,взрослые,,not_available,unknown,downgrade_unsupported_to_unknown,"current=взрослые via identity_enrichment lacks product-specific explicit Age evidence (evidence_status=product_specific_but_no_explicit_age, identity=C, evidence_grade=none). absence of age data != универсальный; Sem adults != adult-only. Downgrade display to unknown. Hint is not used as truth.",product_specific_but_no_explicit_age,C,no_conflict,send_to_age_contract_review,,
20122,ДИОСМИН ТАБЛ. П/ПЛЕН/ОБ. 600МГ №60 ОЗОН | ОЗОН ООО | ОЗОН ООО,Диосмин,взрослые,sem_baseline,взрослые,,,универсальный,explicit_label_note,unknown,downgrade_unsupported_to_unknown,"current=взрослые via sem_baseline lacks product-specific explicit Age evidence (evidence_status=no_saved_evidence, identity=unknown, evidence_grade=none). absence of age data != универсальный; Sem adults != adult-only. Downgrade display to unknown. Hint is not used as truth.",no_saved_evidence,unknown,no_conflict,send_to_age_contract_review,,
20614,"ДЕКСАМЕТАЗОН-КРКА ТАБЛ. 4МГ №20 | КРКА Д.Д., НОВО МЕСТО АО/КРКА-РУС ООО | КРКА Д.Д., НОВО МЕСТО АО/КРКА-РУС ООО",Дексаметазон,unknown,not_resolved,,,,универсальный,explicit_label_note,unknown,retain_safe_unknown,current Age is unknown and no product-specific explicit Age evidence is stored. unknown is a valid safe outcome; not upgraded from labels or medical inference.,no_saved_evidence,unknown,unknown,require_product_specific_evidence,,
20628,ДЕКСА-ГЕНТАМИЦИН КАПЛИ ГЛАЗН. ФЛ-КАП. 5МЛ | УРСАФАРМ АРЦНАЙМИТТЕЛЬ ГМБХ | УРСАФАРМ АРЦНАЙМИТТЕЛЬ ГМБХ,"Дексаметазон, Гентамицин",взрослые,identity_enrichment,,,взрослые,,not_available,unknown,downgrade_unsupported_to_unknown,"current=взрослые via identity_enrichment lacks product-specific explicit Age evidence (evidence_status=product_specific_but_no_explicit_age, identity=C, evidence_grade=none). absence of age data != универсальный; Sem adults != adult-only. Downgrade display to unknown. Hint is not used as truth.",product_specific_but_no_explicit_age,C,no_conflict,send_to_age_contract_review,,
21010,ГЛИЦИН ФОРТЕ ТАБЛ. ЗАЩЕЧН. И П/ЯЗЫЧН. 250МГ №20 ОЗОН | ОЗОН ООО | ОЗОН ООО,Глицин,unknown,not_resolved,,,,универсальный,explicit_label_note,unknown,retain_safe_unknown,current Age is unknown and no product-specific explicit Age evidence is stored. unknown is a valid safe outcome; not upgraded from labels or medical inference.,no_saved_evidence,unknown,unknown,require_product_specific_evidence,,
21019,ГЛИЦИН ТАБЛ. П/ЯЗЫЧН. 100МГ №50 ОЗОН | ОЗОН ООО | ОЗОН ООО,Глицин,универсальный,previous_enrichment,универсальный,универсальный,,,not_available,unknown,downgrade_unsupported_to_unknown,"current=универсальный via previous_enrichment lacks product-specific explicit Age evidence (evidence_status=no_saved_evidence, identity=unknown, evidence_grade=none). absence of age data != универсальный; Sem adults != adult-only. Downgrade display to unknown. Hint is not used as truth.",no_saved_evidence,unknown,no_conflict,send_to_age_contract_review,,
21137,ГЛИБЕНКЛАМИД ТАБЛ. 5МГ №120 ОЗОН ФАРМ | ОЗОН ФАРМ ООО | ОЗОН ФАРМ ООО,Глибенкламид,универсальный,previous_enrichment,взрослые,универсальный,,,not_available,conflict,conflict_requires_evidence,unresolved comparable-source conflict (baseline_vs_enrichment_conflict); sem=взрослые prev=универсальный identity=empty. No source winner. Display=conflict; current value not accepted.,conflict,unknown,baseline_vs_enrichment_conflict,send_to_age_contract_review,,
21387,ГЕПАВИЗИМ ФОСФОЛИПИДЫ+L-ОРИНИТИН+КУРКУМИН КАПС. ПО 495МГ №30 | ВТФ ООО | ВТФ ООО,,not_applicable,not_applicable,взрослые,универсальный,универсальный,,not_available,not_applicable,m2_not_applicable_candidate,approved M2 BAS/Other non-drug; Age not needed for drug routing; kind=bas; override_status=applied. Proposal-only; current Age and product_kind unchanged.,not_applicable,not_applicable,not_applicable,not_applicable_no_drug_age_review,,
22468,"ВИДОРА МИКРО ТАБЛ. П/ПЛЕН/ОБ. 3МГ+0,02МГ №21+7 | ЛАБОРАТОРИОС ЛЕОН ФАРМА С.А. | ЛАБОРАТОРИОС ЛЕОН ФАРМА С.А.","Дроспиренон, Этинилэстрадиол",взрослые,identity_enrichment,взрослые,,взрослые,,not_available,unknown,downgrade_unsupported_to_unknown,"current=взрослые via identity_enrichment lacks product-specific explicit Age evidence (evidence_status=product_specific_but_no_explicit_age, identity=C, evidence_grade=none). absence of age data != универсальный; Sem adults != adult-only. Downgrade display to unknown. Hint is not used as truth.",product_specific_but_no_explicit_age,C,no_conflict,send_to_age_contract_review,,
22548,ВЕЧЕРНЕЕ ВАЛЕРИАНА+МЯТА+МЕЛИССА ДРАЖЕ №50 ПАРАФАРМ | ПАРАФАРМ ООО | ПАРАФАРМ ООО,,not_applicable,not_applicable,взрослые,взрослые,взрослые,,not_available,not_applicable,m2_not_applicable_candidate,approved M2 BAS/Other non-drug; Age not needed for drug routing; kind=bas; override_status=applied. Proposal-only; current Age and product_kind unchanged.,not_applicable,not_applicable,not_applicable,not_applicable_no_drug_age_review,,
23695,БИОРИТМ АНТИСТРЕСС 24 ДЕНЬ/НОЧЬ ТАБЛ. П/О №32 | ЭВАЛАР ЗАО | ЭВАЛАР ЗАО,,not_applicable,not_applicable,взрослые,взрослые,взрослые,,not_available,not_applicable,m2_not_applicable_candidate,approved M2 BAS/Other non-drug; Age not needed for drug routing; kind=bas; override_status=applied. Proposal-only; current Age and product_kind unchanged.,not_applicable,not_applicable,not_applicable,not_applicable_no_drug_age_review,,
24095,БЕТАГИСТИН ТАБЛ. 16МГ №30 ОЗОН | ОЗОН ООО | ОЗОН ООО,Бетагистин,взрослые,previous_enrichment,взрослые,взрослые,,,not_available,unknown,downgrade_unsupported_to_unknown,"current=взрослые via previous_enrichment lacks product-specific explicit Age evidence (evidence_status=no_saved_evidence, identity=unknown, evidence_grade=none). absence of age data != универсальный; Sem adults != adult-only. Downgrade display to unknown. Hint is not used as truth.",no_saved_evidence,unknown,no_conflict,send_to_age_contract_review,,
24098,БЕТАГИСТИН СОЛОФАРМ ТАБЛ. 16МГ №30 | ГРОТЕКС ООО | ГРОТЕКС ООО,Бетагистин,взрослые,previous_enrichment,взрослые,взрослые,,,not_available,unknown,downgrade_unsupported_to_unknown,"current=взрослые via previous_enrichment lacks product-specific explicit Age evidence (evidence_status=no_saved_evidence, identity=unknown, evidence_grade=none). absence of age data != универсальный; Sem adults != adult-only. Downgrade display to unknown. Hint is not used as truth.",no_saved_evidence,unknown,no_conflict,send_to_age_contract_review,,
24255,"БЕЛОДЕРМ КРЕМ Д/НАРУЖ. ПРИМ. 0,05% ТУБА 30Г | БЕЛУПО | БЕЛУПО",Бетаметазон,универсальный,identity_enrichment,взрослые,,универсальный,,not_available,conflict,conflict_requires_evidence,unresolved comparable-source conflict (baseline_vs_enrichment_conflict); sem=взрослые prev=empty identity=универсальный. No source winner. Display=conflict; current value not accepted.,conflict,B,baseline_vs_enrichment_conflict,send_to_age_contract_review,,
24682,АЦИКЛОВИР ТАБЛ. 200МГ №20 АВЕКСИМА | ИРБИТСКИЙ ХИМЗАВОД ОАО | ИРБИТСКИЙ ХИМЗАВОД ОАО,Ацикловир,универсальный,previous_enrichment,,универсальный,,,not_available,unknown,downgrade_unsupported_to_unknown,"current=универсальный via previous_enrichment lacks product-specific explicit Age evidence (evidence_status=no_saved_evidence, identity=unknown, evidence_grade=none). absence of age data != универсальный; Sem adults != adult-only. Downgrade display to unknown. Hint is not used as truth.",no_saved_evidence,unknown,no_conflict,send_to_age_contract_review,,
24750,АЦЕТИЛСАЛИЦИЛОВАЯ КИСЛОТА ПЛЮС РЕНЕВАЛ ТАБЛ. 500МГ+25МГ №20 | ОБНОВЛЕНИЕ ПФК АО | ОБНОВЛЕНИЕ ПФК АО,"Ацетилсалициловая кислота, Аскорбиновая кислота",взрослые,previous_enrichment,взрослые,взрослые,,универсальный,explicit_label_note,unknown,downgrade_unsupported_to_unknown,"current=взрослые via previous_enrichment lacks product-specific explicit Age evidence (evidence_status=no_saved_evidence, identity=unknown, evidence_grade=none). absence of age data != универсальный; Sem adults != adult-only. Downgrade display to unknown. Hint is not used as truth.",no_saved_evidence,unknown,no_conflict,send_to_age_contract_review,,
24896,АТОРВАСТАТИН-ФП ТАБЛ. П/ПЛЕН/ОБ. 20МГ №30 | ФАРМПРОЕКТ АО | ФАРМПРОЕКТ АО,Аторвастатин,взрослые,previous_enrichment,взрослые,взрослые,,,not_available,unknown,downgrade_unsupported_to_unknown,"current=взрослые via previous_enrichment lacks product-specific explicit Age evidence (evidence_status=no_saved_evidence, identity=unknown, evidence_grade=none). absence of age data != универсальный; Sem adults != adult-only. Downgrade display to unknown. Hint is not used as truth.",no_saved_evidence,unknown,no_conflict,send_to_age_contract_review,,
24901,АТОРВАСТАТИН-ТЕВА ТАБЛ. П/ПЛЕН/ОБ. 10МГ №30 АЛКАЛОИД | АЛКАЛОИД АД Скопье | АЛКАЛОИД АД Скопье,Аторвастатин,взрослые,sem_baseline,взрослые,,,,not_available,unknown,downgrade_unsupported_to_unknown,"current=взрослые via sem_baseline lacks product-specific explicit Age evidence (evidence_status=no_saved_evidence, identity=unknown, evidence_grade=none). absence of age data != универсальный; Sem adults != adult-only. Downgrade display to unknown. Hint is not used as truth.",no_saved_evidence,unknown,no_conflict,send_to_age_contract_review,,
24945,АТОРВАСТАТИН-СЗ ТАБЛ. П/ПЛЕН/ОБ. 20МГ №30 | СЕВЕРНАЯ ЗВЕЗДА НАО | СЕВЕРНАЯ ЗВЕЗДА НАО,Аторвастатин,взрослые,sem_baseline,взрослые,,,,not_available,unknown,downgrade_unsupported_to_unknown,"current=взрослые via sem_baseline lacks product-specific explicit Age evidence (evidence_status=no_saved_evidence, identity=unknown, evidence_grade=none). absence of age data != универсальный; Sem adults != adult-only. Downgrade display to unknown. Hint is not used as truth.",no_saved_evidence,unknown,no_conflict,send_to_age_contract_review,,
25599,АПИЛАК ТАБЛ. П/ЯЗЫЧН. 10МГ №30 ВИФИТЕХ | ВИФИТЕХ | ВИФИТЕХ,Маточное Молочко,универсальный,previous_enrichment,,универсальный,,,not_available,unknown,downgrade_unsupported_to_unknown,"current=универсальный via previous_enrichment lacks product-specific explicit Age evidence (evidence_status=no_saved_evidence, identity=unknown, evidence_grade=none). absence of age data != универсальный; Sem adults != adult-only. Downgrade display to unknown. Hint is not used as truth.",no_saved_evidence,unknown,no_conflict,send_to_age_contract_review,,
25982,АМЛОДИПИН ТАБЛ. 10МГ №30 РОЗЛЕКС | РОЗЛЕКС ФАРМ ООО | РОЗЛЕКС ФАРМ ООО,Амлодипин,универсальный,previous_enrichment,взрослые,универсальный,,взрослые,explicit_label_note,conflict,conflict_requires_evidence,unresolved comparable-source conflict (baseline_vs_enrichment_conflict); sem=взрослые prev=универсальный identity=empty. No source winner. Display=conflict; current value not accepted.,conflict,unknown,baseline_vs_enrichment_conflict,send_to_age_contract_review,,
26001,АМЛОДИПИН-ПРАНА ТАБЛ. 10МГ №60 | ПРАНАФАРМ ООО | ПРАНАФАРМ ООО,Амлодипин,взрослые,sem_baseline,взрослые,,,,not_available,unknown,downgrade_unsupported_to_unknown,"current=взрослые via sem_baseline lacks product-specific explicit Age evidence (evidence_status=no_saved_evidence, identity=unknown, evidence_grade=none). absence of age data != универсальный; Sem adults != adult-only. Downgrade display to unknown. Hint is not used as truth.",no_saved_evidence,unknown,no_conflict,send_to_age_contract_review,,
26038,АМЛОДИПИН-АЛСИ ТАБЛ. 10МГ №90 | АЛСИ ФАРМА АО | АЛСИ ФАРМА АО,Амлодипин,взрослые,sem_baseline,взрослые,,,,not_available,unknown,downgrade_unsupported_to_unknown,"current=взрослые via sem_baseline lacks product-specific explicit Age evidence (evidence_status=no_saved_evidence, identity=unknown, evidence_grade=none). absence of age data != универсальный; Sem adults != adult-only. Downgrade display to unknown. Hint is not used as truth.",no_saved_evidence,unknown,no_conflict,send_to_age_contract_review,,
26115,АМБРОКСОЛ ТАБЛ. 30МГ №20 ВЕРТЕКС | ВЕРТЕКС АО | ВЕРТЕКС АО,Амброксол,взрослые,sem_baseline,взрослые,,,универсальный,explicit_label_note,unknown,downgrade_unsupported_to_unknown,"current=взрослые via sem_baseline lacks product-specific explicit Age evidence (evidence_status=no_saved_evidence, identity=unknown, evidence_grade=none). absence of age data != универсальный; Sem adults != adult-only. Downgrade display to unknown. Hint is not used as truth.",no_saved_evidence,unknown,no_conflict,send_to_age_contract_review,,
26319,"АЛТАЙ ФИТОЧАЙ КИПРЕЯ ТРАВА Ф/П 1,5Г №20 | АЛТАЙСКИЙ КЕДР ООО | АЛТАЙСКИЙ КЕДР ООО",,not_applicable,not_applicable,,взрослые,взрослые,,not_available,not_applicable,m2_not_applicable_candidate,approved M2 BAS/Other non-drug; Age not needed for drug routing; kind=bas; override_status=applied. Proposal-only; current Age and product_kind unchanged.,not_applicable,not_applicable,not_applicable,not_applicable_no_drug_age_review,,
