product_id,normalized_text,baseline_attr_mnn,input_explicit_mnn,catalog_candidate_mnn_before_gate,catalog_candidate_mnn_after_gate,enrichment_mnn,final_candidate_mnn,final_mnn_method,mnn_resolution_status,needs_human_review,accepted_source_count,rejected_source_count,ambiguous_source_count,accepted_source_titles,accepted_source_urls,accepted_source_mnn,accepted_source_match_scores,rejected_source_titles,rejected_source_urls,rejected_source_mnn,rejected_source_match_scores,rejection_reasons,enrichment_evidence_urls,label_mnn,label_source_match,label_rx_otc,label_notes
68,ЭПЛЕРЕНОН-ТЕВА 25мг N30 таб. покрытые пленочной оболочкой Тева фармасьютикал воркс прайвэт Лимитед Компани | Тева фармасьютикал воркс прайвэт Лимитед Компани | Тева фармасьютикал воркс прайвэт Лимитед Компани | N30,Эплеренон,,Эплеренон,Эплеренон,,Эплеренон,catalog_consensus,resolved_catalog,False,2,1,2,"Эплеренон-Тева, 25 мг, табл. п.п.о, 30 шт. | /cards/eplerenon-teva_25mg_n30_tab_pokrytye_plenochnoy_obolochkoy_teva_pharmaceutical_works_private_co.html",https://uteka.ru/product/eplerenon-401467/ | https://www.asna.ru/cards/eplerenon-teva_25mg_n30_tab_pokrytye_plenochnoy_obolochkoy_teva_pharmaceutical_works_private_co.html,Эплеренон | Эплеренон,0.85 | 0.85,eplerenon teva 25 mg 30 sht tabletki pokrytye plenochnoj obolochkoj,https://apteka.ru/product/eplerenon-teva-25-mg-30-sht-tabletki-pokrytye-plenochnoj-obolochkoj-6566fabdb045b8b580df49be/,Эплеренон,-0.4,"brand_title_conflict:-0.60,dose_match:+0.20",,,,,
28,МЕРИФАТИН МВ 750мг N60 таб. с пролонгированным высвобождением Фармасинтез-Тюмень ООО | Фармасинтез-Тюмень ООО | Фармасинтез-Тюмень ООО | N60,Мерифатин,,Метформин,Метформин,,Метформин,catalog_consensus,resolved_catalog,False,2,1,2,"Мерифатин МВ, 750 мг, табл. с пролонг. высвоб, 60 шт. | /cards/merifatin_mv_750mg_n60_tab_s_prolongirovannym_vysvobozhdeniem_farmasintez-tyumen_ooo.html",https://uteka.ru/product/merifatin-mv-376881/ | https://www.asna.ru/cards/merifatin_mv_750mg_n60_tab_s_prolongirovannym_vysvobozhdeniem_farmasintez-tyumen_ooo.html,Метформин | Метформин,0.85 | 0.85,merifatin mv 750 mg 60 sht blister tabletki s prolongirovannym vysvobozhdeniem,https://apteka.ru/product/merifatin-mv-750-mg-60-sht-blister-tabletki-s-prolongirovannym-vysvobozhdeniem-622b16f05032e8d0b17c8ece/,Метформин,-0.4,"brand_title_conflict:-0.60,dose_match:+0.20",,,,,
3065,ФЛУКОНАЗОЛ-OBL КАПС. 150МГ №4 | ОБОЛЕНСКОЕ ФП АО | ОБОЛЕНСКОЕ ФП АО,Флуконазол,,Флуконазол,Флуконазол,,Флуконазол,catalog_consensus,resolved_catalog,False,3,0,2,"Флуконазол-OBL, 150 мг, капсулы, 2 шт. | flukonazol obl 150 mg 2 sht kapsuly | /cards/flukonazol-obl_150mg_n4_kaps_alium_ao.html",https://uteka.ru/product/flukonazol-obl-251683/ | https://apteka.ru/product/flukonazol-obl-150-mg-2-sht-kapsuly-5f450cdea453570001b46f3c/ | https://www.asna.ru/cards/flukonazol-obl_150mg_n4_kaps_alium_ao.html,Флуконазол | Флуконазол | Флуконазол,0.85 | 0.7 | 0.7,,,,,,,,,,
8,ХАЙЛЕФЛОКС 500мг N5 таб. покрытые пленочной оболочкой Хайгланс Лабораториз Пвт.Лтд. | Хайгланс лабораториз пвт. Лтд | Хайгланс лабораториз пвт. Лтд | N5,Левофлоксацин,,Левофлоксацин,Левофлоксацин,,Левофлоксацин,catalog_consensus,resolved_catalog,False,2,0,3,"Хайлефлокс, 500 мг, табл. п.п.о, 5 шт. | /cards/khaylefloks_500mg_n5_tab_khayglans_laboratoriz_pvtltd.html",https://uteka.ru/product/hajlefloks-238472/ | https://www.asna.ru/cards/khaylefloks_500mg_n5_tab_khayglans_laboratoriz_pvtltd.html,Левофлоксацин | Левофлоксацин,0.85 | 0.85,,,,,,,,,,
19370,ДЮСПАТАЛИН ТАБЛ. П/О 135МГ №15 ВЕРОФАРМ | ВЕРОФАРМ АО | ВЕРОФАРМ АО,Мебеверин,,"Мебеверин, Симетикон",,,,unresolved,unresolved_catalog,True,1,2,2,"Дюспаталин Дуо, 135 мг + 84,43 мг, табл. п.о, 30 шт.",https://uteka.ru/product/dyuspatalin-duo-403549/,Мебеверин + Симетикон,0.85,dyuspatalin duo 135 mg8443 mg 30 sht tabletki pokrytye plenochnoj obolochkoj | /cards/dyuspatalin_135mg_n15_tab_pokrytye_obolochkoy_verofarm_ao.html,https://apteka.ru/product/dyuspatalin-duo-135-mg8443-mg-30-sht-tabletki-pokrytye-plenochnoj-obolochkoj-65857c146365683593e5fbf2/ | https://www.asna.ru/cards/dyuspatalin_135mg_n15_tab_pokrytye_obolochkoy_verofarm_ao.html,"Симетикон, Мебеверин | Мебеверин",-0.4 | -0.25,"brand_title_conflict:-0.60,dose_match:+0.20 | brand_title_conflict:-0.60,dose_match:+0.20,form_match:+0.15",,,,,
3027,ФЛУОКСЕТИН КАПС. 10МГ №20 ОЗОН | ОЗОН ООО | ОЗОН ООО,Флуоксетин,,Флуоксетин,,,,unresolved,unresolved_catalog,True,1,1,3,"Флуоксетин, 10 мг, капсулы, 20 шт.",https://uteka.ru/product/fluoksetin-149226/,Флуоксетин,0.85,fluoksetin kanon 20 mg 30 sht kapsuly,https://apteka.ru/product/fluoksetin-kanon-20-mg-30-sht-kapsuly-5e326c56f5a9ae000140a4c2/,Флуоксетин,-0.9,"brand_title_conflict:-0.60,dose_conflict:-0.30",,,,,
12389,"МЯТЫ ПЕРЕЧНОЙ ЛИСТЬЯ Ф/П 1,5Г №20 ЗДОРОВЬЕ | ЗДОРОВЬЕ ФИРМА ООО | ЗДОРОВЬЕ ФИРМА ООО",Мяты перечной листья,,,,,,unresolved,unresolved_catalog,True,1,2,2,"М Здоровье Крапивы листья, 1.5 г, 20 шт.",https://uteka.ru/product/m-zdorove-krapivi-listya-436042/,,0.7,fitochaj zdorovechernika 2 gr 20 sht filtr pakety | /cards/krapiva_listya_15g_n20_fp_zdorove.html,https://apteka.ru/product/fitochaj-zdorovechernika-2-gr-20-sht-filtr-pakety-5e32723665b5ab0001655da0/ | https://www.asna.ru/cards/krapiva_listya_15g_n20_fp_zdorove.html, | Крапивы двудомной листья,-0.6 | -0.6,"brand_title_conflict:-0.60,dose_card_unknown | brand_title_conflict:-0.60,dose_card_unknown",,,,,
45,АКВИОН КОЖА ВОЛОСЫ НОГТИ таб. N60 ВТФ ООО | ВТФ ООО | ВТФ ООО | N60,,,,,,,unresolved,unresolved_catalog,True,2,1,2,"Аквион мультивитамины для женщин, табл. п.п.о, 60 шт. | /cards/akvion_biotin_tab_600mkg_n60_biosfera_ooo.html",https://uteka.ru/product/akvion-multivitaminy-dlya-zhenshhin-384682/ | https://www.asna.ru/cards/akvion_biotin_tab_600mkg_n60_biosfera_ooo.html, | Биотин,0.65 | 0.65,akvion morskoj kollagen 50 sht tabletki zhevatelnye massoj 1960 mg,https://apteka.ru/product/akvion-morskoj-kollagen-50-sht-tabletki-zhevatelnye-massoj-1960-mg-63ff859c222122894ef0f212/,,-0.6,brand_title_conflict:-0.60,,,,,
22468,"ВИДОРА МИКРО ТАБЛ. П/ПЛЕН/ОБ. 3МГ+0,02МГ №21+7 | ЛАБОРАТОРИОС ЛЕОН ФАРМА С.А. | ЛАБОРАТОРИОС ЛЕОН ФАРМА С.А.",Дроспиренон + Этинилэстрадиол,,"Этинилэстрадиол, Дроспиренон",,,,unresolved,unresolved_catalog,True,0,2,3,,,,,vidora mikro 3 mg  002 mg 28 sht tabletki pokrytye plenochnoj obolochkoj | /cards/vidora_mikro_n244_tab_pokrytye_plenochnoy_obolochkoy_laboratorios_leon_farma_sa.html,https://apteka.ru/product/vidora-mikro-3-mg--002-mg-28-sht-tabletki-pokrytye-plenochnoj-obolochkoj-5e3271a5f5a9ae000140cc6b/ | https://www.asna.ru/cards/vidora_mikro_n244_tab_pokrytye_plenochnoy_obolochkoy_laboratorios_leon_farma_sa.html,"Этинилэстрадиол, Дроспиренон | Дроспиренон + Этинилэстрадиол",-0.4 | -0.45,"brand_title_conflict:-0.60,dose_match:+0.20 | brand_title_conflict:-0.60,dose_card_unknown,form_match:+0.15",,,,,
20518,ДЕПАКИН ХРОНОСФЕРА ГРАН. ПРОЛОНГ. 100МГ ПАК. №30 | САНОФИ ВИНТРОП ИНДУСТРИЯ | САНОФИ ВИНТРОП ИНДУСТРИЯ,Вальпроевая кислота,,Вальпроевая кислота,,,,unresolved,unresolved_catalog,True,0,2,3,,,,,"Депакин Хроносфера, 1000 мг, гран. пролонг, 30 шт. | depakin 300 enterik 300 mg 100 sht tabletki pokrytye kishechnorastvorimoj obolochkoj",https://uteka.ru/product/depakin-hronosfera-217280/ | https://apteka.ru/product/depakin-300-enterik-300-mg-100-sht-tabletki-pokrytye-kishechnorastvorimoj-obolochkoj-5e32737265b5ab0001656689/,Вальпроевая кислота | Вальпроевая кислота,0.2 | -0.9,"brand_title_match:+0.50,dose_conflict:-0.30 | brand_title_conflict:-0.60,dose_conflict:-0.30",,,,,
4481,ТРАНЕКСАМОВАЯ КИСЛОТА ТАБЛ. П/ПЛЕН/ОБ. 250МГ №30 МЭЗ | МОСКОВСКИЙ ЭНДОКРИННЫЙ ЗАВОД ФГУП | МОСКОВСКИЙ ЭНДОКРИННЫЙ ЗАВОД ФГУП,Транексамовая кислота,,Транексамовая кислота,,,,unresolved,unresolved_catalog,True,1,1,3,"Транексамовая кислота, 250 мг, табл. п.п.о, 10 шт.",https://uteka.ru/product/traneksamovaya-kislota-402814/,Транексамовая кислота,0.85,traneksamovaya kislota verteks 250 mg 10 sht tabletki pokrytye plenochnoj obolochkoj,https://apteka.ru/product/traneksamovaya-kislota-verteks-250-mg-10-sht-tabletki-pokrytye-plenochnoj-obolochkoj-634d69dfe65cbb5833914689/,Транексамовая кислота,-0.4,"brand_title_conflict:-0.60,dose_match:+0.20",,,,,
6743,СИЛДЕНАФИЛ ТАБЛ. П/ПЛЕН/ОБ. 100МГ №10 ОЗОН | ОЗОН ООО | ОЗОН ООО,Силденафил,,Силденафил,,,,unresolved,unresolved_catalog,True,1,1,3,"Силденафил-СЗ, 100 мг, табл. п.п.о, 20 шт.",https://uteka.ru/product/sildenafil-sz-312564/,Силденафил,0.85,sildenafil 100 mg 2 sht tabletki pokrytye plenochnoj obolochkoj,https://apteka.ru/product/sildenafil-100-mg-2-sht-tabletki-pokrytye-plenochnoj-obolochkoj-5e3274e865b5ab000165710d/,Силденафил,-0.4,"brand_title_conflict:-0.60,dose_match:+0.20",,,,,
11293,"НОЛЬПАЗА ТАБЛ. КИШ/РАСТ. П/ПЛЕН/ОБ. 20МГ №14 | КРКА Д.Д., НОВО МЕСТО АО/КРКА-РУС ООО | КРКА Д.Д., НОВО МЕСТО АО/КРКА-РУС ООО",Пантопразол,,Пантопразол,,,,unresolved,unresolved_catalog,True,1,2,2,"Нольпаза, 20 мг, табл. п.о. кишечнорастворимые, 28 шт.",https://uteka.ru/product/nolpaza-220682/,Пантопразол,0.85,nolpaza 20 mg 28 sht tabletki kishechnorastvorimye  pokrytye plenochnoj obolochkoj | /cards/nolpaza_20mg_n14_tab_kishechnorastvorimye_krka_dd_novo_mesto.html,https://apteka.ru/product/nolpaza-20-mg-28-sht-tabletki-kishechnorastvorimye--pokrytye-plenochnoj-obolochkoj-5e326df565b5ab0001653ea2/ | https://www.asna.ru/cards/nolpaza_20mg_n14_tab_kishechnorastvorimye_krka_dd_novo_mesto.html,Пантопразол | Пантопразол,-0.4 | -0.25,"brand_title_conflict:-0.60,dose_match:+0.20 | brand_title_conflict:-0.60,dose_match:+0.20,form_match:+0.15",,,,,
9539,"ПИКОДИНАР КАПЛИ Д/ПРИЕМА ВНУТРЬ 7,5МГ/МЛ ФЛ. 15МЛ | ГРОТЕКС ООО | ГРОТЕКС ООО",,,Натрия пикосульфат,,,,unresolved,unresolved_catalog,True,1,2,2,"Пикодинар, 7.5 мг/мл, капли д/пр. внутрь, 30 мл, 1 шт.",https://uteka.ru/product/pikodinar-359527/,Натрия пикосульфат,0.85,pikodinar 75mgml flakon kapli dlya priema vnutr 30 ml | /cards/pikodinar_75mgml_30ml_kapli_dpriema_vnutr.html,https://apteka.ru/product/pikodinar-75mgml-flakon-kapli-dlya-priema-vnutr-30-ml-5e3278d765b5ab0001659320/ | https://www.asna.ru/cards/pikodinar_75mgml_30ml_kapli_dpriema_vnutr.html,Натрия пикосульфат | Натрия пикосульфат,-0.9 | -0.9,"brand_title_conflict:-0.60,dose_conflict:-0.30 | brand_title_conflict:-0.60,dose_conflict:-0.30",,,,,
14164,"МАКСИКОЛД ЛОР ТАБС ДВОЙНОЕ ДЕЙСТВИЕ ТАБЛ. Д/РАССАС. 8,75МГ+1МГ №20 | ФАРМСТАНДАРТ-ЛЕКСРЕДСТВА / ОТИСИФАРМ ПРО | ФАРМСТАНДАРТ-ЛЕКСРЕДСТВА / ОТИСИФАРМ ПРО",Бензокаин + Цетилпиридиния хлорид,,Гексэтидин,,,,unresolved,unresolved_catalog,True,0,2,3,,,,,maksikold lor tabs dvojnoe dejstvie 875 mg  1 mg 20 sht tabletki dlya rassasyvaniya | /cards/maksikold_lor_tabs_dvoynoe_deystvie_875mg1mg_n20_tab_drassasyvaniya_farmstandart-leksredstva.html,https://apteka.ru/product/maksikold-lor-tabs-dvojnoe-dejstvie-875-mg--1-mg-20-sht-tabletki-dlya-rassasyvaniya-66bdbce4862fae32de8b4755/ | https://www.asna.ru/cards/maksikold_lor_tabs_dvoynoe_deystvie_875mg1mg_n20_tab_drassasyvaniya_farmstandart-leksredstva.html,"Флурбипрофен, Цетилпиридиния хлорид | Флурбипрофен+Цетилпиридиния хлорид",-0.25 | -0.25,"brand_title_conflict:-0.60,dose_match:+0.20,form_match:+0.15 | brand_title_conflict:-0.60,dose_match:+0.20,form_match:+0.15",,,,,
14679,ЛОПЕРАМИД ТАБЛ. 2МГ №30 ОЗОН | ОЗОН ООО | ОЗОН ООО,Лоперамид,,Лоперамид,,,,unresolved,unresolved_catalog,True,1,1,3,"Лоперамид, 2 мг, табл, 20 шт.",https://uteka.ru/product/loperamid-22805/,Лоперамид,0.85,loperamid 2 mg 20 sht tabletki,https://apteka.ru/product/loperamid-2-mg-20-sht-tabletki-6839b46d0c2a656e635247cd/,Лоперамид,-0.4,"brand_title_conflict:-0.60,dose_match:+0.20",,,,,
20726,ДАБИКСОМ КАПС. 150МГ №60 | КРКА-РУС ООО | КРКА-РУС ООО,дабигатрана этексилат,,Дабигатрана этексилат,,,,unresolved,unresolved_catalog,True,1,2,2,"Дабиксом, 150 мг, капсулы, 60 шт.",https://uteka.ru/product/dabiksom-387323/,Дабигатрана этексилат,0.85,dabiksom 150 mg 60 sht kapsuly | /cards/dabiksom_150mg_n60_kaps_krka-rus_ooo.html,https://apteka.ru/product/dabiksom-150-mg-60-sht-kapsuly-641435f9c22247c3483c1497/ | https://www.asna.ru/cards/dabiksom_150mg_n60_kaps_krka-rus_ooo.html,Дабигатрана этексилат | Дабигатрана этексилат,-0.4 | -0.4,"brand_title_conflict:-0.60,dose_match:+0.20 | brand_title_conflict:-0.60,dose_match:+0.20",,,,,
5010,ТЕРАФЛЕКС КАПС. 500МГ+400МГ №200 МАКИЗ-ФАРМА | МАКИЗ-ФАРМА | МАКИЗ-ФАРМА,,,"Глюкозамин, Хондроитин сульфат, Хондроитина сульфат",,,,unresolved,unresolved_catalog,True,0,2,3,,,,,terafleks 500 mg  400 mg 100 sht kapsuly | /cards/terafleks_n200_kaps_kontrakt_farmakal_korporeyshnmakiz-farma_ooo.html,https://apteka.ru/product/terafleks-500-mg--400-mg-100-sht-kapsuly-5e32736165b5ab0001656645/ | https://www.asna.ru/cards/terafleks_n200_kaps_kontrakt_farmakal_korporeyshnmakiz-farma_ooo.html,"Глюкозамин, Хондроитина сульфат | Глюкозамин+Хондроитин сульфат",-0.4 | -0.6,"brand_title_conflict:-0.60,dose_match:+0.20 | brand_title_conflict:-0.60,dose_card_unknown",,,,,
19875,ДОЛГИТБЛОК ГЕЛЬ Д/НАРУЖ. ПРИМ. 5%+3% ТУБА 20Г | ДОЛОРГИТ ГМБХ И КО.КГ | ДОЛОРГИТ ГМБХ И КО.КГ,,,"Ибупрофен, Левоментол",,,,unresolved,unresolved_catalog,True,0,3,2,,,,,"Долгитблок, 5%+3%, гель д/наружн. прим, 100 г, 1 шт. | dolgitblok 53 gel dlya naruzhnogo primeneniya 100 gr | /cards/dolgitblok_5_3_100g_gel_dnaruzhnogo_primeneniya_dolorgit_gmbkh_i_kokg.html",https://uteka.ru/product/dolgitblok-388664/ | https://apteka.ru/product/dolgitblok-53-gel-dlya-naruzhnogo-primeneniya-100-gr-64465a7e38405b69ba32d00d/ | https://www.asna.ru/cards/dolgitblok_5_3_100g_gel_dnaruzhnogo_primeneniya_dolorgit_gmbkh_i_kokg.html,"Ибупрофен + Левоментол | Ибупрофен, Левоментол | Ибупрофен+ Левоментол",0.35 | -0.45 | -0.45,"brand_title_match:+0.50,dose_conflict:-0.30,form_match:+0.15 | brand_title_conflict:-0.60,dose_card_unknown,form_match:+0.15 | brand_title_conflict:-0.60,dose_card_unknown,form_match:+0.15",,,,,
18830,ИЗЖОГАНЕТ АНТАЦИДНЫЙ КОМПЛЕКС СО ВКУСОМ МЯТЫ ТАБЛ. 600МГ №40 | ГРИН САЙД ООО | ГРИН САЙД ООО,,,,,,,unresolved,unresolved_catalog,True,0,2,3,,,,,green side antaczidnyj kompleks izzhoganet so vkusom myaty 20 sht tabletki massoj 630 mg | /cards/antatsidnyy_kompleks_izzhoganet_tab_so_vkusom_apelsina_n20_grin_sayd_ooo.html,https://apteka.ru/product/green-side-antaczidnyj-kompleks-izzhoganet-so-vkusom-myaty-20-sht-tabletki-massoj-630-mg-6846ccef67292421ab0c1f90/ | https://www.asna.ru/cards/antatsidnyy_kompleks_izzhoganet_tab_so_vkusom_apelsina_n20_grin_sayd_ooo.html, | ,-0.9 | -0.45,"brand_title_conflict:-0.60,dose_conflict:-0.30 | brand_title_conflict:-0.60,dose_card_unknown,form_match:+0.15",,,,,
20291,"ДИКЛОФЕНАК-АКОС КАПЛИ ГЛАЗН. 0,1% ФЛ. 5МЛ | СИНТЕЗ | СИНТЕЗ",Диклофенак,,Диклофенак,,,,unresolved,unresolved_catalog,True,0,2,3,,,,,diklofenak teva 1 gel dlya naruzhnogo primeneniya 100 gr | /cards/diklofenak-akos_1_30g_maz_dnaruzhnogo_primeneniya_sintez.html,https://apteka.ru/product/diklofenak-teva-1-gel-dlya-naruzhnogo-primeneniya-100-gr-5e327525ca7bdc0001932da1/ | https://www.asna.ru/cards/diklofenak-akos_1_30g_maz_dnaruzhnogo_primeneniya_sintez.html,Диклофенак | Диклофенак,-0.85 | -0.6,"brand_title_conflict:-0.60,dose_card_unknown,form_conflict:-0.25 | brand_title_conflict:-0.60,dose_card_unknown",,,,,
20982,"ГЛЮКОВАНС ТАБЛ. П/ПЛЕН/ОБ. 2,5МГ+500МГ №30 | МЕРК САНТЭ С.А.С. | МЕРК САНТЭ С.А.С.",Метформин+Глибенкламид,,"Метформин, Глибенкламид",,,,unresolved,unresolved_catalog,True,0,2,3,,,,,glyukovans 5 mg  500 mg 60 sht tabletki pokrytye plenochnoj obolochkoj | /cards/glyukovans_5mg500mg_n60_tab_pokrytye_plenochnoy_obolochkoy_merck_sante_cac.html,https://apteka.ru/product/glyukovans-5-mg--500-mg-60-sht-tabletki-pokrytye-plenochnoj-obolochkoj-5e326416ca7bdc000192ae25/ | https://www.asna.ru/cards/glyukovans_5mg500mg_n60_tab_pokrytye_plenochnoy_obolochkoy_merck_sante_cac.html,"Глибенкламид, Метформин | Глибенкламид*+ Метформин",-0.4 | -0.25,"brand_title_conflict:-0.60,dose_match:+0.20 | brand_title_conflict:-0.60,dose_match:+0.20,form_match:+0.15",,,,,
16623,КОФЕИН-БЕНЗОАТ НАТРИЯ ТАБЛ. 100МГ №10 ТАТХИМФАРМПРЕПАРАТЫ | ТАТХИМФАРМПРЕПАРАТЫ АО | ТАТХИМФАРМПРЕПАРАТЫ АО,Кофеин,,Кофеин,,,,unresolved,unresolved_catalog,True,1,2,2,"Кофеина-бензоат натрия, 100 мг, табл, 10 шт.",https://uteka.ru/product/kofeina-benzoat-natriya-55364/,Кофеин,0.85,kofein benzoat natriya 100 mg 10 sht tabletki | /cards/kofein_benzoat_natriya_100mg_n10_tab_tatkhimfarm.html,https://apteka.ru/product/kofein-benzoat-natriya-100-mg-10-sht-tabletki-60755c27fc3e58107d0b2cfa/ | https://www.asna.ru/cards/kofein_benzoat_natriya_100mg_n10_tab_tatkhimfarm.html,Кофеин | Кофеин,-0.4 | -0.25,"brand_title_conflict:-0.60,dose_match:+0.20 | brand_title_conflict:-0.60,dose_match:+0.20,form_match:+0.15",,,,,
19198,ЗВЕРОБОЯ ТРАВА 50Г ФИТОФАРМ | ФИТОФАРМ ООО | ФИТОФАРМ ООО,Зверобоя трава,,,,,,unresolved,unresolved_catalog,True,0,3,2,,,,,"Фитофарм Тысячелистника трава, сырье раст.-пор, 1.5 г, 20 шт. | brusniki listya 50 gr fitofarm | /cards/stomatofit_100ml_ekstrakt_zhidkiy_dmestnogo_primeneniya_fitofarm_klenka_ao.html",https://uteka.ru/product/fitofarm-tisyachelistnika-trava-433581/ | https://apteka.ru/product/brusniki-listya-50-gr-fitofarm-5e32640fca7bdc000192adef/ | https://www.asna.ru/cards/stomatofit_100ml_ekstrakt_zhidkiy_dmestnogo_primeneniya_fitofarm_klenka_ao.html, |  | ,0.2 | -0.6 | -0.9,"brand_title_match:+0.50,dose_conflict:-0.30 | brand_title_conflict:-0.60,dose_card_unknown | brand_title_conflict:-0.60,dose_conflict:-0.30",,,,,
1668,"ЧАБРЕЦА ТРАВА Ф/П 1,5Г №20 ЗДОРОВЬЕ | Здоровье фирма ЗАО | Здоровье фирма ЗАО",,,,,Тимьяна ползучего трава,Тимьяна ползучего трава,enrichment,resolved_enrichment,False,1,2,2,"М Здоровье Крапивы листья, 1.5 г, 20 шт.",https://uteka.ru/product/m-zdorove-krapivi-listya-436042/,,0.7,fitochaj zdorovechernika 2 gr 20 sht filtr pakety | /cards/krapiva_listya_15g_n20_fp_zdorove.html,https://apteka.ru/product/fitochaj-zdorovechernika-2-gr-20-sht-filtr-pakety-5e32723665b5ab0001655da0/ | https://www.asna.ru/cards/krapiva_listya_15g_n20_fp_zdorove.html, | Крапивы двудомной листья,-0.6 | -0.6,"brand_title_conflict:-0.60,dose_card_unknown | brand_title_conflict:-0.60,dose_card_unknown",,,,,
1638,ЧЕРЕДЫ ТРАВА 50Г ЗДОРОВЬЕ | ЗДОРОВЬЕ ФИРМА ООО | ЗДОРОВЬЕ ФИРМА ООО,,,,,Череды трехраздельной трава,Череды трехраздельной трава,enrichment,resolved_enrichment,False,0,3,2,,,,,"Магнит Здоровье Морская вода, спрей наз, 50 мл, 1 шт. | akaviya one syvorotka dlya licza omolazhivayushhaya estestvennoe siyanie i zdorove kozhi noch 12 sht konczentrat ampulyaktivator 50 ml | /cards/meksidol_forte_250_250mg_n40_tab_pokrytye_plenochnoy_obolochkoy_zio_zdorove_zao.html",https://uteka.ru/product/magnit-zdorove-morskaya-voda-412238/ | https://apteka.ru/product/akaviya-one-syvorotka-dlya-licza-omolazhivayushhaya-estestvennoe-siyanie-i-zdorove-kozhi-noch-12-sht-konczentrat-ampulyaktivator-50-ml-6470acc2386b3703ef00f9b5/ | https://www.asna.ru/cards/meksidol_forte_250_250mg_n40_tab_pokrytye_plenochnoy_obolochkoy_zio_zdorove_zao.html, |  | Этилметилгидроксипиридина сукцинат,0.2 | -0.9 | -0.9,"brand_title_match:+0.50,dose_conflict:-0.30 | brand_title_conflict:-0.60,dose_conflict:-0.30 | brand_title_conflict:-0.60,dose_conflict:-0.30",,,,,
21018,ГЛИЦИН ТАБЛ. П/ЯЗЫЧН. 100МГ №50 ОЗОН ФАРМ | ОЗОН ФАРМ ООО | ОЗОН ФАРМ ООО,Глицин,Глицин,,,Глицин,Глицин,input_plus_enrichment,resolved_enrichment,False,1,2,2,"Глицин, 100 мг, табл. подъязычн, 50 шт.",https://uteka.ru/product/glicin-414125/,Глицин,0.85,meloksikam 75 mg n20 tabl ozon farm | /cards/glitsin_100mg_n50_tab_podyazychnye_ozon_farm_ooo.html,https://apteka.ru/product/meloksikam-75-mg-n20-tabl-ozon-farm-634e99cee65cbb5833914b5b/ | https://www.asna.ru/cards/glitsin_100mg_n50_tab_podyazychnye_ozon_farm_ooo.html,Мелоксикам | Глицин, | -0.25,"strong_explicit_mnn_mismatch | brand_title_conflict:-0.60,dose_match:+0.20,form_match:+0.15",,,,,
5267,ТАМОКСИФЕН ТАБЛ. 20МГ №30 ОЗОН | ОЗОН ООО | ОЗОН ООО,Тамоксифен,Тамоксифен,,,Тамоксифен,Тамоксифен,input_plus_enrichment,resolved_enrichment,False,0,4,1,,,,,"Эналаприл НЛ 20, 12.5 мг+20 мг, табл, 20 шт. | meloksikam 75 mg n20 tabl ozon farm | /cards/spironolakton_25mg_n20_tab_ozon.html | Глицин Озон",https://uteka.ru/product/enalapril-nl-20-259660/ | https://apteka.ru/product/meloksikam-75-mg-n20-tabl-ozon-farm-634e99cee65cbb5833914b5b/ | https://www.asna.ru/cards/spironolakton_25mg_n20_tab_ozon.html | https://www.vidal.ru/drugs/glycine_bio__10481,Гидрохлоротиазид + Эналаприл | Мелоксикам | Спиронолактон | Глицин, |  |  | ,strong_explicit_mnn_mismatch | strong_explicit_mnn_mismatch | strong_explicit_mnn_mismatch | strong_explicit_mnn_mismatch,,,,,
9993,ПАРАЦЕТАМОЛ ТАБЛ. 500МГ №10 ОЗОН | ОЗОН ООО | ОЗОН ООО,Парацетамол,Парацетамол,,,Парацетамол,Парацетамол,input_plus_enrichment,resolved_enrichment,False,1,0,4,"Парацетамол Реневал, 500 мг, табл, 20 шт.",https://uteka.ru/product/paracetamol-12208/,Парацетамол,0.85,,,,,,,,,,
21019,ГЛИЦИН ТАБЛ. П/ЯЗЫЧН. 100МГ №50 ОЗОН | ОЗОН ООО | ОЗОН ООО,Глицин,Глицин,,,Глицин,Глицин,input_plus_enrichment,resolved_enrichment,False,0,3,2,,,,,"Диазолин, 100 мг, табл, 10 шт. | meloksikam 75 mg n20 tabl ozon farm | /cards/metotreksat_25mg_n50_tab_pokrytye_obolochkoy_ozon.html",https://uteka.ru/product/diazolin-18157/ | https://apteka.ru/product/meloksikam-75-mg-n20-tabl-ozon-farm-634e99cee65cbb5833914b5b/ | https://www.asna.ru/cards/metotreksat_25mg_n50_tab_pokrytye_obolochkoy_ozon.html,Мебгидролин | Мелоксикам | Метотрексат, |  | ,strong_explicit_mnn_mismatch | strong_explicit_mnn_mismatch | strong_explicit_mnn_mismatch,,,,,
26113,АМБРОКСОЛ ТАБЛ. 30МГ №20 КАНОНФАРМА | КАНОНФАРМА ПРОДАКШН ЗАО | КАНОНФАРМА ПРОДАКШН ЗАО,Амброксол,Амброксол,,,Амброксол,Амброксол,input_plus_enrichment,resolved_enrichment,False,0,2,3,,,,,"Миртазапин Канон, 30 мг, табл. п.п.о, 30 шт. | /cards/lamotridzhin_kanon_100mg_n30_tab_kanonfarma.html",https://uteka.ru/product/mirtazapin-kanon-269326/ | https://www.asna.ru/cards/lamotridzhin_kanon_100mg_n30_tab_kanonfarma.html,Миртазапин | Ламотриджин, | ,strong_explicit_mnn_mismatch | strong_explicit_mnn_mismatch,,,,,
18473,ИТОПРИД ВЕЛФАРМ ТАБЛ. П/ПЛЕН/ОБ. 50МГ №40 | ВЕЛФАРМ ООО | ВЕЛФАРМ ООО,Итоприд,,,,Итоприд,Итоприд,enrichment,resolved_enrichment,False,1,2,2,"Каптоприл Велфарм, 50 мг, табл, 40 шт.",https://uteka.ru/product/kaptopril-velfarm-365080/,Каптоприл,0.85,tolperizon velfarm 50 mg 30 sht blister tabletki pokrytye plenochnoj obolochkoj | /cards/karbamazepin_200mg_n50_tab_velfarm_ooo.html,https://apteka.ru/product/tolperizon-velfarm-50-mg-30-sht-blister-tabletki-pokrytye-plenochnoj-obolochkoj-69933d6bd95c7edb9d30d62d/ | https://www.asna.ru/cards/karbamazepin_200mg_n50_tab_velfarm_ooo.html,Толперизон | Карбамазепин,-0.4 | -0.75,"brand_title_conflict:-0.60,dose_match:+0.20 | brand_title_conflict:-0.60,dose_conflict:-0.30,form_match:+0.15",,,,,
24957,АТОРВАСТАТИН МЕДИСОРБ ТАБЛ. П/ПЛЕН/ОБ. 40МГ №30 | МЕДИСОРБ АО | МЕДИСОРБ АО,Аторвастатин,Аторвастатин,,,Аторвастатин,Аторвастатин,input_plus_enrichment,resolved_enrichment,False,1,2,2,"Аторвастатин Медисорб, 40 мг, табл. п.п.о, 30 шт.",https://uteka.ru/product/atorvastatin-medisorb-345561/,Аторвастатин,0.85,/cards/valsartan_ms_40mg_n30_tab_pokrytye_plenochnoy_obolochkoy_medisorb.html | Метаглиптин Медисорб,https://www.asna.ru/cards/valsartan_ms_40mg_n30_tab_pokrytye_plenochnoy_obolochkoy_medisorb.html | https://www.vidal.ru/drugs/metagliptin-medisorb,Валсартан | Метформин, | ,strong_explicit_mnn_mismatch | strong_explicit_mnn_mismatch,,,,,
18377,ЙОД Р-Р Д/НАРУЖ. ПРИМ. СПИРТ. 5% ФЛ. 25МЛ ГИППОКРАТ | ГИППОКРАТ | ГИППОКРАТ,Йод,,,,Йод,Йод,enrichment,resolved_enrichment,False,1,2,2,Йода раствор спиртовой 5%,https://www.vidal.ru/drugs/iod_solution_spirtuosa_5___29212,Йод,0.85,"Йода раствор спиртовой 5%, 5%, р-р д/наружн. прим. спирт, 25 мл, 1 шт. | /cards/muravinyy_spirt_14_50ml_r-r_dnaruzhnogo_primeneniya_spirtovoy_do_25_grad_gippokrat_ooo.html",https://uteka.ru/product/joda-rastvor-spirtovoj-5-385337/ | https://www.asna.ru/cards/muravinyy_spirt_14_50ml_r-r_dnaruzhnogo_primeneniya_spirtovoy_do_25_grad_gippokrat_ooo.html,Йод + [Калия йодид + Этанол] | Муравьиная кислота,0.35 | -0.9,"brand_title_match:+0.50,dose_conflict:-0.30,form_match:+0.15 | brand_title_conflict:-0.60,dose_conflict:-0.30",,,,,
10005,ПАРАЦЕТАМОЛ РЕНЕВАЛ ТАБЛ. 500МГ №20 | ОБНОВЛЕНИЕ ПФК АО | ОБНОВЛЕНИЕ ПФК АО,Парацетамол,Парацетамол,,,Парацетамол,Парацетамол,input_plus_enrichment,resolved_enrichment,False,0,4,1,,,,,"Анальгин Реневал, 500 мг, табл, 20 шт. | aczetilsaliczilovaya kislota plyus reneval 500 mg25 mg 20 sht tabletki | /cards/paratsetamol_500mg_n20_tab_obnovlenie_reneval_pfk.html | Розувастатин Реневал",https://uteka.ru/product/analgin-reneval-4701/ | https://apteka.ru/product/aczetilsaliczilovaya-kislota-plyus-reneval-500-mg25-mg-20-sht-tabletki-6603c3386e481dcf5cbbfee0/ | https://www.asna.ru/cards/paratsetamol_500mg_n20_tab_obnovlenie_reneval_pfk.html | https://www.vidal.ru/drugs/rozuvastatin-reneval,"Метамизол натрия | Ацетилсалициловая кислота, Аскорбиновая кислота | Парацетамол | Розувастатин", |  | -0.25 | ,"strong_explicit_mnn_mismatch | strong_explicit_mnn_mismatch | brand_title_conflict:-0.60,dose_match:+0.20,form_match:+0.15 | strong_explicit_mnn_mismatch",,,,,
4602,ТОРАСЕМИД МЕДИСОРБ ТАБЛ. 5МГ №20 | Медисорб АО | Медисорб АО,Торасемид,Торасемид,,,Торасемид,Торасемид,input_plus_enrichment,resolved_enrichment,False,0,4,1,,,,,"Оланзапин Медисорб, 5 мг, табл. п.п.о, 28 шт. | lizinopril medisorb 5 mg 60 sht tabletki | /cards/tsitramon_p_n20_tab_medisorb.html | Метаглиптин Медисорб",https://uteka.ru/product/olanzapin-medisorb-376910/ | https://apteka.ru/product/lizinopril-medisorb-5-mg-60-sht-tabletki-67c0589b0b4e00c07633dab4/ | https://www.asna.ru/cards/tsitramon_p_n20_tab_medisorb.html | https://www.vidal.ru/drugs/metagliptin-medisorb,Оланзапин | Лизиноприл | Ацетилсалициловая кислота + Кофеин + Парацетамол | Метформин, |  |  | ,strong_explicit_mnn_mismatch | strong_explicit_mnn_mismatch | strong_explicit_mnn_mismatch | strong_explicit_mnn_mismatch,,,,,
10,"НАТРИЯ ХЛОРИД 0,9% 400мл N12 р-р д/инфузий Биосинтез | Биосинтез ПАО | Биосинтез ПАО | N12",Натрия хлорид,Натрия хлорид,,,Натрия хлорид,Натрия хлорид,input_plus_enrichment,resolved_enrichment,False,0,1,4,,,,,"Натрия хлорид, 0.9%, р-р д/инф, 400 мл, 1 шт.",https://uteka.ru/product/natriya-hlorid-25903/,Натрия хлорид,0.35,"brand_title_match:+0.50,dose_conflict:-0.30,form_match:+0.15",,,,,
9096,"ПРЕДНИЗОЛОН МАЗЬ Д/НАРУЖ. ПРИМ. 0,5% ТУБА 15Г БИОСИНТЕЗ | БИОСИНТЕЗ ПАО | БИОСИНТЕЗ ПАО",Преднизолон,Преднизолон,,,Преднизолон,Преднизолон,input_plus_enrichment,resolved_enrichment,False,0,4,1,,,,,"Преднизолон (мазь), 0.5%, мазь д/наружн. прим, 15 г, 1 шт. | tetracziklin 100 mg n20 tabl pplenobolochbiosintez | /cards/nistatin_100000ed_30g_maz_dnaruzhnogo_primeneniya_biosintez.html | Каптоприл-Биосинтез",https://uteka.ru/product/prednizolon-maz-8091/ | https://apteka.ru/product/tetracziklin-100-mg-n20-tabl-pplenobolochbiosintez-5e32784eca7bdc0001934a4d/ | https://www.asna.ru/cards/nistatin_100000ed_30g_maz_dnaruzhnogo_primeneniya_biosintez.html | https://www.vidal.ru/drugs/captopril-biosynthes__4963,Преднизолон | Тетрациклин | Нистатин | Каптоприл,0.35 |  |  | ,"brand_title_match:+0.50,dose_conflict:-0.30,form_match:+0.15 | strong_explicit_mnn_mismatch | strong_explicit_mnn_mismatch | strong_explicit_mnn_mismatch",,,,,
18925,ИБУПРОФЕН ВЕЛФАРМ ТАБЛ. П/ПЛЕН/ОБ. 400МГ №30 УРАЛБИОФАРМ | УРАЛБИОФАРМ ОАО | УРАЛБИОФАРМ ОАО,Ибупрофен,Ибупрофен,,,Ибупрофен,Ибупрофен,input_plus_enrichment,resolved_enrichment,False,0,4,1,,,,,"Ацикловир Велфарм, 400 мг, табл, 30 шт. | acziklovir velfarm 400 mg 20 sht tabletki | /cards/ademetionin_400mg_n20_tab_kishechnorastvorimye_pokrytye_plenochnoy_obolochkoy_velfarm_ooo.html | Викасол Велфарм",https://uteka.ru/product/aciklovir-velfarm-368260/ | https://apteka.ru/product/acziklovir-velfarm-400-mg-20-sht-tabletki-65a58d80521d45b874dee2c3/ | https://www.asna.ru/cards/ademetionin_400mg_n20_tab_kishechnorastvorimye_pokrytye_plenochnoy_obolochkoy_velfarm_ooo.html | https://www.vidal.ru/drugs/vikasol-velfarm,Ацикловир | Ацикловир | Адеметионин | Менадион, |  |  | ,strong_explicit_mnn_mismatch | strong_explicit_mnn_mismatch | strong_explicit_mnn_mismatch | strong_explicit_mnn_mismatch,,,,,
13616,"МЕЛИССЫ ЛЕКАРСТВЕННОЙ ТРАВА Ф/П 1,5Г №20 ЗДОРОВЬЕ | ЗДОРОВЬЕ ФИРМА ООО | ЗДОРОВЬЕ ФИРМА ООО",Мелиссы лекарственной трава,,,,Melissae officinalis herba,Melissae officinalis herba,enrichment,resolved_enrichment,False,1,2,2,"М Здоровье Крапивы листья, 1.5 г, 20 шт.",https://uteka.ru/product/m-zdorove-krapivi-listya-436042/,,0.7,fitochaj zdorovechernika 2 gr 20 sht filtr pakety | /cards/krapiva_listya_15g_n20_fp_zdorove.html,https://apteka.ru/product/fitochaj-zdorovechernika-2-gr-20-sht-filtr-pakety-5e32723665b5ab0001655da0/ | https://www.asna.ru/cards/krapiva_listya_15g_n20_fp_zdorove.html, | Крапивы двудомной листья,-0.6 | -0.6,"brand_title_conflict:-0.60,dose_card_unknown | brand_title_conflict:-0.60,dose_card_unknown",,,,,
21137,ГЛИБЕНКЛАМИД ТАБЛ. 5МГ №120 ОЗОН ФАРМ | ОЗОН ФАРМ ООО | ОЗОН ФАРМ ООО,Глибенкламид,,,,Глибенкламид,Глибенкламид,enrichment,resolved_enrichment,False,0,4,1,,,,,"Амброксол Альфактив, 30 мг, табл, 50 шт. | meloksikam 75 mg n20 tabl ozon farm | /cards/glitsin_100mg_n50_tab_podyazychnye_ozon_farm_ooo.html | Глибенкламида таблетки 0.005 г",https://uteka.ru/product/ambroksol-alfaktiv-432841/ | https://apteka.ru/product/meloksikam-75-mg-n20-tabl-ozon-farm-634e99cee65cbb5833914b5b/ | https://www.asna.ru/cards/glitsin_100mg_n50_tab_podyazychnye_ozon_farm_ooo.html | https://www.vidal.ru/drugs/glibenclamide_tablets_0_005__27480,Амброксол | Мелоксикам | Глицин | Глибенкламид,-0.75 | -0.9 | -0.75 | -0.75,"brand_title_conflict:-0.60,dose_conflict:-0.30,form_match:+0.15 | brand_title_conflict:-0.60,dose_conflict:-0.30 | brand_title_conflict:-0.60,dose_conflict:-0.30,form_match:+0.15 | brand_title_conflict:-0.60,dose_conflict:-0.30,form_match:+0.15",,,,,
7816,РОЗУВАСТАТИН ТАБЛ. П/ПЛЕН/ОБ. 20МГ №90 ОЗОН | ОЗОН ООО | ОЗОН ООО,Розувастатин,Розувастатин,,,Розувастатин,Розувастатин,input_plus_enrichment,resolved_enrichment,False,1,3,1,"Розувастатин, 20 мг, табл. п.п.о, 90 шт.",https://uteka.ru/product/rozuvastatin-383231/,Розувастатин,0.85,dobutamin 125 mgml 10ml n10 amp koncz dr ra dinf ozon | /cards/metotreksat_25mg_n50_tab_pokrytye_obolochkoy_ozon.html | Глицин Озон,https://apteka.ru/product/dobutamin-125-mgml-10ml-n10-amp-koncz-dr-ra-dinf-ozon-687f89aca877d1a738467921/ | https://www.asna.ru/cards/metotreksat_25mg_n50_tab_pokrytye_obolochkoy_ozon.html | https://www.vidal.ru/drugs/glycine_bio__10481,Добутамин | Метотрексат | Глицин, |  | ,strong_explicit_mnn_mismatch | strong_explicit_mnn_mismatch | strong_explicit_mnn_mismatch,,,,,
5287,"ТАДАЛАФИЛ-ТЕВА ТАБЛ. П/ПЛЕН/ОБ. 20МГ №8 | ТЕВА ФАРМА, С.Л.У. | ТЕВА ФАРМА, С.Л.У.",Тадалафил,,,,Тадалафил,Тадалафил,enrichment,resolved_enrichment,False,1,3,1,"Аторвастатин-Тева, 20 мг, табл. п.п.о, 30 шт.",https://uteka.ru/product/atorvastatin-teva-220640/,Аторвастатин,0.85,tadalafil teva 20 mg 2 sht tabletki pokrytye plenochnoj obolochkoj | /cards/finlepsin_retard_200mg_n50_tab_teva_operations_poland_sp_zoo.html | Теваграстим,https://apteka.ru/product/tadalafil-teva-20-mg-2-sht-tabletki-pokrytye-plenochnoj-obolochkoj-67c6f9a082049c27d4616a2c/ | https://www.asna.ru/cards/finlepsin_retard_200mg_n50_tab_teva_operations_poland_sp_zoo.html | https://www.vidal.ru/drugs/tevagrastim__37277,Тадалафил | Карбамазепин | Филграстим,-0.4 | -0.75 | -0.6,"brand_title_conflict:-0.60,dose_match:+0.20 | brand_title_conflict:-0.60,dose_conflict:-0.30,form_match:+0.15 | brand_title_conflict:-0.60,dose_card_unknown",,,,,
10097,ПАНТОКАЛЬЦИН ТАБЛ. 500МГ №50 | ВАЛЕНТА ФАРМ АО | ВАЛЕНТА ФАРМ АО,,,,,Гопантеновая кислота,Гопантеновая кислота,enrichment,resolved_enrichment,False,0,2,3,,,,,"Нормомед, 500 мг, табл, 50 шт. | /cards/pantokaltsin_500mg_n50_tab_valenta_farmatsevtika.html",https://uteka.ru/product/normomed-359464/ | https://www.asna.ru/cards/pantokaltsin_500mg_n50_tab_valenta_farmatsevtika.html,Инозин пранобекс | Гопантеновая кислота,-0.25 | -0.25,"brand_title_conflict:-0.60,dose_match:+0.20,form_match:+0.15 | brand_title_conflict:-0.60,dose_match:+0.20,form_match:+0.15",,,,,
15150,ЛИДОКАИН БУФУС Р-Р Д/ИН. 100МГ/МЛ АМП. 2МЛ №10 ОБНОВЛЕНИЕ | ОБНОВЛЕНИЕ ПФК АО | ОБНОВЛЕНИЕ ПФК АО,Лидокаин,Лидокаин,"Лидокаин, Толперизон",,,Лидокаин,input_explicit_mnn,resolved_input_explicit,False,1,1,3,"Лидокаин буфус, 100 мг/мл, р-р д/ин, 2 мл, 10 шт.",https://uteka.ru/product/lidokain-bufus-303207/,Лидокаин,0.85,tolperizonlidokain binergiya 100 mgml25 mgml 5 sht ampuly rastvor dlya vnutrimyshechnogo vvedeniya 1 ml,https://apteka.ru/product/tolperizonlidokain-binergiya-100-mgml25-mgml-5-sht-ampuly-rastvor-dlya-vnutrimyshechnogo-vvedeniya-1-ml-648fd771f61c3dd27b8817bb/,"Толперизон, Лидокаин",-0.75,"brand_title_conflict:-0.60,dose_conflict:-0.30,form_match:+0.15",,,,,
20614,"ДЕКСАМЕТАЗОН-КРКА ТАБЛ. 4МГ №20 | КРКА Д.Д., НОВО МЕСТО АО/КРКА-РУС ООО | КРКА Д.Д., НОВО МЕСТО АО/КРКА-РУС ООО",Дексаметазон,Дексаметазон,Дексаметазон,,,Дексаметазон,input_explicit_mnn,resolved_input_explicit,False,1,2,2,"Дексаметазон-КРКА, 4 мг, табл, 10 шт.",https://uteka.ru/product/deksametazon-krka-379712/,Дексаметазон,0.85,deksametazon krka 4 mg 10 sht tabletki | /cards/deksametazon-krka_4mg_n20_tab_krka_dd_novo_mesto.html,https://apteka.ru/product/deksametazon-krka-4-mg-10-sht-tabletki-618a3e57f02299d258660549/ | https://www.asna.ru/cards/deksametazon-krka_4mg_n20_tab_krka_dd_novo_mesto.html,Дексаметазон | Дексаметазон,-0.4 | -0.25,"brand_title_conflict:-0.60,dose_match:+0.20 | brand_title_conflict:-0.60,dose_match:+0.20,form_match:+0.15",,,,,
10536,ОМЕПРАЗОЛ-ОBL КАПС. КИШ/РАСТ. 20МГ №28 | ОБОЛЕНСКОЕ ФП АО | ОБОЛЕНСКОЕ ФП АО,Омепразол,Омепразол,Омепразол,,,Омепразол,input_explicit_mnn,resolved_input_explicit,False,1,2,2,"Омепразол, 20 мг, капсулы кишечнорастворимые, 30 шт.",https://uteka.ru/product/omeprazol-379079/,Омепразол,0.85,omeprazol obl 20 mg 56 sht kapsuly kishechnorastvorimye | /cards/omeprazol-obl_20mg_n28_kaps_kishechnorastvorimye_niarmedik_farma_oooobolenskoe_fpo.html,https://apteka.ru/product/omeprazol-obl-20-mg-56-sht-kapsuly-kishechnorastvorimye-693abaa06c6101ee03061751/ | https://www.asna.ru/cards/omeprazol-obl_20mg_n28_kaps_kishechnorastvorimye_niarmedik_farma_oooobolenskoe_fpo.html,Омепразол | Омепразол,-0.4 | -0.4,"brand_title_conflict:-0.60,dose_match:+0.20 | brand_title_conflict:-0.60,dose_match:+0.20",,,,,
70,РОЗУВАСТАТИН-ТЕВА 20мг N90 таб. покрытые пленочной оболочкой Р-Фарм Новосёлки | Р-Фарм новосёлки ООО | Р-Фарм новосёлки ООО | N90,Розувастатин,Розувастатин,Розувастатин,,,Розувастатин,input_explicit_mnn,resolved_input_explicit,False,1,1,3,"Розувастатин, 20 мг, табл. п.п.о, 90 шт.",https://uteka.ru/product/rozuvastatin-383231/,Розувастатин,0.85,rozuvastatin verteks 20 mg 90 sht blister tabletki pokrytye plenochnoj obolochkoj,https://apteka.ru/product/rozuvastatin-verteks-20-mg-90-sht-blister-tabletki-pokrytye-plenochnoj-obolochkoj-5e3bd2c0bc272f00016ba27e/,Розувастатин,-0.4,"brand_title_conflict:-0.60,dose_match:+0.20",,,,,
15062,ЛИЗИНОПРИЛ-ТЕВА ТАБЛ. 10МГ №30 Р-ФАРМ | Р-ФАРМ НОВОСЕЛКИ ООО | Р-ФАРМ НОВОСЕЛКИ ООО,Лизиноприл,Лизиноприл,Лизиноприл,,,Лизиноприл,input_explicit_mnn,resolved_input_explicit,False,1,2,2,"Лизиноприл-Тева, 10 мг, табл, 30 шт.",https://uteka.ru/product/lizinopril-teva-244316/,Лизиноприл,0.85,lizinopril teva 10 mg 30 sht tabletki | /cards/lizinopril-teva_5mg_n30_tab_teva_pharmaceutical_works_private_co.html,https://apteka.ru/product/lizinopril-teva-10-mg-30-sht-tabletki-6261222c0f171069a775ee5c/ | https://www.asna.ru/cards/lizinopril-teva_5mg_n30_tab_teva_pharmaceutical_works_private_co.html,Лизиноприл | Лизиноприл,-0.4 | -0.75,"brand_title_conflict:-0.60,dose_match:+0.20 | brand_title_conflict:-0.60,dose_conflict:-0.30,form_match:+0.15",,,,,
26001,АМЛОДИПИН-ПРАНА ТАБЛ. 10МГ №60 | ПРАНАФАРМ ООО | ПРАНАФАРМ ООО,Амлодипин,Амлодипин,Амлодипин,,,Амлодипин,input_explicit_mnn,resolved_input_explicit,False,1,1,3,"Амлодипин-Прана, 10 мг, табл, 30 шт.",https://uteka.ru/product/amlodipin-prana-228875/,Амлодипин,0.85,/cards/amlodipin-prana_5mg_n30_tab_pranafarm.html,https://www.asna.ru/cards/amlodipin-prana_5mg_n30_tab_pranafarm.html,Амлодипин,-0.75,"brand_title_conflict:-0.60,dose_conflict:-0.30,form_match:+0.15",,,,,
21010,ГЛИЦИН ФОРТЕ ТАБЛ. ЗАЩЕЧН. И П/ЯЗЫЧН. 250МГ №20 ОЗОН | ОЗОН ООО | ОЗОН ООО,Глицин,Глицин,Глицин,,,Глицин,input_explicit_mnn,resolved_input_explicit,False,1,0,4,"Глицин форте, 250 мг, табл. защечн, 30 шт.",https://uteka.ru/product/glicin-forte-248536/,Глицин,0.85,,,,,,,,,,
4684,ТОЛПЕРИЗОН ТАБЛ. П/ПЛЕН/ОБ. 150МГ №30 ОЗОН | ОЗОН ООО | ОЗОН ООО,Толперизон,Толперизон,Толперизон,,,Толперизон,input_explicit_mnn,resolved_input_explicit,False,1,1,3,"Толперизон, 150 мг, табл. п.п.о, 30 шт.",https://uteka.ru/product/tolperizon-339756/,Толперизон,0.85,tolperizon 150 mg 30 sht tabletki pokrytye plenochnoj obolochkoj,https://apteka.ru/product/tolperizon-150-mg-30-sht-tabletki-pokrytye-plenochnoj-obolochkoj-5e32754df5a9ae000140e559/,Толперизон,-0.4,"brand_title_conflict:-0.60,dose_match:+0.20",,,,,
24901,АТОРВАСТАТИН-ТЕВА ТАБЛ. П/ПЛЕН/ОБ. 10МГ №30 АЛКАЛОИД | АЛКАЛОИД АД Скопье | АЛКАЛОИД АД Скопье,Аторвастатин,Аторвастатин,Аторвастатин,,,Аторвастатин,input_explicit_mnn,resolved_input_explicit,False,1,1,3,"Аторвастатин-Тева, 10 мг, табл. п.п.о, 30 шт.",https://uteka.ru/product/atorvastatin-teva-220639/,Аторвастатин,0.85,/cards/atorvastatin-teva_40mg_n30_tab_pokrytye_plenochnoy_obolochkoy_alkaloid_ad_skope.html,https://www.asna.ru/cards/atorvastatin-teva_40mg_n30_tab_pokrytye_plenochnoy_obolochkoy_alkaloid_ad_skope.html,Аторвастатин,-0.75,"brand_title_conflict:-0.60,dose_conflict:-0.30,form_match:+0.15",,,,,
7803,РОЗУВАСТАТИН-ТАД ТАБЛ. П/ПЛЕН/ОБ. 20МГ №30 | Крка-Рус ООО | Крка-Рус ООО,Розувастатин,Розувастатин,Розувастатин,,,Розувастатин,input_explicit_mnn,resolved_input_explicit,False,1,2,2,"Розувастатин-Тад, 20 мг, табл. п.п.о, 30 шт.",https://uteka.ru/product/rozuvastatin-tad-386319/,Розувастатин,0.85,rozuvastatin verteks 20 mg 90 sht blister tabletki pokrytye plenochnoj obolochkoj | /cards/rozuvastatin-tad_20mg_n30_tab_pokrytye_plenochnoy_obolochkoy_krka-rus_ooo.html,https://apteka.ru/product/rozuvastatin-verteks-20-mg-90-sht-blister-tabletki-pokrytye-plenochnoj-obolochkoj-5e3bd2c0bc272f00016ba27e/ | https://www.asna.ru/cards/rozuvastatin-tad_20mg_n30_tab_pokrytye_plenochnoy_obolochkoy_krka-rus_ooo.html,Розувастатин | Розувастатин,-0.4 | -0.25,"brand_title_conflict:-0.60,dose_match:+0.20 | brand_title_conflict:-0.60,dose_match:+0.20,form_match:+0.15",,,,,
777,ЭНАЛАПРИЛ АЛЬФАКТИВ ТАБЛ. 20МГ №20 | ОЗОН ФАРМ ООО | ОЗОН ФАРМ ООО,Эналаприл,Эналаприл,Эналаприл,,,Эналаприл,input_explicit_mnn,resolved_input_explicit,False,0,2,3,,,,,"Эналаприл Альфактив, 10 мг, табл, 20 шт. | enalapril alfaktiv 10 mg 20 sht tabletki",https://uteka.ru/product/enalapril-alfaktiv-426977/ | https://apteka.ru/product/enalapril-alfaktiv-10-mg-20-sht-tabletki-6818aceb8218b87792118b10/,Эналаприл | Эналаприл,0.35 | -0.9,"brand_title_match:+0.50,dose_conflict:-0.30,form_match:+0.15 | brand_title_conflict:-0.60,dose_conflict:-0.30",,,,,
26038,АМЛОДИПИН-АЛСИ ТАБЛ. 10МГ №90 | АЛСИ ФАРМА АО | АЛСИ ФАРМА АО,Амлодипин,Амлодипин,Амлодипин,,,Амлодипин,input_explicit_mnn,resolved_input_explicit,False,1,1,3,"Амлодипин-Алси, 10 мг, табл, 30 шт.",https://uteka.ru/product/amlodipin-alsi-172767/,Амлодипин,0.85,/cards/amlodipin-alsi_10mg_n30_tab_alsi_farma_novyy_dizayn.html,https://www.asna.ru/cards/amlodipin-alsi_10mg_n30_tab_alsi_farma_novyy_dizayn.html,Амлодипин,-0.25,"brand_title_conflict:-0.60,dose_match:+0.20,form_match:+0.15",,,,,
3759,ФАСПИК ГРАН. Д/Р-РА Д/ПРИЕМА ВНУТРЬ АБРИКОС 400МГ ПАК. 3Г №12 | ЗАМБОН СВИТЦЕЛАНД ЛТД. | ЗАМБОН СВИТЦЕЛАНД ЛТД.,,,Ибупрофен,,,,unresolved,unresolved_catalog,True,1,0,4,"Фаспик, 400 мг, гран. д/р-ра для пр. внутрь, абрикос, 3 г, 12 шт.",https://uteka.ru/product/faspik-187804/,Ибупрофен,0.7,,,,,,,,,,
8788,ПРОПИЦИЛ ТАБЛ. 50МГ №20 | ХАУПТ ФАРМА МЮНСТЕР ГМБХ | ХАУПТ ФАРМА МЮНСТЕР ГМБХ,Пропилтиоурацил,,Пропилтиоурацил,,,,unresolved,unresolved_catalog,True,1,0,4,"Пропицил, 50 мг, табл, 20 шт.",https://uteka.ru/product/propicil-92661/,Пропилтиоурацил,0.85,,,,,,,,,,
249,ОСТЕОМЕД таб. N60 Парафарм | Парафарм ООО | Парафарм ООО | N60,,,,,,,unresolved,unresolved_catalog,True,2,0,3,"Остеомед форте, табл, 60 шт. | /cards/osteomed_forte_tab_n60_parafarm.html",https://uteka.ru/product/osteomed-forte-259057/ | https://www.asna.ru/cards/osteomed_forte_tab_n60_parafarm.html, | ,0.65 | 0.65,,,,,,,,,,
2023,ЦЕЛЕКОКСИБ-ТЕВА КАПС. 200МГ №30 | УОТСОН ФАРМА ПРАЙВЭТ ЛИМИТЕД | УОТСОН ФАРМА ПРАЙВЭТ ЛИМИТЕД,Целекоксиб,,Целекоксиб,,,,unresolved,unresolved_catalog,True,1,0,4,"Целекоксиб-Тева, 200 мг, капсулы, 10 шт.",https://uteka.ru/product/celekoksib-teva-406047/,Целекоксиб,0.85,,,,,,,,,,
4133,УЛЬЦЕРНИЛ ТАБЛ. КИШ/РАСТ. П/ПЛЕН/ОБ. 20МГ №28 | САН ФАРМАСЬЮТИКАЛ ИНДАСТРИЗ ЛТД | САН ФАРМАСЬЮТИКАЛ ИНДАСТРИЗ ЛТД,,,Рабепразол,,,,unresolved,unresolved_catalog,True,1,0,4,"Ульцернил, 20 мг, 28 шт.",https://uteka.ru/product/ulcernil-362901/,Рабепразол,0.7,,,,,,,,,,
11272,НООТРОП КАПС. №48 | ВИС ООО | ВИС ООО,,,,,,,unresolved,unresolved_catalog,True,1,0,4,"Ноотроп, 0.4 г, капсулы, 48 шт.",https://uteka.ru/product/nootrop-203923/,,0.65,,,,,,,,,,
5634,СТРЕПТОЦИД ПОР. Д/НАРУЖ. ПРИМ. 2Г ПАК. №50 ОЗОН | ОЗОН ООО | ОЗОН ООО,Сульфаниламид,,Сульфаниламид,,,,unresolved,unresolved_catalog,True,1,0,4,"Стрептоцид, пор. д/наружн. прим, 2 г, 1 шт.",https://uteka.ru/product/streptocid-92776/,Сульфаниламид,0.85,,,,,,,,,,
18179,КАЛЬЦИЯ ГЛЮКОНАТ ЭКО ТАБЛ. ПО 500МГ №10 | ЭКОТЕКС ООО | ЭКОТЕКС ООО,Кальция глюконат,,,,,,unresolved,unresolved_catalog,True,0,0,5,,,,,,,,,,,,,,
8374,РЕДЕЦИЛ МАЗЬ Д/НАРУЖ. ПРИМ. ТУБА 35Г | РЕТИНОИДЫ АО | РЕТИНОИДЫ АО,,,"Диоксометилтетрагидропиримидин, Ретинол",,,,unresolved,unresolved_catalog,True,1,0,4,"Редецил, мазь д/наружн. прим, 35 г, 1 шт.",https://uteka.ru/product/redecil-155102/,Диоксометилтетрагидропиримидин + Ретинол,0.85,,,,,,,,,,
20628,ДЕКСА-ГЕНТАМИЦИН КАПЛИ ГЛАЗН. ФЛ-КАП. 5МЛ | УРСАФАРМ АРЦНАЙМИТТЕЛЬ ГМБХ | УРСАФАРМ АРЦНАЙМИТТЕЛЬ ГМБХ,Дексаметазон + Гентамицин,,"Дексаметазон, Гентамицин",,,,unresolved,unresolved_catalog,True,1,0,4,"Декса-Гентамицин, капли глазные, 5 мл, 1 шт.",https://uteka.ru/product/deksa-gentamicin-99238/,Гентамицин + Дексаметазон,0.85,,,,,,,,,,
486,ЭСЦИТАЛОПРАМ КАНОН ТАБЛ. П/ПЛЕН/ОБ. 20МГ №28 | КАНОНФАРМА ПРОДАКШН ЗАО | КАНОНФАРМА ПРОДАКШН ЗАО,Эсциталопрам,,Эсциталопрам,,,,unresolved,unresolved_catalog,True,1,0,4,"Эсциталопрам Канон, 20 мг, табл. п.п.о, 28 шт.",https://uteka.ru/product/escitalopram-kanon-380815/,Эсциталопрам,0.85,,,,,,,,,,
884,"ЭЛИЦЕЯ КУ-ТАБ ТАБЛ. ДИСПЕРГ. В ПОЛОСТИ РТА 10МГ №56 | КРКА, Д.Д., НОВО МЕСТО АО | КРКА, Д.Д., НОВО МЕСТО АО",,,Эсциталопрам,,,,unresolved,unresolved_catalog,True,1,0,4,"Элицея, 10 мг, табл. п.п.о, 56 шт.",https://uteka.ru/product/eliceya-231908/,Эсциталопрам,0.85,,,,,,,,,,
9941,ПАРОДОНТОЦИД ОПОЛАСКИВАТЕЛЬ ДЛЯ ПОЛОСТИ РТА 250МЛ | МОСКОВСКАЯ ФФ | МОСКОВСКАЯ ФФ,,,,,,,unresolved,unresolved_catalog,True,1,0,4,"Пародонтоцид Ополаскиватель для полости рта, р-р д/обраб. полости рта, 250 мл, 1 шт.",https://uteka.ru/product/parodontocid-opolaskivatel-dlya-polosti-rta-364938/,,0.7,,,,,,,,,,
1765,ЦИПРОТЕРОН-ТЕВА ТАБЛ. 50МГ №50 | ТЕВА ЧЕШСКИЕ ПРЕДПРИЯТИЯ С.Р.О. | ТЕВА ЧЕШСКИЕ ПРЕДПРИЯТИЯ С.Р.О.,Ципротерон,,Ципротерон,,,,unresolved,unresolved_catalog,True,1,0,4,"Ципротерон-Тева, 50 мг, табл, 50 шт.",https://uteka.ru/product/ciproteron-teva-300702/,Ципротерон,0.85,,,,,,,,,,
75,САМБУКУС БУЗИНА ИММУНИТЕТ таб. массой 700мг N30 Грин сайд ООО | Грин Сайд ООО | Грин Сайд ООО | N30,,,,,,,unresolved,unresolved_catalog,True,0,0,5,,,,,,,,,,,,,,
72,ФАРИНГАЛ таб. 650мг N10 Салута-М | Салута-М ООО | Салута-М ООО | N10,,,,,,,unresolved,unresolved_catalog,True,1,0,4,/cards/faringal_tab_650mg_n10_saluta-m.html,https://www.asna.ru/cards/faringal_tab_650mg_n10_saluta-m.html,,0.85,,,,,,,,,,
18400,ЙОДИНОЛ Р-Р Д/МЕСТН. И НАРУЖ. ПРИМ. ФЛ. ПОЛИМЕР. 100МЛ САМАРАМЕДПРОМ | САМАРАМЕДПРОМ ОАО | САМАРАМЕДПРОМ ОАО,Йод,,"Йод, Калия йодид, Поливиниловый спирт",,,,unresolved,unresolved_catalog,True,1,0,4,"Йодинол, р-р д/местн. и наружн. прим, 100 мл, 1 шт.",https://uteka.ru/product/jodinol-52250/,Йод + [Калия йодид + Поливиниловый спирт],0.85,,,,,,,,,,
34,МЕЛАДАПТ 3мг N10 таб. покрытые пленочной оболочкой Озон ООО | Озон ООО | Озон ООО | N10,,,Мелатонин,,,,unresolved,unresolved_catalog,True,1,2,2,"Меладапт, 3 мг, табл. п.п.о, 30 шт.",https://uteka.ru/product/meladapt-376844/,Мелатонин,0.85,meladapt 3 mg 60 sht tabletki pokrytye plenochnoj obolochkoj blister | /cards/meladapt_3mg_n30_tab_pokrytye_plenochnoy_obolochkoy_ozon_ooo.html,https://apteka.ru/product/meladapt-3-mg-60-sht-tabletki-pokrytye-plenochnoj-obolochkoj-blister-668e719cdf37923de79b4156/ | https://www.asna.ru/cards/meladapt_3mg_n30_tab_pokrytye_plenochnoy_obolochkoy_ozon_ooo.html,Мелатонин | Мелатонин,-0.4 | -0.25,"brand_title_conflict:-0.60,dose_match:+0.20 | brand_title_conflict:-0.60,dose_match:+0.20,form_match:+0.15",,,,,
54,ГЕПАРИН 5000ЕД/мл 5мл N5 р-р для в/в и п/к введения Армавирская биологическая фабрика фгуп | Армавирская биологическая фабрика фгуп | Армавирская биологическая фабрика фгуп | N5,Гепарин натрия,,,,Гепарин натрия,Гепарин натрия,enrichment,resolved_enrichment,False,0,1,4,,,,,geparin natriya 5000 meml 5 ml 5 sht ampuly rastvor dlya vnutrivennogo i podkozhnogo vvedeniya,https://apteka.ru/product/geparin-natriya-5000-meml-5-ml-5-sht-ampuly-rastvor-dlya-vnutrivennogo-i-podkozhnogo-vvedeniya-5e327824ca7bdc0001934929/,Гепарин натрия,-0.75,"brand_title_conflict:-0.60,dose_conflict:-0.30,form_match:+0.15",,,,,
56,РИТОФЛЕКС МСМ таб. N60 Фармацевтическая Фабрика ООО | Фармацевтическая фабрика ООО | Фармацевтическая фабрика ООО | N60,,,"Глюкозамин, MSM, Хондроитин, Хондроитинсульфат",,,,unresolved,unresolved_catalog,True,2,1,2,"Ритофлекс МСМ, 500мг + 400мг, табл, 1.3 г, 60 шт. | /cards/ritofleks_msm_tab_n60_farmatsevticheskaya_fabrika_ooo.html",https://uteka.ru/product/ritofleks-msm-373459/ | https://www.asna.ru/cards/ritofleks_msm_tab_n60_farmatsevticheskaya_fabrika_ooo.html, | Глюкозамин+Хондроитин+MSM,0.65 | 0.65,erzig ritofleks msm 60 sht tabletki massoj 13 g,https://apteka.ru/product/erzig-ritofleks-msm-60-sht-tabletki-massoj-13-g-6881ca52930d4277140351ba/,"Глюкозамин, Хондроитинсульфат",-0.6,brand_title_conflict:-0.60,,,,,
60,ДИКЛОФЕНАК 25мг/мл 3мл N10 р-р для в/м введения Дальхимфарм ОАО | Дальхимфарм ОАО | Дальхимфарм ОАО | N10,Диклофенак,,,,Диклофенак,Диклофенак,enrichment,resolved_enrichment,False,0,1,4,,,,,diklofenak 25 mgml rastvor dlya vnutrimyshechnogo vvedeniya 3 ml ampuly 5 sht,https://apteka.ru/product/diklofenak-25-mgml-rastvor-dlya-vnutrimyshechnogo-vvedeniya-3-ml-ampuly-5-sht-5e326bc9ca7bdc000192e980/,Диклофенак,-0.25,"brand_title_conflict:-0.60,dose_match:+0.20,form_match:+0.15",,,,,
73,ГАСТРАСАН ЭКСПРЕСС 680мг+80мг N12 таб. жевательные Апельсин ЮжФарм ООО | ЮжФарм ООО | ЮжФарм ООО | N12,,,"Кальция карбонат, Магния карбонат",,,,unresolved,unresolved_catalog,True,1,1,3,/cards/gastrasan_ekspress_680mg80mg_n12_tab_zhevatelnye_apelsin_yuzhfarm_ooo.html,https://www.asna.ru/cards/gastrasan_ekspress_680mg80mg_n12_tab_zhevatelnye_apelsin_yuzhfarm_ooo.html,Кальция карбонат + Магния карбонат,0.85,gastrasan ekspress 680 mg  80 mg 24 sht tabletki zhevatelnye so vkusom myaty,https://apteka.ru/product/gastrasan-ekspress-680-mg--80-mg-24-sht-tabletki-zhevatelnye-so-vkusom-myaty-62bebded9b43454acb749ba1/,"Кальция карбонат, Магния карбонат",-0.4,"brand_title_conflict:-0.60,dose_match:+0.20",,,,,
86,ТАДАЛАФИЛ-АЛИУМ 20мг N8 таб. покрытые пленочной оболочкой Алиум АО | Алиум АО | Алиум АО | N8,Тадалафил,,,,Тадалафил,Тадалафил,enrichment,resolved_enrichment,False,0,3,2,,,,,"Ацикловир Форте-Алиум, 400 мг, табл, 20 шт. | acziklovir forte alium 400 mg 20 sht tabletki | /cards/rivaroksaban_20mg_n28_tab_pokrytye_plenochnoy_obolochkoy_alium_ao.html",https://uteka.ru/product/aciklovir-forte-alium-376952/ | https://apteka.ru/product/acziklovir-forte-alium-400-mg-20-sht-tabletki-619df00edb0cd3f82672d1c4/ | https://www.asna.ru/cards/rivaroksaban_20mg_n28_tab_pokrytye_plenochnoy_obolochkoy_alium_ao.html,Ацикловир | Ацикловир | Ривароксабан,0.35 | -0.9 | -0.25,"brand_title_match:+0.50,dose_conflict:-0.30,form_match:+0.15 | brand_title_conflict:-0.60,dose_conflict:-0.30 | brand_title_conflict:-0.60,dose_match:+0.20,form_match:+0.15",,,,,
88,ГЕСПЕРИДИН+ДИОСМИН 100мг+900мг N30 таб. покрытые пленочной оболочкой Алиум АО | Алиум АО | Алиум АО | N30,Диосмин+Гесперидин,Гесперидин,Албендазол,,,,unresolved,unresolved_catalog,True,0,2,3,,,,,albendazol alium 400 mg 1 sht tabletki pokrytye plenochnoj obolochkoj | /cards/lorotritsin-alium_n12_tab_drassasyvaniya_alium_ao.html,https://apteka.ru/product/albendazol-alium-400-mg-1-sht-tabletki-pokrytye-plenochnoj-obolochkoj-6253fedaa663fc06446aea5e/ | https://www.asna.ru/cards/lorotritsin-alium_n12_tab_drassasyvaniya_alium_ao.html,Албендазол | Бензалкония хлорид + Бензокаин + Тиротрицин,-0.9 | -0.45,"brand_title_conflict:-0.60,dose_conflict:-0.30 | brand_title_conflict:-0.60,dose_card_unknown,form_match:+0.15",,,,,
92,ДИНАМИКО ЛОНГ 20мг N8 таб. покрытые пленочной оболочкой Тева Фармацевтические Предприятия Лтд | Тева Фармацевтические Предприятия Лтд. | Тева Фармацевтические Предприятия Лтд. | N8,,,Тадалафил,,,,unresolved,unresolved_catalog,True,1,2,2,"Динамико Лонг, 20 мг, табл. п.п.о, 1 шт.",https://uteka.ru/product/dinamiko-long-358564/,Тадалафил,0.85,dinamiko long 20 mg 4 sht tabletki pokrytye plenochnoj obolochkoj | /cards/dinamiko_long_5mg_n28_tab_pokrytye_plenochnoy_obolochkoy_teva_farmatsevticheskie_predpriyatiya_ltd.html,https://apteka.ru/product/dinamiko-long-20-mg-4-sht-tabletki-pokrytye-plenochnoj-obolochkoj-62f3b2017406fca377430b66/ | https://www.asna.ru/cards/dinamiko_long_5mg_n28_tab_pokrytye_plenochnoy_obolochkoy_teva_farmatsevticheskie_predpriyatiya_ltd.html,Тадалафил | Тадалафил,-0.4 | -0.75,"brand_title_conflict:-0.60,dose_match:+0.20 | brand_title_conflict:-0.60,dose_conflict:-0.30,form_match:+0.15",,,,,
354,"ЭХИНАЦЕИ ПУРПУРНОЙ ТРАВА 1,5Г Ф/П №20 ИВАН ЧАЙ | ИВАН-ЧАЙ ЗАО | ИВАН-ЧАЙ ЗАО",,,,,Эхинацеи пурпурной трава,Эхинацеи пурпурной трава,enrichment,resolved_enrichment,False,1,2,2,"Иван-чай, фиточай, 1.5 г, 20 шт.",https://uteka.ru/product/ivan-chay-378344/,,0.7,kiprej uzkolistnyj ivan chaj 1 gr 20 sht filtr pakety nasledie prirody | /cards/ekhinatseya_trava_n20_fp_ivan-chay.html,https://apteka.ru/product/kiprej-uzkolistnyj-ivan-chaj-1-gr-20-sht-filtr-pakety-nasledie-prirody-5e3269a065b5ab0001651ccc/ | https://www.asna.ru/cards/ekhinatseya_trava_n20_fp_ivan-chay.html,Иван-чай (Кипрей) | Эхинацеи трава,-0.6 | -0.6,"brand_title_conflict:-0.60,dose_card_unknown | brand_title_conflict:-0.60,dose_card_unknown",,,,,
456,"ЭТОРИАКС ТАБЛ. П/ПЛЕН/ОБ. 60МГ №14 | КРКА, Д.Д., НОВО МЕСТО АО | КРКА, Д.Д., НОВО МЕСТО АО",Эторикоксиб,,Эторикоксиб,,,,unresolved,unresolved_catalog,True,1,2,2,"Эториакс, 60 мг, табл. п.п.о, 14 шт.",https://uteka.ru/product/etoriaks-363994/,Эторикоксиб,0.85,etoriaks 60 mg 14 sht tabletki pokrytye plenochnoj obolochkoj | /cards/etoriaks_90mg_n7_tab_pokrytye_plenochnoy_obolochkoy_krka_dd_novo_mesto.html,https://apteka.ru/product/etoriaks-60-mg-14-sht-tabletki-pokrytye-plenochnoj-obolochkoj-5e32722df5a9ae000140cec0/ | https://www.asna.ru/cards/etoriaks_90mg_n7_tab_pokrytye_plenochnoy_obolochkoy_krka_dd_novo_mesto.html,Эторикоксиб | Эторикоксиб,-0.4 | -0.75,"brand_title_conflict:-0.60,dose_match:+0.20 | brand_title_conflict:-0.60,dose_conflict:-0.30,form_match:+0.15",,,,,
844,ЭЛЬКАР Р-Р Д/ПРИЕМА ВНУТРЬ 300МГ/МЛ ФЛ. 25МЛ | ///ПИК-ФАРМА ЛЕК | ///ПИК-ФАРМА ЛЕК,Левокарнитин,,Левокарнитин,,,,unresolved,unresolved_catalog,True,1,2,2,"Элькар, 300 мг/мл, р-р д/пр. внутрь, 100 мл, 1 шт.",https://uteka.ru/product/elkar-144361/,Левокарнитин,0.85,elkar 300 mgml rastvor dlya priema vnutr 25 ml flakon | /cards/elkar_30_100ml_r-r_pik-farma.html,https://apteka.ru/product/elkar-300-mgml-rastvor-dlya-priema-vnutr-25-ml-flakon-5e32765ff5a9ae000140eef3/ | https://www.asna.ru/cards/elkar_30_100ml_r-r_pik-farma.html,Левокарнитин | Левокарнитин,-0.75 | -0.9,"brand_title_conflict:-0.60,dose_conflict:-0.30,form_match:+0.15 | brand_title_conflict:-0.60,dose_conflict:-0.30",,,,,
1053,"ЭКЗОРОЛФИНЛАК ЛАК Д/НОГТЕЙ 5% ФЛ. 2,5МЛ | ПАУЛЬ В. БЕЙФЕРС ГМБХ | ПАУЛЬ В. БЕЙФЕРС ГМБХ",Циклопирокс,,Аморолфин,,,,unresolved,unresolved_catalog,True,0,1,4,,,,,"Экзоролфинлак, 5%, лак для ногтей, 2.5 мл, 1 шт.",https://uteka.ru/product/ekzorolfinlak-358514/,Аморолфин,0.2,"brand_title_match:+0.50,dose_conflict:-0.30",,,,,
1217,"ЭВКАЛИПТА ПРУТОВИДНОГО ЛИСТЬЯ Ф/П 1,5Г №20 ЗДОРОВЬЕ | ЗДОРОВЬЕ ФИРМА ООО | ЗДОРОВЬЕ ФИРМА ООО",Эвкалипта прутовидного листьев,,,,Эвкалипта прутовидного листья,Эвкалипта прутовидного листья,enrichment,resolved_enrichment,False,1,2,2,"М Здоровье Крапивы листья, 1.5 г, 20 шт.",https://uteka.ru/product/m-zdorove-krapivi-listya-436042/,,0.7,fitochaj zdorovechernika 2 gr 20 sht filtr pakety | /cards/krapiva_listya_15g_n20_fp_zdorove.html,https://apteka.ru/product/fitochaj-zdorovechernika-2-gr-20-sht-filtr-pakety-5e32723665b5ab0001655da0/ | https://www.asna.ru/cards/krapiva_listya_15g_n20_fp_zdorove.html, | Крапивы двудомной листья,-0.6 | -0.6,"brand_title_conflict:-0.60,dose_card_unknown | brand_title_conflict:-0.60,dose_card_unknown",,,,,
2348,ХИЛАК ФОРТЕ КАПЛИ Д/ПРИЕМА ВНУТРЬ ВИШНЯ ФЛ. 100МЛ | МЕРКЛЕ ГМБХ | МЕРКЛЕ ГМБХ,,,,,,,unresolved,unresolved_catalog,True,1,1,3,"Хилак форте, капли д/пр. внутрь, без ароматизатора, 100 мл, 1 шт.",https://uteka.ru/product/hilak-forte-34336/,"Метаболиты бактерий Escherichia col., Enterococcus faec., Lactobacillus acid., Lactobacillus helv",0.85,/cards/khilak_forte_100ml_kapli_merckle.html,https://www.asna.ru/cards/khilak_forte_100ml_kapli_merckle.html,Метаболиты бактерий,-0.4,"brand_title_conflict:-0.60,dose_match:+0.20",,,,,
2621,ФУРАЦИЛИН ТАБЛ. Д/Р-РА Д/МЕСТН. И НАРУЖ. ПРИМ. 20МГ №20 ТАТХИМФАРМПРЕПАРАТЫ | ТАТХИМФАРМПРЕПАРАТЫ АО | ТАТХИМФАРМПРЕПАРАТЫ АО,Нитрофурал,,,,Нитрофурал,Нитрофурал,enrichment,resolved_enrichment,False,1,1,3,"Фурацилин Авексима, 20 мг, табл. шип. д/р-ра д/местн. и наружн. прим, 10 шт.",https://uteka.ru/product/furacilin-aveksima-288606/,Нитрофурал,0.85,/cards/furacilin_20mg_1_sht__poroshok_dlya_prigotovleniya_rastvora_meligen_fp_zao.html,https://www.asna.ru/cards/furacilin_20mg_1_sht__poroshok_dlya_prigotovleniya_rastvora_meligen_fp_zao.html,,-0.4,"brand_title_conflict:-0.60,dose_match:+0.20",,,,,
3556,"ФИЗИОТЕНЗ ТАБЛ. П/ПЛЕН/ОБ. 0,4МГ №28 ВЕРОФАРМ | ВЕРОФАРМ АО | ВЕРОФАРМ АО",Моксонидин,,Моксонидин,,,,unresolved,unresolved_catalog,True,1,2,2,"Физиотенз, 0,4 мг, табл. п.п.о, 28 шт.",https://uteka.ru/product/fiziotenz-110975/,Моксонидин,0.85,fiziotenz 04 mg 28 sht tabletki pokrytye plenochnoj obolochkoj | /cards/fiziotenz_02mg_n28_tab_pokrytye_plenochnoy_obolochkoy_verofarm_ao.html,https://apteka.ru/product/fiziotenz-04-mg-28-sht-tabletki-pokrytye-plenochnoj-obolochkoj-5fe98ae13c1b43fd63e65c67/ | https://www.asna.ru/cards/fiziotenz_02mg_n28_tab_pokrytye_plenochnoy_obolochkoy_verofarm_ao.html,Моксонидин | Моксонидин,-0.9 | -0.75,"brand_title_conflict:-0.60,dose_conflict:-0.30 | brand_title_conflict:-0.60,dose_conflict:-0.30,form_match:+0.15",,,,,
3763,ФАРМГРУПП НАСТОЙКА 5 ТРАВ УСПОКОИТЕЛЬНАЯ ФЛ. 250МЛ | ФАРМГРУПП ООО | ФАРМГРУПП ООО,,,,,,,unresolved,unresolved_catalog,True,0,3,2,,,,,"Фармгрупп Магний + В6, р-р д/пр. внутрь, для взрослых и детей с 3 лет, лимон, 100 мл, 1 шт. | osiny kora 50 gr pakfarmgrupp | /cards/regidrovit_poroshok_dprigotovleniya_r-ra_dpriema_vnutr_0_5g_n10_farmgrupp.html",https://uteka.ru/product/farmgrupp-magniy--v6-so-vkusom-limona-390937/ | https://apteka.ru/product/osiny-kora-50-gr-pakfarmgrupp-5e32766eca7bdc00019338d1/ | https://www.asna.ru/cards/regidrovit_poroshok_dprigotovleniya_r-ra_dpriema_vnutr_0_5g_n10_farmgrupp.html, | Осина | ,0.2 | -0.6 | -0.6,"brand_title_match:+0.50,dose_conflict:-0.30 | brand_title_conflict:-0.60,dose_card_unknown | brand_title_conflict:-0.60,dose_card_unknown",,,,,
3781,ФАРИНГОСЕПТ ТАБЛ. Д/РАССАС. МЕД-ЛИМОН 10МГ №20 | C.К. ТЕРАПИЯ С.А. | C.К. ТЕРАПИЯ С.А.,Амбазон,,Амбазон,,,,unresolved,unresolved_catalog,True,1,2,2,"Фарингосепт, 10 мг, табл. д/рассас, 20 шт.",https://uteka.ru/product/faringosept-33508/,Амбазон,0.85,faringosept med limon 10 mg 20 sht tabletki dlya rassasyvaniya | /cards/faringosept_n10_tab_drassasyvaniya_sk_terapiya_sa.html,https://apteka.ru/product/faringosept-med-limon-10-mg-20-sht-tabletki-dlya-rassasyvaniya-5e32680e65b5ab000165103a/ | https://www.asna.ru/cards/faringosept_n10_tab_drassasyvaniya_sk_terapiya_sa.html,Амбазон | Амбазон,-0.4 | -0.45,"brand_title_conflict:-0.60,dose_match:+0.20 | brand_title_conflict:-0.60,dose_card_unknown,form_match:+0.15",,,,,
4403,ТРИМЕТАЗИДИН-АКОС МВ 35МГ ТАБЛ. МОДИФ. ВЫСВ. П/О №60 | БИОКОМ ЗАО | БИОКОМ ЗАО,Триметазидин,,Триметазидин,,,,unresolved,unresolved_catalog,True,1,2,2,"Триметазидин-АКОС МВ, 35 мг, табл. с модиф. высвоб. п.о, 120 шт.",https://uteka.ru/product/trimetazidin-mv-208734/,Триметазидин,0.85,trimetazidin akos mv 35 mg 120 sht tabletki s modificzirovannym vysvobozhdeniem pokrytye obolochkoj | /cards/trimetazidin-akos_mv_35mg_n60_tab_s_modifitsirovannym_vysvobozhdeniem_pokrytye_obolochkoy_biokom_ao.html,https://apteka.ru/product/trimetazidin-akos-mv-35-mg-120-sht-tabletki-s-modificzirovannym-vysvobozhdeniem-pokrytye-obolochkoj-6284efc71235eea774678134/ | https://www.asna.ru/cards/trimetazidin-akos_mv_35mg_n60_tab_s_modifitsirovannym_vysvobozhdeniem_pokrytye_obolochkoy_biokom_ao.html,Триметазидин | Триметазидин,-0.4 | -0.25,"brand_title_conflict:-0.60,dose_match:+0.20 | brand_title_conflict:-0.60,dose_match:+0.20,form_match:+0.15",,,,,
4487,ТРАНЕКСАМОВАЯ КИСЛОТА Р-Р ДЛЯ В/В ВВЕД. 50МГ/МЛ АМП. 5МЛ №10 МЭЗ | МОСКОВСКИЙ ЭНДОКРИННЫЙ ЗАВОД ФГУП | МОСКОВСКИЙ ЭНДОКРИННЫЙ ЗАВОД ФГУП,Транексамовая кислота,,Транексамовая кислота,,,,unresolved,unresolved_catalog,True,1,1,3,"Транексамовая кислота, 50 мг/мл, р-р для в/в введ, 5 мл, 10 шт.",https://uteka.ru/product/traneksamovaya-kislota-404184/,Транексамовая кислота,0.85,traneksamovaya kislota 50 mgml rastvor dlya vnutrivennogo vvedeniya 5 ml upakovka korobka ampuly 10 sht,https://apteka.ru/product/traneksamovaya-kislota-50-mgml-rastvor-dlya-vnutrivennogo-vvedeniya-5-ml-upakovka-korobka-ampuly-10-sht-6791dab14212848db63a48f6/,Транексамовая кислота,-0.75,"brand_title_conflict:-0.60,dose_conflict:-0.30,form_match:+0.15",,,,,
4570,ТОРАСЕМИД ТАБЛ. 5МГ №60 ПРАНАФАРМ | ПРАНАФАРМ ООО | ПРАНАФАРМ ООО,Торасемид,Торасемид,,,Торасемид,Торасемид,input_plus_enrichment,resolved_enrichment,False,0,3,2,,,,,"Эналаприл, 5 мг, табл, 60 шт. | atenolol 50 mg n30 tabl pranafarm | /cards/valsartan_40mg_n30_tab_pokrytye_plenochnoy_obolochkoy_pranafarm.html",https://uteka.ru/product/enalapril-384383/ | https://apteka.ru/product/atenolol-50-mg-n30-tabl-pranafarm-5e326f79f5a9ae000140be23/ | https://www.asna.ru/cards/valsartan_40mg_n30_tab_pokrytye_plenochnoy_obolochkoy_pranafarm.html,Эналаприл | Атенолол | Валсартан, |  | ,strong_explicit_mnn_mismatch | strong_explicit_mnn_mismatch | strong_explicit_mnn_mismatch,,,,,
4593,ТОРАСЕМИД ТАБЛ. 10МГ №20 ОЗОН | ОЗОН ООО | ОЗОН ООО,Торасемид,Торасемид,Торасемид,,,Торасемид,input_explicit_mnn,resolved_input_explicit,False,1,1,3,"Торасемид-СЗ, 10 мг, табл, 60 шт.",https://uteka.ru/product/torasemid-sz-296554/,Торасемид,0.85,torasemid 10 mg 60 sht tabletki,https://apteka.ru/product/torasemid-10-mg-60-sht-tabletki-63f38576eb7ecabcae073843/,Торасемид,-0.4,"brand_title_conflict:-0.60,dose_match:+0.20",,,,,
4922,ТЕРМИКОН СПРЕЙ Д/НАРУЖ. ПРИМ. 1% ФЛ. 30Г | ФАРМСТАНДАРТ-ЛЕКСРЕДСТВА ОАО | ФАРМСТАНДАРТ-ЛЕКСРЕДСТВА ОАО,Тербинафин,,Тербинафин,,,,unresolved,unresolved_catalog,True,0,3,2,,,,,"Термикон, 1%, спрей д/наружн. прим, спрей противогрибковый, 30 г, 1 шт. | termikon 1 krem 15 gr | /cards/termikon_1_30g_sprey_dnaruzhnogo_primeneniya_farmstandart-tomskkhimfarm_oao.html",https://uteka.ru/product/termikon-147668/ | https://apteka.ru/product/termikon-1-krem-15-gr-5e3276d1f5a9ae000140f1e4/ | https://www.asna.ru/cards/termikon_1_30g_sprey_dnaruzhnogo_primeneniya_farmstandart-tomskkhimfarm_oao.html,Тербинафин | Тербинафин | Тербинафин,0.35 | -0.6 | -0.6,"brand_title_match:+0.50,dose_conflict:-0.30,form_match:+0.15 | brand_title_conflict:-0.60,dose_card_unknown | brand_title_conflict:-0.60,dose_card_unknown",,,,,
4924,ТЕРМИКОН КРЕМ Д/НАРУЖ. ПРИМ. 1% ТУБА 15Г | ЛЕККО ЗАО | ЛЕККО ЗАО,,,Тербинафин,,,,unresolved,unresolved_catalog,True,0,3,2,,,,,"Термикон, 1%, крем д/наружн. прим, противогрибковый, 15 г, 1 шт. | termikon 1 krem 15 gr | /cards/termikon_1_15g_krem_dnaruzhnogo_primeneniya_farmstandart-tomskkhimfarm_oao.html",https://uteka.ru/product/termikon-300017/ | https://apteka.ru/product/termikon-1-krem-15-gr-5e3276d1f5a9ae000140f1e4/ | https://www.asna.ru/cards/termikon_1_15g_krem_dnaruzhnogo_primeneniya_farmstandart-tomskkhimfarm_oao.html,Тербинафин | Тербинафин | Тербинафин,0.35 | -0.6 | -0.6,"brand_title_match:+0.50,dose_conflict:-0.30,form_match:+0.15 | brand_title_conflict:-0.60,dose_card_unknown | brand_title_conflict:-0.60,dose_card_unknown",,,,,
5258,"ТАМСУЛОЗИН КАНОН КАПС. КИШ/РАСТ. ПРОЛОНГ. ВЫСВ. 0,4МГ №30 | КАНОНФАРМА ПРОДАКШН ЗАО | КАНОНФАРМА ПРОДАКШН ЗАО",Тамсулозин,,Тамсулозин,,,,unresolved,unresolved_catalog,True,1,2,2,"Тамсулозин Канон, 0,4 мг, капсулы кишечнорастворимые с пролонг. высвоб, 30 шт.",https://uteka.ru/product/tamsulozin-kanon-346887/,Тамсулозин,0.85,tamsulozin kanon 04 mg 90 sht kapsuly kishechnorastvorimye s prolongirovannym vysvobozhdeniem | /cards/tamsulozin_kanon_04mg_n90_kapsuly_kishechnorastvorimye_s_prolongirovannym_vysvobozhdeniem_kanonfarma_prodakshn_zao.html,https://apteka.ru/product/tamsulozin-kanon-04-mg-90-sht-kapsuly-kishechnorastvorimye-s-prolongirovannym-vysvobozhdeniem-5fc73d63fd4cfc00015439be/ | https://www.asna.ru/cards/tamsulozin_kanon_04mg_n90_kapsuly_kishechnorastvorimye_s_prolongirovannym_vysvobozhdeniem_kanonfarma_prodakshn_zao.html,Тамсулозин | Тамсулозин,-0.9 | -0.9,"brand_title_conflict:-0.60,dose_conflict:-0.30 | brand_title_conflict:-0.60,dose_conflict:-0.30",,,,,
5270,ТАМИФЛЮ КАПС. 75МГ №10 | ДЕЛФАРМ МИЛАНО С.Р.Л./Ф.ХОФФМАНН-ЛЯ РОШ ЛТД/СЕНЕКСИ С.А.С. | ДЕЛФАРМ МИЛАНО С.Р.Л./Ф.ХОФФМАНН-ЛЯ РОШ ЛТД/СЕНЕКСИ С.А.С.,Осельтамивир,,Осельтамивир,,,,unresolved,unresolved_catalog,True,1,1,3,"Тамифлю, 75 мг, капсулы, 10 шт.",https://uteka.ru/product/tamiflyu-140524/,Осельтамивир,0.85,/cards/tamiflyu_75mg_n10_kaps_fkhoffmann-lya_rosh_ltd.html,https://www.asna.ru/cards/tamiflyu_75mg_n10_kaps_fkhoffmann-lya_rosh_ltd.html,Осельтамивир,-0.4,"brand_title_conflict:-0.60,dose_match:+0.20",,,,,
5322,"ТАВОЛГА ВЯЗОЛИСТНАЯ (ЛАБАЗНИК) ТРАВА Ф/П 1,5Г №20 ХЕРБЕС | ХЕРБЕС ООО | ХЕРБЕС ООО",,,,,,,unresolved,unresolved_catalog,True,0,2,3,,,,,tavolga 15 20 sht filtr paketyzdorove | /cards/romashki_tsvetki_15g_n20_fp_kherbes_ooo.html,https://apteka.ru/product/tavolga-15-20-sht-filtr-paketyzdorove-5e326dc1ca7bdc000192f797/ | https://www.asna.ru/cards/romashki_tsvetki_15g_n20_fp_kherbes_ooo.html,Таволга | Ромашки аптечной цветки,-0.6 | -0.6,"brand_title_conflict:-0.60,dose_card_unknown | brand_title_conflict:-0.60,dose_card_unknown",,,,,
