product_id,normalized_text,final_candidate_mnn,pass_action,identity_gate_status,final_mnn_method,new_enrichment_status,current_age,current_age_method,current_age_stage,current_age_source,current_age_confidence,current_age_reason,sem_age,catalog_age,previous_enrichment_age,identity_enrichment_age,age_candidates_json,research_summary,evidence_urls,research_context_available,selected_evidence_count,search_count,label_age,label_notes,manual_expected_age_hint,manual_expected_age_hint_strength,age_error_bucket,age_source_type_guess,age_source_tier_guess,age_identity_grade_guess,age_evidence_grade_guess,age_conflict_status,proposed_age_decision,proposed_age_value,proposed_age_acceptance_tier,proposed_age_queue_action,proposed_age_reason,policy_version
54,ГЕПАРИН 5000ЕД/мл 5мл N5 р-р для в/в и п/к введения Армавирская биологическая фабрика фгуп | Армавирская биологическая фабрика фгуп | Армавирская биологическая фабрика фгуп | N5,Гепарин натрия,reuse_existing_enrichment,resolved_enrichment,enrichment,,универсальный,previous_enrichment,previous_mnn_enrichment,mnn_catalog_resolution_wave500_v3,high,"reused prior enrichment: status=ok, validated Age=универсальный; weaker sources differ: sem_baseline=взрослые",взрослые,,универсальный,,"[{""value"": ""универсальный"", ""method"": ""previous_enrichment"", ""stage"": ""previous_mnn_enrichment"", ""source"": ""mnn_catalog_resolution_wave500_v3"", ""confidence"": ""high""}, {""value"": ""взрослые"", ""method"": ""sem_baseline"", ""stage"": ""sem1"", ""source"": ""sem_wave500_mnn_v3_report"", ""confidence"": ""medium""}]",pass_action=reuse_existing_enrichment; identity_gate_already_used_enrichment,,no,0,,incorrect,возрастной сегмент - взрослый,взрослые,explicit_label_note,source_conflict_not_escalated,unknown,,unknown,none,baseline_vs_enrichment_conflict,require_manual_review,null,not_accepted_audit_only,escalate_source_conflict,"bucket=source_conflict_not_escalated; current_age=универсальный (not accepted); hint=взрослые/explicit_label_note; conflict=baseline_vs_enrichment_conflict; evidence_grade=none. Reviewer-note hint is heuristic only, not canonical ground truth; no medical inference applied.",age_contract_v1
88,ГЕСПЕРИДИН+ДИОСМИН 100мг+900мг N30 таб. покрытые пленочной оболочкой Алиум АО | Алиум АО | Алиум АО | N30,"Гесперидин, Диосмин",new_enrichment,unresolved_catalog,enrichment,ok,универсальный,identity_enrichment,mnn_identity_enrichment,mnn_identity_enrichment_pass_results,high,"identity enrichment run 461: status=ok, Category=Drug, Age=универсальный, evidence present; weaker sources differ: sem_baseline=взрослые",взрослые,,,универсальный,"[{""value"": ""универсальный"", ""method"": ""identity_enrichment"", ""stage"": ""mnn_identity_enrichment"", ""source"": ""mnn_identity_enrichment_pass_results"", ""confidence"": ""high""}, {""value"": ""взрослые"", ""method"": ""sem_baseline"", ""stage"": ""sem1"", ""source"": ""sem_wave500_mnn_v3_report"", ""confidence"": ""medium""}]","status=ok | Category=Drug | mnn=Гесперидин, Диосмин | RX_OTC=OTC | Age=Универсальный | Препарат Гесперидин+Диосмин является лекарственным средством (ангиопротекторным и венотонизирующим). Действующие вещества: гесперидин и диосмин (МНН). Согласно данным с сайта ЗдравСити, препарат отпускается без рецепта. Инструкция по применению доступна на официальных ресурсах,…",https://aptekamos.ru/tovary/lekarstva/gesperidin-diosmin-14901/diosperidin-tabletki-50mg-450mg-106298/instrukciya | https://medi.ru/instrukciya/diosmin-gesperidin-verteks_19523/ | https://medum.ru/gesperidin-diosmin-mnn | https://megapteka.ru/specials/guide_angiorus-instrukciya-po-2691 | https://megapteka.ru/specials/guide_flebaven-instrukciya-po-6020 | https://megapteka.ru/specials/guide_gesperidin-diosmin-instrukciya-po-4379 | https://megapteka.ru/specials/guide_venozol-instrukciya-po-7166 | https://velpharm.group/catalog/dioridinvel/ | https://www.rlsnet.ru/active-substance/gesperidin-diosmin-518 | https://www.vidal.ru/drugs/molecule/496 | https://zdravcity.ru/p_diosmin-gesperidin-verteks-tab-p-o-pljon-500mg-n30-0119927.html | https://zdravcity.ru/p_gesperedin-diosmin-tabletki-p-o-plen-100mg-900mg-30sht-0184812.html,yes,12,16,incorrect,возрастной сегмент - взрослый,взрослые,explicit_label_note,source_conflict_not_escalated,official_manufacturer_or_MAH,P1,D,none,baseline_vs_enrichment_conflict,require_manual_review,null,not_accepted_audit_only,escalate_source_conflict,"bucket=source_conflict_not_escalated; current_age=универсальный (not accepted); hint=взрослые/explicit_label_note; conflict=baseline_vs_enrichment_conflict; evidence_grade=none. Reviewer-note hint is heuristic only, not canonical ground truth; no medical inference applied.",age_contract_v1
486,ЭСЦИТАЛОПРАМ КАНОН ТАБЛ. П/ПЛЕН/ОБ. 20МГ №28 | КАНОНФАРМА ПРОДАКШН ЗАО | КАНОНФАРМА ПРОДАКШН ЗАО,Эсциталопрам,new_enrichment,unresolved_catalog,enrichment,ok,универсальный,identity_enrichment,mnn_identity_enrichment,mnn_identity_enrichment_pass_results,high,"identity enrichment run 461: status=ok, Category=Drug, Age=универсальный, evidence present; weaker sources differ: sem_baseline=взрослые",взрослые,,,универсальный,"[{""value"": ""универсальный"", ""method"": ""identity_enrichment"", ""stage"": ""mnn_identity_enrichment"", ""source"": ""mnn_identity_enrichment_pass_results"", ""confidence"": ""high""}, {""value"": ""взрослые"", ""method"": ""sem_baseline"", ""stage"": ""sem1"", ""source"": ""sem_wave500_mnn_v3_report"", ""confidence"": ""medium""}]","status=ok | Category=Drug | mnn=Эсциталопрам | RX_OTC=RX | Age=Универсальный | Эсциталопрам Канон является лекарственным средством (антидепрессантом, СИОЗС). Действующее вещество (МНН) — эсциталопрам (источник: Здравсити, РЛС). Препарат применяется при депрессии, панических расстройствах и других показаниях (Здравсити). Инструкция указывает, что для…",https://aptekamos.ru/tovary/lekarstva/escitalopram-8473/escitalopram-kanon-tabletki-20mg-91410/instrukciya | https://t-j.ru/list/psychiatric-drugs-russia/ | https://www.asna.ru/product/estsitalopram/instruction/ | https://www.rlsnet.ru/active-substance/escitalopram-2668 | https://www.rlsnet.ru/drugs/cipraleks-24934 | https://www.rlsnet.ru/drugs/eliceya-39239 | https://www.rlsnet.ru/drugs/escitalopram-66941 | https://zdravcity.ru/p_jescitalopram-kanon-tab-p-o-plen-10mg-n28-0089809.html | https://zdravcity.ru/p_jescitalopram-kanon-tab-p-o-plen-20mg-n28-0089808.html | https://zdravcity.ru/p_jescitalopram-kanon-tabletki-pokrytye-plenochnoj-obolochkoj-10mg-56sht-0269000.html,yes,10,16,incorrect,возрастной сегмент - взрослый,взрослые,explicit_label_note,source_conflict_not_escalated,rls_or_vidal_product_card,P2,C,none,baseline_vs_enrichment_conflict,require_manual_review,null,not_accepted_audit_only,escalate_source_conflict,"bucket=source_conflict_not_escalated; current_age=универсальный (not accepted); hint=взрослые/explicit_label_note; conflict=baseline_vs_enrichment_conflict; evidence_grade=none. Reviewer-note hint is heuristic only, not canonical ground truth; no medical inference applied.",age_contract_v1
1668,"ЧАБРЕЦА ТРАВА Ф/П 1,5Г №20 ЗДОРОВЬЕ | Здоровье фирма ЗАО | Здоровье фирма ЗАО",Тимьяна ползучего трава,reuse_existing_enrichment,resolved_enrichment,enrichment,,универсальный,previous_enrichment,previous_mnn_enrichment,mnn_catalog_resolution_wave500_v3,high,"reused prior enrichment: status=ok, validated Age=универсальный",,,универсальный,,"[{""value"": ""универсальный"", ""method"": ""previous_enrichment"", ""stage"": ""previous_mnn_enrichment"", ""source"": ""mnn_catalog_resolution_wave500_v3"", ""confidence"": ""high""}]",pass_action=reuse_existing_enrichment; identity_gate_already_used_enrichment,,no,0,,incorrect,возрастной сегмент - взрослый,взрослые,explicit_label_note,overbroad_universal_without_evidence,unknown,,unknown,none,no_conflict,require_product_specific_evidence,null,not_accepted_audit_only,require_product_specific_age_evidence,"bucket=overbroad_universal_without_evidence; current_age=универсальный (not accepted); hint=взрослые/explicit_label_note; conflict=no_conflict; evidence_grade=none. Reviewer-note hint is heuristic only, not canonical ground truth; no medical inference applied.",age_contract_v1
1765,ЦИПРОТЕРОН-ТЕВА ТАБЛ. 50МГ №50 | ТЕВА ЧЕШСКИЕ ПРЕДПРИЯТИЯ С.Р.О. | ТЕВА ЧЕШСКИЕ ПРЕДПРИЯТИЯ С.Р.О.,Ципротерон,new_enrichment,unresolved_catalog,enrichment,ok,универсальный,identity_enrichment,mnn_identity_enrichment,mnn_identity_enrichment_pass_results,high,"identity enrichment run 461: status=ok, Category=Drug, Age=универсальный, evidence present; weaker sources differ: sem_baseline=взрослые",взрослые,,,универсальный,"[{""value"": ""универсальный"", ""method"": ""identity_enrichment"", ""stage"": ""mnn_identity_enrichment"", ""source"": ""mnn_identity_enrichment_pass_results"", ""confidence"": ""high""}, {""value"": ""взрослые"", ""method"": ""sem_baseline"", ""stage"": ""sem1"", ""source"": ""sem_wave500_mnn_v3_report"", ""confidence"": ""medium""}]","status=ok | Category=Drug | mnn=Ципротерон | RX_OTC=RX | Age=Универсальный | Ципротерон-Тева — лекарственный препарат, содержащий действующее вещество ципротерон (МНН). Согласно инструкции, он применяется для лечения рака предстательной железы у мужчин и симптомов андрогенизации у женщин (например, тяжелый гирсутизм, акне). Препарат отпускается по…",https://aptekamos.ru/tovary/lekarstva/ciproteron-1104/ciproteron-teva-tabletki-50mg-26637/instrukciya | https://health.mail.ru/drug/tsiproteronteva/ | https://medi.ru/instrukciya/tsiproteron-teva_381/ | https://www.lsgeotar.ru/drugs/cyproterone-teva-AB0h | https://www.lsgeotar.ru/drugs/cyproterone-teva-ACdc | https://www.rlsnet.ru/drugs/ciproteron-teva-21548 | https://www.vidal.ru/drugs/cyproterone-teva__6350 | https://www.webapteka.ru/drugbase/name15462.html,yes,8,16,incorrect,возрастной сегмент - взрослый,взрослые,explicit_label_note,source_conflict_not_escalated,rls_or_vidal_product_card,P2,C,none,baseline_vs_enrichment_conflict,require_manual_review,null,not_accepted_audit_only,escalate_source_conflict,"bucket=source_conflict_not_escalated; current_age=универсальный (not accepted); hint=взрослые/explicit_label_note; conflict=baseline_vs_enrichment_conflict; evidence_grade=none. Reviewer-note hint is heuristic only, not canonical ground truth; no medical inference applied.",age_contract_v1
2023,ЦЕЛЕКОКСИБ-ТЕВА КАПС. 200МГ №30 | УОТСОН ФАРМА ПРАЙВЭТ ЛИМИТЕД | УОТСОН ФАРМА ПРАЙВЭТ ЛИМИТЕД,Целекоксиб,new_enrichment,unresolved_catalog,enrichment,ok,универсальный,identity_enrichment,mnn_identity_enrichment,mnn_identity_enrichment_pass_results,high,"identity enrichment run 461: status=ok, Category=Drug, Age=универсальный, evidence present; weaker sources differ: sem_baseline=взрослые",взрослые,,,универсальный,"[{""value"": ""универсальный"", ""method"": ""identity_enrichment"", ""stage"": ""mnn_identity_enrichment"", ""source"": ""mnn_identity_enrichment_pass_results"", ""confidence"": ""high""}, {""value"": ""взрослые"", ""method"": ""sem_baseline"", ""stage"": ""sem1"", ""source"": ""sem_wave500_mnn_v3_report"", ""confidence"": ""medium""}]","status=ok | Category=Drug | mnn=Целекоксиб | RX_OTC=RX | Age=Универсальный | Целекоксиб-Тева является лекарственным средством (препаратом), действующим веществом которого является целекоксиб (МНН). Согласно инструкции, препарат применяется при остеоартрите, ревматоидном артрите, ювенильном ревматоидном артрите у пациентов от 2 лет и старше,…",https://aptekamos.ru/tovary/lekarstva/celekoksib-5352/celekoksib-teva-kapsuly-200mg-110832/instrukciya | https://dsm.ru/upload/medialibrary/164/61vbxn9ib5bkrf0xyedyjx81a772rpca/DSM-Annual_report_2025_RU.pdf | https://megapteka.ru/specials/guide_celekoksib-instrukciya-po-6725 | https://megapteka.ru/specials/guide_celeksib-instrukciya-po-6802 | https://recipe.ru/news/medpharm/minzdrav-rf-otmenil-registratsiyu-71-lekarstvennogo-sredstva/ | https://www.rlsnet.ru/active-substance/celekoksib-2360 | https://www.rlsnet.ru/active-substance/etorikoksib-2890 | https://www.vidal.ru/drugs/celecoxib-4 | https://zdravcity.ru/p_celekoksib-teva-kapsuly-200mg-30sht-0210302.html,yes,9,16,incorrect,возрастной сегмент - взрослый,взрослые,explicit_label_note,source_conflict_not_escalated,rls_or_vidal_product_card,P2,D,none,baseline_vs_enrichment_conflict,require_manual_review,null,not_accepted_audit_only,escalate_source_conflict,"bucket=source_conflict_not_escalated; current_age=универсальный (not accepted); hint=взрослые/explicit_label_note; conflict=baseline_vs_enrichment_conflict; evidence_grade=none. Reviewer-note hint is heuristic only, not canonical ground truth; no medical inference applied.",age_contract_v1
3027,ФЛУОКСЕТИН КАПС. 10МГ №20 ОЗОН | ОЗОН ООО | ОЗОН ООО,Флуоксетин,new_enrichment,unresolved_catalog,enrichment,ok,универсальный,identity_enrichment,mnn_identity_enrichment,mnn_identity_enrichment_pass_results,high,"identity enrichment run 461: status=ok, Category=Drug, Age=универсальный, evidence present; weaker sources differ: sem_baseline=взрослые",взрослые,,,универсальный,"[{""value"": ""универсальный"", ""method"": ""identity_enrichment"", ""stage"": ""mnn_identity_enrichment"", ""source"": ""mnn_identity_enrichment_pass_results"", ""confidence"": ""high""}, {""value"": ""взрослые"", ""method"": ""sem_baseline"", ""stage"": ""sem1"", ""source"": ""sem_wave500_mnn_v3_report"", ""confidence"": ""medium""}]","status=ok | Category=Drug | mnn=Флуоксетин | RX_OTC=RX | Age=Универсальный | Флуоксетин является лекарственным средством (антидепрессантом) с действующим веществом флуоксетин (МНН). Согласно данным из Государственного реестра лекарственных средств (ГРЛС), препарат отпускается по рецепту (источник: grls.pharm-portal.ru). Инструкция по применению…",https://aptekamos.ru/tovary/lekarstva/fluoksetin-999/fluoksetin-kapsuly-10mg-26666/instrukciya | https://aptekamos.ru/tovary/lekarstva/fluoksetin-999/fluoksetin-kapsuly-20mg-25971/instrukciya | https://aptekamos.ru/tovary/lekarstva/fluoksetin-999/profluzak-kapsuly-20mg-21518/instrukciya | https://grls.rosminzdrav.ru/grls.aspx | https://www.asna.ru/product/fluoksetin/instruction/ | https://www.rlsnet.ru/active-substance/fluoksetin-264 | https://www.rlsnet.ru/drugs/fluoksetin-16275 | https://www.vidal.ru/drugs/fluoxetine__13699 | https://www.vidal.ru/drugs/molecule/433,yes,9,16,incorrect,возрастной сегмент - взрослый,взрослые,explicit_label_note,source_conflict_not_escalated,rls_or_vidal_product_card,P2,C,none,baseline_vs_enrichment_conflict,require_manual_review,null,not_accepted_audit_only,escalate_source_conflict,"bucket=source_conflict_not_escalated; current_age=универсальный (not accepted); hint=взрослые/explicit_label_note; conflict=baseline_vs_enrichment_conflict; evidence_grade=none. Reviewer-note hint is heuristic only, not canonical ground truth; no medical inference applied.",age_contract_v1
3065,ФЛУКОНАЗОЛ-OBL КАПС. 150МГ №4 | ОБОЛЕНСКОЕ ФП АО | ОБОЛЕНСКОЕ ФП АО,Флуконазол,skip_catalog,resolved_catalog,catalog_consensus,,unknown,not_resolved,none,none,unknown,no accepted pipeline source contains Age; display value unknown,,,,,[],pass_action=skip_catalog; catalog_consensus_retained,,no,0,,incorrect,"препарат otc, возрастной сегмент - универсальный",универсальный,explicit_label_note,unknown_should_be_resolved,unknown,,unknown,none,unknown,require_product_specific_evidence,null,not_accepted_audit_only,require_product_specific_age_evidence,"bucket=unknown_should_be_resolved; current_age=unknown (not accepted); hint=универсальный/explicit_label_note; conflict=unknown; evidence_grade=none. Reviewer-note hint is heuristic only, not canonical ground truth; no medical inference applied.",age_contract_v1
4133,УЛЬЦЕРНИЛ ТАБЛ. КИШ/РАСТ. П/ПЛЕН/ОБ. 20МГ №28 | САН ФАРМАСЬЮТИКАЛ ИНДАСТРИЗ ЛТД | САН ФАРМАСЬЮТИКАЛ ИНДАСТРИЗ ЛТД,Рабепразол,new_enrichment,unresolved_catalog,enrichment,ok,универсальный,identity_enrichment,mnn_identity_enrichment,mnn_identity_enrichment_pass_results,high,"identity enrichment run 461: status=ok, Category=Drug, Age=универсальный, evidence present; weaker sources differ: sem_baseline=взрослые",взрослые,,,универсальный,"[{""value"": ""универсальный"", ""method"": ""identity_enrichment"", ""stage"": ""mnn_identity_enrichment"", ""source"": ""mnn_identity_enrichment_pass_results"", ""confidence"": ""high""}, {""value"": ""взрослые"", ""method"": ""sem_baseline"", ""stage"": ""sem1"", ""source"": ""sem_wave500_mnn_v3_report"", ""confidence"": ""medium""}]","status=ok | Category=Drug | mnn=Рабепразол | RX_OTC=RX | Age=Универсальный | Ульцернил является лекарственным препаратом, его МНН — рабепразол (источник: ГРЛС, https://grls.pharm-portal.ru/grls/735c5019-3250-4d95-b956-e1baa60b32dd). Препарат применяется у взрослых и детей в возрасте от 12 лет (источник:…",https://aptekamos.ru/tovary/lekarstva/rabeprazol-5929/ulcernil-tabletki-20mg-95070/instrukciya | https://grls.rosminzdrav.ru/ | https://health.mail.ru/drug/ultsernil-1/ | https://medi.ru/instrukciya/ulcernil-10_15167/ | https://medum.ru/ulcernil | https://medum.ru/ulcernil-tabletki | https://medvestnik.ru/ls/a0e408a6-e220-4c8e-a4bd-9ff8a2c146d0.html | https://www.webapteka.ru/drugbase/name71760.html | https://zdesapteka.ru/instructions/ultsernil/,yes,9,16,incorrect,возрастной сегмент - взрослый,взрослые,explicit_label_note,source_conflict_not_escalated,pharmacy_product_card,P2,B,none,baseline_vs_enrichment_conflict,require_manual_review,null,not_accepted_audit_only,escalate_source_conflict,"bucket=source_conflict_not_escalated; current_age=универсальный (not accepted); hint=взрослые/explicit_label_note; conflict=baseline_vs_enrichment_conflict; evidence_grade=none. Reviewer-note hint is heuristic only, not canonical ground truth; no medical inference applied.",age_contract_v1
4924,ТЕРМИКОН КРЕМ Д/НАРУЖ. ПРИМ. 1% ТУБА 15Г | ЛЕККО ЗАО | ЛЕККО ЗАО,Тербинафин,new_enrichment,unresolved_catalog,enrichment,ok,универсальный,identity_enrichment,mnn_identity_enrichment,mnn_identity_enrichment_pass_results,high,"identity enrichment run 461: status=ok, Category=Drug, Age=универсальный, evidence present",,,,универсальный,"[{""value"": ""универсальный"", ""method"": ""identity_enrichment"", ""stage"": ""mnn_identity_enrichment"", ""source"": ""mnn_identity_enrichment_pass_results"", ""confidence"": ""high""}]","status=ok | Category=Drug | mnn=Тербинафин | RX_OTC=RX | Age=Универсальный | Термикон является лекарственным средством (препаратом), его МНН — Тербинафин (источник: pharmcontrol.ru, rlsnet.ru). Согласно инструкции, крем Термикон применяется наружно у взрослых и детей старше 12 лет (vidal.ru, zdesapteka.ru). Для детей младше 12 лет требуется осторожность…",https://apteka-april.ru/product/213409-termikon_tabletki_250mg_28 | https://aptekamos.ru/tovary/lekarstva/terbinafin-869/termikon-krem-1-15g-29833/instrukciya | https://grls.rosminzdrav.ru/ | https://health.mail.ru/drug/termikon/ | https://medlib.net/termikon.html | https://medum.ru/termikon | https://medvestnik.ru/ls/a0e3f418-4d20-492b-9bb8-6eeb13ee10ab.html | https://termikon.ru/instrukcii/ | https://www.rlsnet.ru/drugs/termikon-16124 | https://www.vidal.ru/drugs/termicon | https://www.vidal.ru/drugs/termicon__13678 | https://zdesapteka.ru/instructions/termikon/,yes,12,16,incorrect,"препарат otc, возрастной сегмент - взрослый",взрослые,explicit_label_note,overbroad_universal_without_evidence,official_instruction_product_specific,P1,C,none,no_conflict,require_product_specific_evidence,null,not_accepted_audit_only,require_product_specific_age_evidence,"bucket=overbroad_universal_without_evidence; current_age=универсальный (not accepted); hint=взрослые/explicit_label_note; conflict=no_conflict; evidence_grade=none. Reviewer-note hint is heuristic only, not canonical ground truth; no medical inference applied.",age_contract_v1
7275,САНОВАСК ТАБЛ. П/КИШ/РАСТ/ПЛЕН/ОБ. 50МГ №30 | ИРБИТСКИЙ ХИМЗАВОД ОАО | ИРБИТСКИЙ ХИМЗАВОД ОАО,Ацетилсалициловая кислота,new_enrichment,unresolved_catalog,enrichment,ok,универсальный,identity_enrichment,mnn_identity_enrichment,mnn_identity_enrichment_pass_results,high,"identity enrichment run 461: status=ok, Category=Drug, Age=универсальный, evidence present",,,,универсальный,"[{""value"": ""универсальный"", ""method"": ""identity_enrichment"", ""stage"": ""mnn_identity_enrichment"", ""source"": ""mnn_identity_enrichment_pass_results"", ""confidence"": ""high""}]","status=ok | Category=Drug | mnn=Ацетилсалициловая кислота | RX_OTC=RX | Age=Универсальный | САНОВАСК содержит действующее вещество ацетилсалициловую кислоту (АСК) (источник: lsgeotar.ru). Препарат выпускается в форме таблеток кишечнорастворимых, покрытых пленочной оболочкой, 50 мг (источник: vidal.ru). Согласно инструкции, препарат применяется для профилактики…",http://drugs.thead.ru/SANOVASK | https://avexima.ru/upload/iblock/5f4/o5oavm0mg1b7f5j7f1mqrnipexcx4gc0.pdf | https://grls.rosminzdrav.ru/ | https://medvisor.ru/medicine/drug/sanovask_39420/ | https://www.lsgeotar.ru/drugs/sanovasc-ADcV | https://www.lsgeotar.ru/drugs/sanovasc-AEUn | https://www.rlsnet.ru/drugs/sanovask-75403 | https://www.vidal.ru/drugs/sanovasc | https://www.webapteka.ru/drugbase/name53516.html,yes,9,16,incorrect,"препарат otc, возрастной сегмент - взрослый",взрослые,explicit_label_note,overbroad_universal_without_evidence,official_instruction_product_specific,P1,D,none,no_conflict,require_product_specific_evidence,null,not_accepted_audit_only,require_product_specific_age_evidence,"bucket=overbroad_universal_without_evidence; current_age=универсальный (not accepted); hint=взрослые/explicit_label_note; conflict=no_conflict; evidence_grade=none. Reviewer-note hint is heuristic only, not canonical ground truth; no medical inference applied.",age_contract_v1
9301,ПОЛЫНИ ГОРЬКОЙ ТРАВА 50Г ФИТОФАРМ | ФИТОФАРМ ООО | ФИТОФАРМ ООО,Полыни горькой трава,reuse_existing_enrichment,resolved_enrichment,enrichment,,универсальный,previous_enrichment,previous_mnn_enrichment,mnn_catalog_resolution_wave500_v3,high,"reused prior enrichment: status=ok, validated Age=универсальный; weaker sources differ: sem_baseline=взрослые",взрослые,,универсальный,,"[{""value"": ""универсальный"", ""method"": ""previous_enrichment"", ""stage"": ""previous_mnn_enrichment"", ""source"": ""mnn_catalog_resolution_wave500_v3"", ""confidence"": ""high""}, {""value"": ""взрослые"", ""method"": ""sem_baseline"", ""stage"": ""sem1"", ""source"": ""sem_wave500_mnn_v3_report"", ""confidence"": ""medium""}]",pass_action=reuse_existing_enrichment; identity_gate_already_used_enrichment,,no,0,,incorrect,возрастной сегмент - взрослый,взрослые,explicit_label_note,source_conflict_not_escalated,unknown,,unknown,none,baseline_vs_enrichment_conflict,require_manual_review,null,not_accepted_audit_only,escalate_source_conflict,"bucket=source_conflict_not_escalated; current_age=универсальный (not accepted); hint=взрослые/explicit_label_note; conflict=baseline_vs_enrichment_conflict; evidence_grade=none. Reviewer-note hint is heuristic only, not canonical ground truth; no medical inference applied.",age_contract_v1
10536,ОМЕПРАЗОЛ-ОBL КАПС. КИШ/РАСТ. 20МГ №28 | ОБОЛЕНСКОЕ ФП АО | ОБОЛЕНСКОЕ ФП АО,Омепразол,skip_strong_input_mnn,resolved_input_explicit,input_explicit_mnn,,взрослые,sem_baseline,sem1,sem_wave500_mnn_v3_report,medium,Sem v3 canonical attr contains Age=взрослые,взрослые,,,,"[{""value"": ""взрослые"", ""method"": ""sem_baseline"", ""stage"": ""sem1"", ""source"": ""sem_wave500_mnn_v3_report"", ""confidence"": ""medium""}]",pass_action=skip_strong_input_mnn; strong_input_explicit_accepted,,no,0,,incorrect,возрастной сегмент - универсальный,универсальный,explicit_label_note,overbroad_adult_without_evidence,unknown,,unknown,none,no_conflict,require_product_specific_evidence,null,not_accepted_audit_only,require_product_specific_age_evidence,"bucket=overbroad_adult_without_evidence; current_age=взрослые (not accepted); hint=универсальный/explicit_label_note; conflict=no_conflict; evidence_grade=none. Reviewer-note hint is heuristic only, not canonical ground truth; no medical inference applied.",age_contract_v1
13616,"МЕЛИССЫ ЛЕКАРСТВЕННОЙ ТРАВА Ф/П 1,5Г №20 ЗДОРОВЬЕ | ЗДОРОВЬЕ ФИРМА ООО | ЗДОРОВЬЕ ФИРМА ООО",Melissae officinalis herba,reuse_existing_enrichment,resolved_enrichment,enrichment,,взрослые,previous_enrichment,previous_mnn_enrichment,mnn_catalog_resolution_wave500_v3,high,"reused prior enrichment: status=ok, validated Age=взрослые",взрослые,,взрослые,,"[{""value"": ""взрослые"", ""method"": ""previous_enrichment"", ""stage"": ""previous_mnn_enrichment"", ""source"": ""mnn_catalog_resolution_wave500_v3"", ""confidence"": ""high""}, {""value"": ""взрослые"", ""method"": ""sem_baseline"", ""stage"": ""sem1"", ""source"": ""sem_wave500_mnn_v3_report"", ""confidence"": ""medium""}]",pass_action=reuse_existing_enrichment; identity_gate_already_used_enrichment,,no,0,,incorrect,возрастной сегмент - универсальный. MNN необходим на кирилице,универсальный,explicit_label_note,overbroad_adult_without_evidence,unknown,,unknown,none,no_conflict,require_product_specific_evidence,null,not_accepted_audit_only,require_product_specific_age_evidence,"bucket=overbroad_adult_without_evidence; current_age=взрослые (not accepted); hint=универсальный/explicit_label_note; conflict=no_conflict; evidence_grade=none. Reviewer-note hint is heuristic only, not canonical ground truth; no medical inference applied.",age_contract_v1
15150,ЛИДОКАИН БУФУС Р-Р Д/ИН. 100МГ/МЛ АМП. 2МЛ №10 ОБНОВЛЕНИЕ | ОБНОВЛЕНИЕ ПФК АО | ОБНОВЛЕНИЕ ПФК АО,Лидокаин,skip_strong_input_mnn,resolved_input_explicit,input_explicit_mnn,,unknown,not_resolved,none,none,unknown,no accepted pipeline source contains Age; display value unknown,,,,,[],pass_action=skip_strong_input_mnn; strong_input_explicit_accepted,,no,0,,incorrect,возрастной сегмент - взрослый,взрослые,explicit_label_note,unknown_should_be_resolved,unknown,,unknown,none,unknown,require_product_specific_evidence,null,not_accepted_audit_only,require_product_specific_age_evidence,"bucket=unknown_should_be_resolved; current_age=unknown (not accepted); hint=взрослые/explicit_label_note; conflict=unknown; evidence_grade=none. Reviewer-note hint is heuristic only, not canonical ground truth; no medical inference applied.",age_contract_v1
16623,КОФЕИН-БЕНЗОАТ НАТРИЯ ТАБЛ. 100МГ №10 ТАТХИМФАРМПРЕПАРАТЫ | ТАТХИМФАРМПРЕПАРАТЫ АО | ТАТХИМФАРМПРЕПАРАТЫ АО,Кофеин,new_enrichment,unresolved_catalog,enrichment,ok,универсальный,identity_enrichment,mnn_identity_enrichment,mnn_identity_enrichment_pass_results,high,"identity enrichment run 461: status=ok, Category=Drug, Age=универсальный, evidence present; weaker sources differ: sem_baseline=взрослые",взрослые,,,универсальный,"[{""value"": ""универсальный"", ""method"": ""identity_enrichment"", ""stage"": ""mnn_identity_enrichment"", ""source"": ""mnn_identity_enrichment_pass_results"", ""confidence"": ""high""}, {""value"": ""взрослые"", ""method"": ""sem_baseline"", ""stage"": ""sem1"", ""source"": ""sem_wave500_mnn_v3_report"", ""confidence"": ""medium""}]","status=ok | Category=Drug | mnn=Кофеин | RX_OTC=RX | Age=Универсальный | Кофеин-бензоат натрия является лекарственным средством (препаратом), действующим веществом которого является кофеин. Согласно инструкциям, он оказывает психостимулирующее и аналептическое действие, блокируя аденозиновые рецепторы (источник: vidal.ru, aptekamos.ru). Препарат…",http://drugs.thead.ru/Kofein-Benzoat_Natriya | https://allmed.pro/ru/drugs/kofein-benzoat-natrija | https://aptekamos.ru/tovary/lekarstva/kofein-459/kofein-benzoat-natriya-rastvor-dlya-inekciyo-20-1ml-4682/instrukciya | https://aptekamos.ru/tovary/lekarstva/kofein-459/kofein-benzoat-natriya-tabletki-100mg-4685/instrukciya | https://www.rlsnet.ru/drugs/kofein-benzoat-natriya-4430 | https://www.vidal.ru/drugs/coffein-benzoate_sodium__5094 | https://www.webapteka.ru/drugbase/name3346.html,yes,7,16,incorrect,возрастной сегмент - взрослый,взрослые,explicit_label_note,source_conflict_not_escalated,rls_or_vidal_product_card,P2,C,none,baseline_vs_enrichment_conflict,require_manual_review,null,not_accepted_audit_only,escalate_source_conflict,"bucket=source_conflict_not_escalated; current_age=универсальный (not accepted); hint=взрослые/explicit_label_note; conflict=baseline_vs_enrichment_conflict; evidence_grade=none. Reviewer-note hint is heuristic only, not canonical ground truth; no medical inference applied.",age_contract_v1
18125,КАНДЕСАРТАН ТАБЛ. 16МГ №28 БЕРЕЗОВСКИЙ ФЗ | БЕРЕЗОВСКИЙ ФЗ | БЕРЕЗОВСКИЙ ФЗ,Кандесартан,reuse_existing_enrichment,resolved_enrichment,enrichment,,универсальный,previous_enrichment,previous_mnn_enrichment,mnn_catalog_resolution_wave500_v3,high,"reused prior enrichment: status=ok, validated Age=универсальный; weaker sources differ: sem_baseline=взрослые",взрослые,,универсальный,,"[{""value"": ""универсальный"", ""method"": ""previous_enrichment"", ""stage"": ""previous_mnn_enrichment"", ""source"": ""mnn_catalog_resolution_wave500_v3"", ""confidence"": ""high""}, {""value"": ""взрослые"", ""method"": ""sem_baseline"", ""stage"": ""sem1"", ""source"": ""sem_wave500_mnn_v3_report"", ""confidence"": ""medium""}]",pass_action=reuse_existing_enrichment; identity_gate_already_used_enrichment,,no,0,,incorrect,возрастной сегмент - взрослый,взрослые,explicit_label_note,source_conflict_not_escalated,unknown,,unknown,none,baseline_vs_enrichment_conflict,require_manual_review,null,not_accepted_audit_only,escalate_source_conflict,"bucket=source_conflict_not_escalated; current_age=универсальный (not accepted); hint=взрослые/explicit_label_note; conflict=baseline_vs_enrichment_conflict; evidence_grade=none. Reviewer-note hint is heuristic only, not canonical ground truth; no medical inference applied.",age_contract_v1
19198,ЗВЕРОБОЯ ТРАВА 50Г ФИТОФАРМ | ФИТОФАРМ ООО | ФИТОФАРМ ООО,,new_enrichment,unresolved_catalog,unresolved_final,ok_partial,unknown,not_resolved,none,none,unknown,no accepted pipeline source contains Age; display value unknown,,,универсальный,универсальный,"[{""value"": ""универсальный"", ""method"": ""identity_enrichment"", ""stage"": ""mnn_identity_enrichment"", ""source"": ""mnn_identity_enrichment_pass_results"", ""confidence"": ""high""}, {""value"": ""универсальный"", ""method"": ""previous_enrichment"", ""stage"": ""previous_mnn_enrichment"", ""source"": ""mnn_catalog_resolution_wave500_v3"", ""confidence"": ""high""}]","status=ok_partial | Category=Drug | RX_OTC=OTC | Age=Универсальный | Зверобоя трава является лекарственным средством (ЛС) согласно данным Государственного реестра лекарственных средств (ГРЛС) и других источников. МНН (международное непатентованное название) в предоставленных результатах поиска не указано, поэтому оно не определено. Препарат…",https://allmed.pro/ru/drugs/zveroboja-trava | https://health.mail.ru/drug/zveroboya-trava-1/ | https://health.mail.ru/drug/zveroboya-trava/ | https://medi.ru/instrukciya/zveroboya-trava_19776/ | https://pharmproduct.ru/drugs/zveroboia-trava | https://www.lsgeotar.ru/cs/zveroboya-trava-12211.html | https://www.lsgeotar.ru/drugs/st-johns-wort-herb-BBOD | https://www.pharmcontrol.ru/reference/inn/400/ | https://www.pharmcontrol.ru/registry/drugs/16633/ | https://www.rlsnet.ru/drugs/zveroboya-trava-4291 | https://www.vidal.ru/drugs/hyperici_herba__28959 | https://www.vidal.ru/drugs/hyperici_herba__30245,yes,12,16,incorrect,"Drug (Трава зверобоя), ОТС, Взрослый",взрослые,explicit_label_note,unknown_should_be_resolved,rls_or_vidal_product_card,P2,B,none,no_conflict,require_manual_review,null,not_accepted_audit_only,identity_gate_review,"bucket=unknown_should_be_resolved; current_age=unknown (not accepted); hint=взрослые/explicit_label_note; conflict=no_conflict; evidence_grade=none. Reviewer-note hint is heuristic only, not canonical ground truth; no medical inference applied.",age_contract_v1
20122,ДИОСМИН ТАБЛ. П/ПЛЕН/ОБ. 600МГ №60 ОЗОН | ОЗОН ООО | ОЗОН ООО,Диосмин,skip_strong_input_mnn,resolved_input_explicit,input_explicit_mnn,,взрослые,sem_baseline,sem1,sem_wave500_mnn_v3_report,medium,Sem v3 canonical attr contains Age=взрослые,взрослые,,,,"[{""value"": ""взрослые"", ""method"": ""sem_baseline"", ""stage"": ""sem1"", ""source"": ""sem_wave500_mnn_v3_report"", ""confidence"": ""medium""}]",pass_action=skip_strong_input_mnn; strong_input_explicit_accepted,,no,0,,incorrect,возрастной сегмент - универсальный,универсальный,explicit_label_note,overbroad_adult_without_evidence,unknown,,unknown,none,no_conflict,require_product_specific_evidence,null,not_accepted_audit_only,require_product_specific_age_evidence,"bucket=overbroad_adult_without_evidence; current_age=взрослые (not accepted); hint=универсальный/explicit_label_note; conflict=no_conflict; evidence_grade=none. Reviewer-note hint is heuristic only, not canonical ground truth; no medical inference applied.",age_contract_v1
20614,"ДЕКСАМЕТАЗОН-КРКА ТАБЛ. 4МГ №20 | КРКА Д.Д., НОВО МЕСТО АО/КРКА-РУС ООО | КРКА Д.Д., НОВО МЕСТО АО/КРКА-РУС ООО",Дексаметазон,skip_strong_input_mnn,resolved_input_explicit,input_explicit_mnn,,unknown,not_resolved,none,none,unknown,no accepted pipeline source contains Age; display value unknown,,,,,[],pass_action=skip_strong_input_mnn; strong_input_explicit_accepted,,no,0,,incorrect,возрастной сегмент - универсальный,универсальный,explicit_label_note,unknown_should_be_resolved,unknown,,unknown,none,unknown,require_product_specific_evidence,null,not_accepted_audit_only,require_product_specific_age_evidence,"bucket=unknown_should_be_resolved; current_age=unknown (not accepted); hint=универсальный/explicit_label_note; conflict=unknown; evidence_grade=none. Reviewer-note hint is heuristic only, not canonical ground truth; no medical inference applied.",age_contract_v1
21010,ГЛИЦИН ФОРТЕ ТАБЛ. ЗАЩЕЧН. И П/ЯЗЫЧН. 250МГ №20 ОЗОН | ОЗОН ООО | ОЗОН ООО,Глицин,skip_strong_input_mnn,resolved_input_explicit,input_explicit_mnn,,unknown,not_resolved,none,none,unknown,no accepted pipeline source contains Age; display value unknown,,,,,[],pass_action=skip_strong_input_mnn; strong_input_explicit_accepted,,no,0,,incorrect,возрастной сегмент - универсальный,универсальный,explicit_label_note,unknown_should_be_resolved,unknown,,unknown,none,unknown,require_product_specific_evidence,null,not_accepted_audit_only,require_product_specific_age_evidence,"bucket=unknown_should_be_resolved; current_age=unknown (not accepted); hint=универсальный/explicit_label_note; conflict=unknown; evidence_grade=none. Reviewer-note hint is heuristic only, not canonical ground truth; no medical inference applied.",age_contract_v1
24750,АЦЕТИЛСАЛИЦИЛОВАЯ КИСЛОТА ПЛЮС РЕНЕВАЛ ТАБЛ. 500МГ+25МГ №20 | ОБНОВЛЕНИЕ ПФК АО | ОБНОВЛЕНИЕ ПФК АО,"Ацетилсалициловая кислота, Аскорбиновая кислота",reuse_existing_enrichment,resolved_enrichment,enrichment,,взрослые,previous_enrichment,previous_mnn_enrichment,mnn_catalog_resolution_wave500_v3,high,"reused prior enrichment: status=ok, validated Age=взрослые",взрослые,,взрослые,,"[{""value"": ""взрослые"", ""method"": ""previous_enrichment"", ""stage"": ""previous_mnn_enrichment"", ""source"": ""mnn_catalog_resolution_wave500_v3"", ""confidence"": ""high""}, {""value"": ""взрослые"", ""method"": ""sem_baseline"", ""stage"": ""sem1"", ""source"": ""sem_wave500_mnn_v3_report"", ""confidence"": ""medium""}]",pass_action=reuse_existing_enrichment; identity_gate_already_used_enrichment,,no,0,,incorrect,возрастной сегмент - универсальный,универсальный,explicit_label_note,overbroad_adult_without_evidence,unknown,,unknown,none,no_conflict,require_product_specific_evidence,null,not_accepted_audit_only,require_product_specific_age_evidence,"bucket=overbroad_adult_without_evidence; current_age=взрослые (not accepted); hint=универсальный/explicit_label_note; conflict=no_conflict; evidence_grade=none. Reviewer-note hint is heuristic only, not canonical ground truth; no medical inference applied.",age_contract_v1
25982,АМЛОДИПИН ТАБЛ. 10МГ №30 РОЗЛЕКС | РОЗЛЕКС ФАРМ ООО | РОЗЛЕКС ФАРМ ООО,Амлодипин,reuse_existing_enrichment,resolved_enrichment,input_plus_enrichment,,универсальный,previous_enrichment,previous_mnn_enrichment,mnn_catalog_resolution_wave500_v3,high,"reused prior enrichment: status=ok, validated Age=универсальный; weaker sources differ: sem_baseline=взрослые",взрослые,,универсальный,,"[{""value"": ""универсальный"", ""method"": ""previous_enrichment"", ""stage"": ""previous_mnn_enrichment"", ""source"": ""mnn_catalog_resolution_wave500_v3"", ""confidence"": ""high""}, {""value"": ""взрослые"", ""method"": ""sem_baseline"", ""stage"": ""sem1"", ""source"": ""sem_wave500_mnn_v3_report"", ""confidence"": ""medium""}]",pass_action=reuse_existing_enrichment; identity_gate_already_used_enrichment,,no,0,,incorrect,возрастной сегмент - взрослый,взрослые,explicit_label_note,source_conflict_not_escalated,unknown,,unknown,none,baseline_vs_enrichment_conflict,require_manual_review,null,not_accepted_audit_only,escalate_source_conflict,"bucket=source_conflict_not_escalated; current_age=универсальный (not accepted); hint=взрослые/explicit_label_note; conflict=baseline_vs_enrichment_conflict; evidence_grade=none. Reviewer-note hint is heuristic only, not canonical ground truth; no medical inference applied.",age_contract_v1
26115,АМБРОКСОЛ ТАБЛ. 30МГ №20 ВЕРТЕКС | ВЕРТЕКС АО | ВЕРТЕКС АО,Амброксол,skip_strong_input_mnn,resolved_input_explicit,input_explicit_mnn,,взрослые,sem_baseline,sem1,sem_wave500_mnn_v3_report,medium,Sem v3 canonical attr contains Age=взрослые,взрослые,,,,"[{""value"": ""взрослые"", ""method"": ""sem_baseline"", ""stage"": ""sem1"", ""source"": ""sem_wave500_mnn_v3_report"", ""confidence"": ""medium""}]",pass_action=skip_strong_input_mnn; strong_input_explicit_accepted,,no,0,,incorrect,"препарат otc, возрастной сегмент - универсальный",универсальный,explicit_label_note,overbroad_adult_without_evidence,unknown,,unknown,none,no_conflict,require_product_specific_evidence,null,not_accepted_audit_only,require_product_specific_age_evidence,"bucket=overbroad_adult_without_evidence; current_age=взрослые (not accepted); hint=универсальный/explicit_label_note; conflict=no_conflict; evidence_grade=none. Reviewer-note hint is heuristic only, not canonical ground truth; no medical inference applied.",age_contract_v1
