product_id,normalized_text,normalized_text_full_v4_1,product_identity_text_v4_1,enrichment_query_text_v4_1,enrichment_query_disambiguator_v4_1,enrichment_retrieval_text_v4_1,brand_or_product_name_v4_1,dosage_form_v4_1,strength_v4_1,container_type_v4_1,unit_content_amount_v4_1,pack_unit_count_v4_1,pack_structure_v4_1,manufacturer_v4_1,product_name_raw_v4_1,manufacturer_prefix_raw_v4_1,product_name_remainder_raw_v4_1,product_name_recovery_status_v4_1,m5_0_label_norm_v4_identity_preserved,m5_0_label_norm_v4_query_appropriate,m5_0_label_norm_v4_notes,m5_1_resolution_status,m5_1_resolution_reason,review_stratum_v4_1,label_norm_v4_1_identity_preserved,label_norm_v4_1_query_appropriate,label_norm_v4_1_manufacturer_correct,label_norm_v4_1_pack_structure_correct,label_norm_v4_1_product_name_role_correct,label_norm_v4_1_notes
8,ХАЙЛЕФЛОКС 500мг N5 таб. покрытые пленочной оболочкой Хайгланс Лабораториз Пвт.Лтд. | Хайгланс лабораториз пвт. Лтд | Хайгланс лабораториз пвт. Лтд | N5,"Хайлефлокс; таблетки, покрытые пленочной оболочкой; 500 мг; N5; производитель: Хайгланс лабораториз пвт. Лтд",Хайлефлокс; таблетки; 500 мг; N5; Хайгланс лабораториз пвт. Лтд,Хайлефлокс таблетки 500 мг N5,Хайгланс лабораториз пвт. Лтд,"Хайлефлокс таблетки 500 мг N5, Хайгланс лабораториз пвт. Лтд",Хайлефлокс,таблетки,500 мг,unknown,,N5,N5,Хайгланс лабораториз пвт. Лтд,ХАЙЛЕФЛОКС 500мг таб. покрытые пленочной оболочкой Хайгланс Лабораториз Пвт.Лтд,,,not_applicable,yes,yes,,not_applicable,M5.0 identity and query were accepted (yes); no labeled defect to remediate.,ordinary_successfully_remediated,,,,,,
28,МЕРИФАТИН МВ 750мг N60 таб. с пролонгированным высвобождением Фармасинтез-Тюмень ООО | Фармасинтез-Тюмень ООО | Фармасинтез-Тюмень ООО | N60,"Мерифатин МВ; таблетки, с пролонгированным высвобождением; 750 мг; N60; производитель: Фармасинтез-Тюмень ООО",Мерифатин МВ; таблетки; 750 мг; N60; Фармасинтез-Тюмень ООО,Мерифатин МВ таблетки 750 мг N60,Фармасинтез-Тюмень ООО,"Мерифатин МВ таблетки 750 мг N60, Фармасинтез-Тюмень ООО",Мерифатин МВ,таблетки,750 мг,unknown,,N60,N60,Фармасинтез-Тюмень ООО,МЕРИФАТИН МВ 750мг таб. с пролонгированным высвобождением Фармасинтез-Тюмень ООО,,,not_applicable,yes,yes,,not_applicable,M5.0 identity and query were accepted (yes); no labeled defect to remediate.,ordinary_successfully_remediated,,,,,,
34,МЕЛАДАПТ 3мг N10 таб. покрытые пленочной оболочкой Озон ООО | Озон ООО | Озон ООО | N10,"Меладапт; таблетки, покрытые пленочной оболочкой; 3 мг; N10; производитель: Озон ООО",Меладапт; таблетки; 3 мг; N10; Озон ООО,Меладапт таблетки 3 мг N10,Озон ООО,"Меладапт таблетки 3 мг N10, Озон ООО",Меладапт,таблетки,3 мг,unknown,,N10,N10,Озон ООО,МЕЛАДАПТ 3мг таб. покрытые пленочной оболочкой Озон ООО,,,not_applicable,yes,yes,,not_applicable,M5.0 identity and query were accepted (yes); no labeled defect to remediate.,ordinary_successfully_remediated,,,,,,
45,АКВИОН КОЖА ВОЛОСЫ НОГТИ таб. N60 ВТФ ООО | ВТФ ООО | ВТФ ООО | N60,Аквион Кожа Волосы Ногти; таблетки; N60; производитель: ВТФ ООО,Аквион Кожа Волосы Ногти; таблетки; N60; ВТФ ООО,Аквион Кожа Волосы Ногти таблетки N60,ВТФ ООО,"Аквион Кожа Волосы Ногти таблетки N60, ВТФ ООО",Аквион Кожа Волосы Ногти,таблетки,,unknown,,N60,N60,ВТФ ООО,АКВИОН КОЖА ВОЛОСЫ НОГТИ таб. ВТФ ООО,,,not_applicable,yes,yes,,not_applicable,M5.0 identity and query were accepted (yes); no labeled defect to remediate.,ordinary_successfully_remediated,,,,,,
54,ГЕПАРИН 5000ЕД/мл 5мл N5 р-р для в/в и п/к введения Армавирская биологическая фабрика фгуп | Армавирская биологическая фабрика фгуп | Армавирская биологическая фабрика фгуп | N5,"Гепарин; раствор, для инъекций; 5000 ЕД/мл; 5 мл, N5; производитель: Армавирская биологическая фабрика фгуп","Гепарин; раствор; 5000 ЕД/мл; 5 мл, N5; Армавирская биологическая фабрика фгуп",Гепарин раствор 5000 ЕД/мл 5 мл N5,Армавирская биологическая фабрика фгуп,"Гепарин раствор 5000 ЕД/мл 5 мл N5, Армавирская биологическая фабрика фгуп",Гепарин,раствор,5000 ЕД/мл,unknown,5 мл,N5,"5 мл, N5",Армавирская биологическая фабрика фгуп,ГЕПАРИН 5000ЕД/мл р-р для в/в и п/к введения Армавирская биологическая фабрика фгуп,,,not_applicable,no,no,"severity=major; reason=unit_volume_and_container_lost; source_pack=""амп. 5 мл N5""; actual_pack=""N5""; expected=""амп. 5 мл N5""; action=""add_container_and_unit_content_fields""",partially_resolved,"Restored unit volume 5 мл and N5 in query/retrieval; kept 5000 ЕД/мл as strength. Source has no амп./ампула marker, so container stays unknown (not inferred). Reviewer note source_pack=амп. 5 мл N5 does not match actual source.",m50_label_no,,,,,,
56,РИТОФЛЕКС МСМ таб. N60 Фармацевтическая Фабрика ООО | Фармацевтическая фабрика ООО | Фармацевтическая фабрика ООО | N60,Ритофлекс МСМ; таблетки; N60; производитель: Фармацевтическая фабрика ООО,Ритофлекс МСМ; таблетки; N60; Фармацевтическая фабрика ООО,Ритофлекс МСМ таблетки N60,Фармацевтическая фабрика ООО,"Ритофлекс МСМ таблетки N60, Фармацевтическая фабрика ООО",Ритофлекс МСМ,таблетки,,unknown,,N60,N60,Фармацевтическая фабрика ООО,РИТОФЛЕКС МСМ таб. Фармацевтическая Фабрика ООО,,,not_applicable,yes,yes,,not_applicable,M5.0 identity and query were accepted (yes); no labeled defect to remediate.,ordinary_successfully_remediated,,,,,,
68,ЭПЛЕРЕНОН-ТЕВА 25мг N30 таб. покрытые пленочной оболочкой Тева фармасьютикал воркс прайвэт Лимитед Компани | Тева фармасьютикал воркс прайвэт Лимитед Компани | Тева фармасьютикал воркс прайвэт Лимитед Компани | N30,"Эплеренон-Тева; таблетки, покрытые пленочной оболочкой; 25 мг; N30; производитель: Тева фармасьютикал воркс прайвэт Лимитед Компани",Эплеренон-Тева; таблетки; 25 мг; N30; Тева фармасьютикал воркс прайвэт Лимитед Компани,Эплеренон-Тева таблетки 25 мг N30,Тева фармасьютикал воркс прайвэт Лимитед Компани,"Эплеренон-Тева таблетки 25 мг N30, Тева фармасьютикал воркс прайвэт Лимитед Компани",Эплеренон-Тева,таблетки,25 мг,unknown,,N30,N30,Тева фармасьютикал воркс прайвэт Лимитед Компани,ЭПЛЕРЕНОН-ТЕВА 25мг таб. покрытые пленочной оболочкой Тева фармасьютикал воркс прайвэт Лимитед Компани,,,not_applicable,yes,yes,,not_applicable,M5.0 identity and query were accepted (yes); no labeled defect to remediate.,ordinary_successfully_remediated,,,,,,
70,РОЗУВАСТАТИН-ТЕВА 20мг N90 таб. покрытые пленочной оболочкой Р-Фарм Новосёлки | Р-Фарм новосёлки ООО | Р-Фарм новосёлки ООО | N90,"Розувастатин-Тева; таблетки, покрытые пленочной оболочкой; 20 мг; N90; производитель: Р-Фарм новосёлки ООО",Розувастатин-Тева; таблетки; 20 мг; N90; Р-Фарм новосёлки ООО,Розувастатин-Тева таблетки 20 мг N90,Р-Фарм новосёлки ООО,"Розувастатин-Тева таблетки 20 мг N90, Р-Фарм новосёлки ООО",Розувастатин-Тева,таблетки,20 мг,unknown,,N90,N90,Р-Фарм новосёлки ООО,РОЗУВАСТАТИН-ТЕВА 20мг таб. покрытые пленочной оболочкой Р-Фарм Новосёлки,,,not_applicable,yes,yes,,not_applicable,M5.0 identity and query were accepted (yes); no labeled defect to remediate.,ordinary_successfully_remediated,,,,,,
72,ФАРИНГАЛ таб. 650мг N10 Салута-М | Салута-М ООО | Салута-М ООО | N10,Фарингал; таблетки; 650 мг; N10; производитель: Салута-М ООО,Фарингал; таблетки; 650 мг; N10; Салута-М ООО,Фарингал таблетки 650 мг N10,Салута-М ООО,"Фарингал таблетки 650 мг N10, Салута-М ООО",Фарингал,таблетки,650 мг,unknown,,N10,N10,Салута-М ООО,ФАРИНГАЛ таб. 650мг Салута-М,,,not_applicable,yes,yes,,not_applicable,M5.0 identity and query were accepted (yes); no labeled defect to remediate.,ordinary_successfully_remediated,,,,,,
73,ГАСТРАСАН ЭКСПРЕСС 680мг+80мг N12 таб. жевательные Апельсин ЮжФарм ООО | ЮжФарм ООО | ЮжФарм ООО | N12,"Гастрасан Экспресс; таблетки, жевательные; 680 мг + 80 мг; N12; Апельсин; производитель: ЮжФарм ООО",Гастрасан Экспресс; таблетки; 680 мг + 80 мг; N12; ЮжФарм ООО,Гастрасан Экспресс таблетки 680 мг + 80 мг N12 Апельсин,ЮжФарм ООО,"Гастрасан Экспресс таблетки 680 мг + 80 мг N12 Апельсин, ЮжФарм ООО",Гастрасан Экспресс,таблетки,680 мг + 80 мг,unknown,,N12,N12,ЮжФарм ООО,ГАСТРАСАН ЭКСПРЕСС 680мг+80мг таб. жевательные Апельсин ЮжФарм ООО,,,not_applicable,yes,yes,,not_applicable,M5.0 identity and query were accepted (yes); no labeled defect to remediate.,multi_component_strength_pack,,,,,,
75,САМБУКУС БУЗИНА ИММУНИТЕТ таб. массой 700мг N30 Грин сайд ООО | Грин Сайд ООО | Грин Сайд ООО | N30,Самбукус Бузина Иммунитет; таблетки; 700 мг; N30; производитель: Грин Сайд ООО,Самбукус Бузина Иммунитет; таблетки; 700 мг; N30; Грин Сайд ООО,Самбукус Бузина Иммунитет таблетки 700 мг N30,Грин Сайд ООО,"Самбукус Бузина Иммунитет таблетки 700 мг N30, Грин Сайд ООО",Самбукус Бузина Иммунитет,таблетки,700 мг,unknown,,N30,N30,Грин Сайд ООО,САМБУКУС БУЗИНА ИММУНИТЕТ таб. массой 700мг Грин сайд ООО,,,not_applicable,yes,yes,,not_applicable,M5.0 identity and query were accepted (yes); no labeled defect to remediate.,ordinary_successfully_remediated,,,,,,
88,ГЕСПЕРИДИН+ДИОСМИН 100мг+900мг N30 таб. покрытые пленочной оболочкой Алиум АО | Алиум АО | Алиум АО | N30,"Гесперидин+Диосмин; таблетки, покрытые пленочной оболочкой; 100 мг + 900 мг; N30; производитель: Алиум АО",Гесперидин+Диосмин; таблетки; 100 мг + 900 мг; N30; Алиум АО,Гесперидин+Диосмин таблетки 100 мг + 900 мг N30,Алиум АО,"Гесперидин+Диосмин таблетки 100 мг + 900 мг N30, Алиум АО",Гесперидин+Диосмин,таблетки,100 мг + 900 мг,unknown,,N30,N30,Алиум АО,ГЕСПЕРИДИН+ДИОСМИН 100мг+900мг таб. покрытые пленочной оболочкой Алиум АО,,,not_applicable,yes,yes,,not_applicable,M5.0 identity and query were accepted (yes); no labeled defect to remediate.,multi_component_strength_pack,,,,,,
92,ДИНАМИКО ЛОНГ 20мг N8 таб. покрытые пленочной оболочкой Тева Фармацевтические Предприятия Лтд | Тева Фармацевтические Предприятия Лтд. | Тева Фармацевтические Предприятия Лтд. | N8,"Динамико Лонг; таблетки, покрытые пленочной оболочкой; 20 мг; N8; производитель: Тева Фармацевтические Предприятия Лтд.",Динамико Лонг; таблетки; 20 мг; N8; Тева Фармацевтические Предприятия Лтд.,Динамико Лонг таблетки 20 мг N8,Тева Фармацевтические Предприятия Лтд.,"Динамико Лонг таблетки 20 мг N8, Тева Фармацевтические Предприятия Лтд.",Динамико Лонг,таблетки,20 мг,unknown,,N8,N8,Тева Фармацевтические Предприятия Лтд.,ДИНАМИКО ЛОНГ 20мг таб. покрытые пленочной оболочкой Тева Фармацевтические Предприятия Лтд,,,not_applicable,yes,yes,,not_applicable,M5.0 identity and query were accepted (yes); no labeled defect to remediate.,ordinary_successfully_remediated,,,,,,
249,ОСТЕОМЕД таб. N60 Парафарм | Парафарм ООО | Парафарм ООО | N60,Остеомед; таблетки; N60; производитель: Парафарм ООО,Остеомед; таблетки; N60; Парафарм ООО,Остеомед таблетки N60,Парафарм ООО,"Остеомед таблетки N60, Парафарм ООО",Остеомед,таблетки,,unknown,,N60,N60,Парафарм ООО,ОСТЕОМЕД таб. Парафарм,,,not_applicable,yes,yes,,not_applicable,M5.0 identity and query were accepted (yes); no labeled defect to remediate.,ordinary_successfully_remediated,,,,,,
354,"ЭХИНАЦЕИ ПУРПУРНОЙ ТРАВА 1,5Г Ф/П №20 ИВАН ЧАЙ | ИВАН-ЧАЙ ЗАО | ИВАН-ЧАЙ ЗАО","Эхинацеи Пурпурной; трава, фильтр-пакеты; 1.5 г; 1.5 г, N20; производитель: ИВАН-ЧАЙ ЗАО","Эхинацеи Пурпурной; фильтр-пакеты; 1.5 г; 1.5 г, N20; ИВАН-ЧАЙ ЗАО",Эхинацеи Пурпурной фильтр-пакеты 1.5 г N20,ИВАН-ЧАЙ ЗАО,"Эхинацеи Пурпурной фильтр-пакеты 1.5 г N20, ИВАН-ЧАЙ ЗАО",Эхинацеи Пурпурной,фильтр-пакеты,1.5 г,unknown,1.5 г,N20,"1.5 г, N20",ИВАН-ЧАЙ ЗАО,ЭХИНАЦЕИ ПУРПУРНОЙ ТРАВА Ф/П ИВАН ЧАЙ,,,not_applicable,yes,yes,,not_applicable,M5.0 identity and query were accepted (yes); no labeled defect to remediate.,ordinary_successfully_remediated,,,,,,
456,"ЭТОРИАКС ТАБЛ. П/ПЛЕН/ОБ. 60МГ №14 | КРКА, Д.Д., НОВО МЕСТО АО | КРКА, Д.Д., НОВО МЕСТО АО","Эториакс; таблетки, покрытые пленочной оболочкой; 60 мг; N14; производитель: КРКА, Д.Д., НОВО МЕСТО АО","Эториакс; таблетки; 60 мг; N14; КРКА, Д.Д., НОВО МЕСТО АО",Эториакс таблетки 60 мг N14,"КРКА, Д.Д., НОВО МЕСТО АО","Эториакс таблетки 60 мг N14, КРКА, Д.Д., НОВО МЕСТО АО",Эториакс,таблетки,60 мг,unknown,,N14,N14,"КРКА, Д.Д., НОВО МЕСТО АО",ЭТОРИАКС ТАБЛ. П/ПЛЕН/ОБ. 60МГ,,,not_applicable,yes,yes,,not_applicable,M5.0 identity and query were accepted (yes); no labeled defect to remediate.,ordinary_successfully_remediated,,,,,,
486,ЭСЦИТАЛОПРАМ КАНОН ТАБЛ. П/ПЛЕН/ОБ. 20МГ №28 | КАНОНФАРМА ПРОДАКШН ЗАО | КАНОНФАРМА ПРОДАКШН ЗАО,"Эсциталопрам Канон; таблетки, покрытые пленочной оболочкой; 20 мг; N28; производитель: КАНОНФАРМА ПРОДАКШН ЗАО",Эсциталопрам Канон; таблетки; 20 мг; N28; КАНОНФАРМА ПРОДАКШН ЗАО,Эсциталопрам Канон таблетки 20 мг N28,КАНОНФАРМА ПРОДАКШН ЗАО,"Эсциталопрам Канон таблетки 20 мг N28, КАНОНФАРМА ПРОДАКШН ЗАО",Эсциталопрам Канон,таблетки,20 мг,unknown,,N28,N28,КАНОНФАРМА ПРОДАКШН ЗАО,ЭСЦИТАЛОПРАМ КАНОН ТАБЛ. П/ПЛЕН/ОБ. 20МГ,,,not_applicable,yes,yes,,not_applicable,M5.0 identity and query were accepted (yes); no labeled defect to remediate.,ordinary_successfully_remediated,,,,,,
777,ЭНАЛАПРИЛ АЛЬФАКТИВ ТАБЛ. 20МГ №20 | ОЗОН ФАРМ ООО | ОЗОН ФАРМ ООО,Эналаприл Альфактив; таблетки; 20 мг; N20; производитель: ОЗОН ФАРМ ООО,Эналаприл Альфактив; таблетки; 20 мг; N20; ОЗОН ФАРМ ООО,Эналаприл Альфактив таблетки 20 мг N20,ОЗОН ФАРМ ООО,"Эналаприл Альфактив таблетки 20 мг N20, ОЗОН ФАРМ ООО",Эналаприл Альфактив,таблетки,20 мг,unknown,,N20,N20,ОЗОН ФАРМ ООО,ЭНАЛАПРИЛ АЛЬФАКТИВ ТАБЛ. 20МГ,,,not_applicable,yes,yes,,not_applicable,M5.0 identity and query were accepted (yes); no labeled defect to remediate.,ordinary_successfully_remediated,,,,,,
844,ЭЛЬКАР Р-Р Д/ПРИЕМА ВНУТРЬ 300МГ/МЛ ФЛ. 25МЛ | ///ПИК-ФАРМА ЛЕК | ///ПИК-ФАРМА ЛЕК,"Элькар; раствор, для приема внутрь; 300 мг/мл; флакон 25 мл, N1; производитель: ПИК-ФАРМА ЛЕК","Элькар; раствор; 300 мг/мл; флакон 25 мл, N1; ПИК-ФАРМА ЛЕК",Элькар раствор 300 мг/мл флакон 25 мл N1,ПИК-ФАРМА ЛЕК,"Элькар раствор 300 мг/мл флакон 25 мл N1, ПИК-ФАРМА ЛЕК",Элькар,раствор,300 мг/мл,флакон,25 мл,N1,"флакон 25 мл, N1",ПИК-ФАРМА ЛЕК,ЭЛЬКАР Р-Р Д/ПРИЕМА ВНУТРЬ 300МГ/МЛ,,,not_applicable,uncertain,uncertain,"severity=policy_needed; reason=container_not_structured; source_pack=""фл. 2.5 мл""; actual_pack=""2.5 мл""; expected=""фл. 2.5 мл; count=1""; action=""add_container_and_unit_content_fields""",resolved,Structured флакон + 25 мл (source ФЛ. 25МЛ). Reviewer note 2.5 мл was a copy-paste error vs source.,m50_label_uncertain,,,,,,
884,"ЭЛИЦЕЯ КУ-ТАБ ТАБЛ. ДИСПЕРГ. В ПОЛОСТИ РТА 10МГ №56 | КРКА, Д.Д., НОВО МЕСТО АО | КРКА, Д.Д., НОВО МЕСТО АО","Элицея Ку-Таб; таблетки, диспергируемые в полости рта; 10 мг; N56; производитель: КРКА, Д.Д., НОВО МЕСТО АО","Элицея Ку-Таб; таблетки; 10 мг; N56; КРКА, Д.Д., НОВО МЕСТО АО",Элицея Ку-Таб таблетки 10 мг N56,"КРКА, Д.Д., НОВО МЕСТО АО","Элицея Ку-Таб таблетки 10 мг N56, КРКА, Д.Д., НОВО МЕСТО АО",Элицея Ку-Таб,таблетки,10 мг,unknown,,N56,N56,"КРКА, Д.Д., НОВО МЕСТО АО",ЭЛИЦЕЯ КУ-ТАБ ТАБЛ. ДИСПЕРГ. В ПОЛОСТИ РТА 10МГ,,,not_applicable,yes,yes,,not_applicable,M5.0 identity and query were accepted (yes); no labeled defect to remediate.,ordinary_successfully_remediated,,,,,,
1053,"ЭКЗОРОЛФИНЛАК ЛАК Д/НОГТЕЙ 5% ФЛ. 2,5МЛ | ПАУЛЬ В. БЕЙФЕРС ГМБХ | ПАУЛЬ В. БЕЙФЕРС ГМБХ","Экзоролфинлак; лак, для ногтей; 5%; флакон 2.5 мл, N1; производитель: ПАУЛЬ В. БЕЙФЕРС ГМБХ","Экзоролфинлак; лак; 5%; флакон 2.5 мл, N1; ПАУЛЬ В. БЕЙФЕРС ГМБХ",Экзоролфинлак лак 5% флакон 2.5 мл N1,ПАУЛЬ В. БЕЙФЕРС ГМБХ,"Экзоролфинлак лак 5% флакон 2.5 мл N1, ПАУЛЬ В. БЕЙФЕРС ГМБХ",Экзоролфинлак,лак,5%,флакон,2.5 мл,N1,"флакон 2.5 мл, N1",ПАУЛЬ В. БЕЙФЕРС ГМБХ,ЭКЗОРОЛФИНЛАК ЛАК Д/НОГТЕЙ 5%,,,not_applicable,uncertain,uncertain,"severity=policy_needed; reason=container_not_structured; source_pack=""фл. 100 мл""; actual_pack=""100 мл""; expected=""фл. 100 мл; count=1""; action=""add_container_and_unit_content_fields""",resolved,"Structured флакон + 2.5 мл from source ФЛ. 2,5МЛ. Reviewer note фл. 100 мл was a copy-paste error.",m50_label_uncertain,,,,,,
1668,"ЧАБРЕЦА ТРАВА Ф/П 1,5Г №20 ЗДОРОВЬЕ | Здоровье фирма ЗАО | Здоровье фирма ЗАО","Чабреца; трава, фильтр-пакеты; 1.5 г; 1.5 г, N20; производитель: Здоровье фирма ЗАО","Чабреца; фильтр-пакеты; 1.5 г; 1.5 г, N20; Здоровье фирма ЗАО",Чабреца фильтр-пакеты 1.5 г N20,Здоровье фирма ЗАО,"Чабреца фильтр-пакеты 1.5 г N20, Здоровье фирма ЗАО",Чабреца,фильтр-пакеты,1.5 г,unknown,1.5 г,N20,"1.5 г, N20",Здоровье фирма ЗАО,ЧАБРЕЦА ТРАВА Ф/П ЗДОРОВЬЕ,,,not_applicable,yes,yes,,not_applicable,M5.0 identity and query were accepted (yes); no labeled defect to remediate.,ordinary_successfully_remediated,,,,,,
1765,ЦИПРОТЕРОН-ТЕВА ТАБЛ. 50МГ №50 | ТЕВА ЧЕШСКИЕ ПРЕДПРИЯТИЯ С.Р.О. | ТЕВА ЧЕШСКИЕ ПРЕДПРИЯТИЯ С.Р.О.,Ципротерон-Тева; таблетки; 50 мг; N50; производитель: ТЕВА ЧЕШСКИЕ ПРЕДПРИЯТИЯ С.Р.О.,Ципротерон-Тева; таблетки; 50 мг; N50; ТЕВА ЧЕШСКИЕ ПРЕДПРИЯТИЯ С.Р.О.,Ципротерон-Тева таблетки 50 мг N50,ТЕВА ЧЕШСКИЕ ПРЕДПРИЯТИЯ С.Р.О.,"Ципротерон-Тева таблетки 50 мг N50, ТЕВА ЧЕШСКИЕ ПРЕДПРИЯТИЯ С.Р.О.",Ципротерон-Тева,таблетки,50 мг,unknown,,N50,N50,ТЕВА ЧЕШСКИЕ ПРЕДПРИЯТИЯ С.Р.О.,ЦИПРОТЕРОН-ТЕВА ТАБЛ. 50МГ,,,not_applicable,yes,yes,,not_applicable,M5.0 identity and query were accepted (yes); no labeled defect to remediate.,ordinary_successfully_remediated,,,,,,
2023,ЦЕЛЕКОКСИБ-ТЕВА КАПС. 200МГ №30 | УОТСОН ФАРМА ПРАЙВЭТ ЛИМИТЕД | УОТСОН ФАРМА ПРАЙВЭТ ЛИМИТЕД,Целекоксиб-Тева; капсулы; 200 мг; N30; производитель: УОТСОН ФАРМА ПРАЙВЭТ ЛИМИТЕД,Целекоксиб-Тева; капсулы; 200 мг; N30; УОТСОН ФАРМА ПРАЙВЭТ ЛИМИТЕД,Целекоксиб-Тева капсулы 200 мг N30,УОТСОН ФАРМА ПРАЙВЭТ ЛИМИТЕД,"Целекоксиб-Тева капсулы 200 мг N30, УОТСОН ФАРМА ПРАЙВЭТ ЛИМИТЕД",Целекоксиб-Тева,капсулы,200 мг,unknown,,N30,N30,УОТСОН ФАРМА ПРАЙВЭТ ЛИМИТЕД,ЦЕЛЕКОКСИБ-ТЕВА КАПС. 200МГ,,,not_applicable,yes,yes,,not_applicable,M5.0 identity and query were accepted (yes); no labeled defect to remediate.,ordinary_successfully_remediated,,,,,,
2348,ХИЛАК ФОРТЕ КАПЛИ Д/ПРИЕМА ВНУТРЬ ВИШНЯ ФЛ. 100МЛ | МЕРКЛЕ ГМБХ | МЕРКЛЕ ГМБХ,"Хилак Форте; капли, для приема внутрь; флакон 100 мл, N1; ВИШНЯ; производитель: МЕРКЛЕ ГМБХ","Хилак Форте; капли; флакон 100 мл, N1; МЕРКЛЕ ГМБХ",Хилак Форте капли флакон 100 мл N1 ВИШНЯ,МЕРКЛЕ ГМБХ,"Хилак Форте капли флакон 100 мл N1 ВИШНЯ, МЕРКЛЕ ГМБХ",Хилак Форте,капли,,флакон,100 мл,N1,"флакон 100 мл, N1",МЕРКЛЕ ГМБХ,ХИЛАК ФОРТЕ КАПЛИ Д/ПРИЕМА ВНУТРЬ ВИШНЯ,,,not_applicable,uncertain,uncertain,"severity=policy_needed; reason=container_not_structured; source_pack=""фл. 100 мл""; actual_pack=""100 мл""; expected=""фл. 100 мл; count=1""; action=""add_container_and_unit_content_fields""",resolved,Structured флакон + 100 мл from source ФЛ. 100МЛ. Strength left empty (none in source).,m50_label_uncertain,,,,,,
2621,ФУРАЦИЛИН ТАБЛ. Д/Р-РА Д/МЕСТН. И НАРУЖ. ПРИМ. 20МГ №20 ТАТХИМФАРМПРЕПАРАТЫ | ТАТХИМФАРМПРЕПАРАТЫ АО | ТАТХИМФАРМПРЕПАРАТЫ АО,Фурацилин; таблетки; 20 мг; N20; производитель: ТАТХИМФАРМПРЕПАРАТЫ АО,Фурацилин; таблетки; 20 мг; N20; ТАТХИМФАРМПРЕПАРАТЫ АО,Фурацилин таблетки 20 мг N20,ТАТХИМФАРМПРЕПАРАТЫ АО,"Фурацилин таблетки 20 мг N20, ТАТХИМФАРМПРЕПАРАТЫ АО",Фурацилин,таблетки,20 мг,unknown,,N20,N20,ТАТХИМФАРМПРЕПАРАТЫ АО,ФУРАЦИЛИН ТАБЛ. Д/Р-РА Д/МЕСТН. И НАРУЖ. ПРИМ. 20МГ ТАТХИМФАРМПРЕПАРАТЫ,,,not_applicable,yes,yes,,not_applicable,M5.0 identity and query were accepted (yes); no labeled defect to remediate.,ordinary_successfully_remediated,,,,,,
3027,ФЛУОКСЕТИН КАПС. 10МГ №20 ОЗОН | ОЗОН ООО | ОЗОН ООО,Флуоксетин; капсулы; 10 мг; N20; производитель: ОЗОН ООО,Флуоксетин; капсулы; 10 мг; N20; ОЗОН ООО,Флуоксетин капсулы 10 мг N20,ОЗОН ООО,"Флуоксетин капсулы 10 мг N20, ОЗОН ООО",Флуоксетин,капсулы,10 мг,unknown,,N20,N20,ОЗОН ООО,ФЛУОКСЕТИН КАПС. 10МГ ОЗОН,,,not_applicable,yes,yes,,not_applicable,M5.0 identity and query were accepted (yes); no labeled defect to remediate.,ordinary_successfully_remediated,,,,,,
3065,ФЛУКОНАЗОЛ-OBL КАПС. 150МГ №4 | ОБОЛЕНСКОЕ ФП АО | ОБОЛЕНСКОЕ ФП АО,Флуконазол-OBL; капсулы; 150 мг; N4; производитель: ОБОЛЕНСКОЕ ФП АО,Флуконазол-OBL; капсулы; 150 мг; N4; ОБОЛЕНСКОЕ ФП АО,Флуконазол-OBL капсулы 150 мг N4,ОБОЛЕНСКОЕ ФП АО,"Флуконазол-OBL капсулы 150 мг N4, ОБОЛЕНСКОЕ ФП АО",Флуконазол-OBL,капсулы,150 мг,unknown,,N4,N4,ОБОЛЕНСКОЕ ФП АО,ФЛУКОНАЗОЛ-OBL КАПС. 150МГ,,,not_applicable,yes,yes,,not_applicable,M5.0 identity and query were accepted (yes); no labeled defect to remediate.,ordinary_successfully_remediated,,,,,,
3759,ФАСПИК ГРАН. Д/Р-РА Д/ПРИЕМА ВНУТРЬ АБРИКОС 400МГ ПАК. 3Г №12 | ЗАМБОН СВИТЦЕЛАНД ЛТД. | ЗАМБОН СВИТЦЕЛАНД ЛТД.,"Фаспик; гранулы, для приготовления раствора для приема внутрь; 400 мг; пакет 3 г, N12; АБРИКОС; производитель: ЗАМБОН СВИТЦЕЛАНД ЛТД.","Фаспик; гранулы; 400 мг; пакет 3 г, N12; ЗАМБОН СВИТЦЕЛАНД ЛТД.",Фаспик гранулы 400 мг пакет 3 г N12 АБРИКОС,ЗАМБОН СВИТЦЕЛАНД ЛТД.,"Фаспик гранулы 400 мг пакет 3 г N12 АБРИКОС, ЗАМБОН СВИТЦЕЛАНД ЛТД.",Фаспик,гранулы,400 мг,пакет,3 г,N12,"пакет 3 г, N12",ЗАМБОН СВИТЦЕЛАНД ЛТД.,ФАСПИК ГРАН. Д/Р-РА Д/ПРИЕМА ВНУТРЬ АБРИКОС 400МГ,,,not_applicable,yes,yes,,not_applicable,M5.0 identity and query were accepted (yes); no labeled defect to remediate.,dosage_form_vocab_policy,,,,,,
3763,ФАРМГРУПП НАСТОЙКА 5 ТРАВ УСПОКОИТЕЛЬНАЯ ФЛ. 250МЛ | ФАРМГРУПП ООО | ФАРМГРУПП ООО,"5 ТРАВ УСПОКОИТЕЛЬНАЯ; настойка; флакон 250 мл, N1; производитель: ФАРМГРУПП ООО","5 трав успокоительная; настойка; флакон 250 мл, N1; ФАРМГРУПП ООО",5 трав успокоительная настойка флакон 250 мл N1,ФАРМГРУПП ООО,"5 трав успокоительная настойка флакон 250 мл N1, ФАРМГРУПП ООО",5 трав успокоительная,настойка,,флакон,250 мл,N1,"флакон 250 мл, N1",ФАРМГРУПП ООО,ФАРМГРУПП НАСТОЙКА 5 ТРАВ УСПОКОИТЕЛЬНАЯ,ФАРМГРУПП,5 ТРАВ УСПОКОИТЕЛЬНАЯ,recovered,no,uncertain,"severity=critical; reason=brand_role_misattributed_and_product_name_loss; source_head=""ФАРМГРУПП НАСТОЙКА 5 ТРАВ УСПОКОИТЕЛЬНАЯ""; source_manufacturer=""ФАРМГРУПП ООО""; actual_brand=""Фармгрупп""; expected_brand=""5 трав успокоительная""; lost_tokens=""5 трав|успокоительная""; actual_query=""Фармгрупп настойка 250 мл""; expected_query=""5 трав успокоительная настойка флакон 250 мл""; action=""add_manufacturer_prefix_detection_and_name_recovery_rule""",resolved,Manufacturer prefix stripped from brand; remainder 5 трав успокоительная used. Query keeps remainder+настойка+флакон+250 мл; retrieval adds ФАРМГРУПП ООО. Flagged product_name_variant_needs_policy (no invented 'средство').,manufacturer_prefix_recovery,,,,,,
4487,ТРАНЕКСАМОВАЯ КИСЛОТА Р-Р ДЛЯ В/В ВВЕД. 50МГ/МЛ АМП. 5МЛ №10 МЭЗ | МОСКОВСКИЙ ЭНДОКРИННЫЙ ЗАВОД ФГУП | МОСКОВСКИЙ ЭНДОКРИННЫЙ ЗАВОД ФГУП,"Транексамовая Кислота; раствор, для инъекций; 50 мг/мл; ампула 5 мл, N10; производитель: МОСКОВСКИЙ ЭНДОКРИННЫЙ ЗАВОД ФГУП","Транексамовая Кислота; раствор; 50 мг/мл; ампула 5 мл, N10; МОСКОВСКИЙ ЭНДОКРИННЫЙ ЗАВОД ФГУП",Транексамовая Кислота раствор 50 мг/мл ампула 5 мл N10,МОСКОВСКИЙ ЭНДОКРИННЫЙ ЗАВОД ФГУП,"Транексамовая Кислота раствор 50 мг/мл ампула 5 мл N10, МОСКОВСКИЙ ЭНДОКРИННЫЙ ЗАВОД ФГУП",Транексамовая Кислота,раствор,50 мг/мл,ампула,5 мл,N10,"ампула 5 мл, N10",МОСКОВСКИЙ ЭНДОКРИННЫЙ ЗАВОД ФГУП,ТРАНЕКСАМОВАЯ КИСЛОТА Р-Р ДЛЯ В/В ВВЕД. 50МГ/МЛ МЭЗ,,,not_applicable,no,no,"severity=major; reason=unit_volume_and_container_lost; source_pack=""амп. 5 мл N10""; actual_pack=""N10""; expected=""амп. 5 мл N10""; action=""add_container_and_unit_content_fields""",resolved,Structured ампула + 5 мл + N10 from source АМП. 5МЛ №10. Strength 50 мг/мл kept.,m50_label_no,,,,,,
4922,ТЕРМИКОН СПРЕЙ Д/НАРУЖ. ПРИМ. 1% ФЛ. 30Г | ФАРМСТАНДАРТ-ЛЕКСРЕДСТВА ОАО | ФАРМСТАНДАРТ-ЛЕКСРЕДСТВА ОАО,"Термикон; спрей, для наружного применения; 1%; флакон 30 г, N1; производитель: ФАРМСТАНДАРТ-ЛЕКСРЕДСТВА ОАО","Термикон; спрей; 1%; флакон 30 г, N1; ФАРМСТАНДАРТ-ЛЕКСРЕДСТВА ОАО",Термикон спрей 1% флакон 30 г N1,ФАРМСТАНДАРТ-ЛЕКСРЕДСТВА ОАО,"Термикон спрей 1% флакон 30 г N1, ФАРМСТАНДАРТ-ЛЕКСРЕДСТВА ОАО",Термикон,спрей,1%,флакон,30 г,N1,"флакон 30 г, N1",ФАРМСТАНДАРТ-ЛЕКСРЕДСТВА ОАО,ТЕРМИКОН СПРЕЙ Д/НАРУЖ. ПРИМ. 1%,,,not_applicable,uncertain,uncertain,"severity=policy_needed; reason=container_not_structured; source_pack=""фл. 30 г""; actual_pack=""30 г""; expected=""фл. 30 г; count=1""; action=""add_container_and_unit_content_fields""",resolved,Structured флакон + 30 г from source ФЛ. 30Г.,m50_label_uncertain,,,,,,
4924,ТЕРМИКОН КРЕМ Д/НАРУЖ. ПРИМ. 1% ТУБА 15Г | ЛЕККО ЗАО | ЛЕККО ЗАО,"Термикон; крем, для наружного применения; 1%; туба 15 г, N1; производитель: ЛЕККО ЗАО","Термикон; крем; 1%; туба 15 г, N1; ЛЕККО ЗАО",Термикон крем 1% туба 15 г N1,ЛЕККО ЗАО,"Термикон крем 1% туба 15 г N1, ЛЕККО ЗАО",Термикон,крем,1%,туба,15 г,N1,"туба 15 г, N1",ЛЕККО ЗАО,ТЕРМИКОН КРЕМ Д/НАРУЖ. ПРИМ. 1%,,,not_applicable,uncertain,uncertain,"severity=policy_needed; reason=container_not_structured; source_pack=""фл. 30 г""; actual_pack=""30 г""; expected=""фл. 30 г; count=1""; action=""add_container_and_unit_content_fields""",resolved,Structured туба + 15 г from actual source ТУБА 15Г. Reviewer note фл. 30 г was a copy-paste error.,m50_label_uncertain,,,,,,
5010,ТЕРАФЛЕКС КАПС. 500МГ+400МГ №200 МАКИЗ-ФАРМА | МАКИЗ-ФАРМА | МАКИЗ-ФАРМА,Терафлекс; капсулы; 500 мг + 400 мг; N200; производитель: МАКИЗ-ФАРМА,Терафлекс; капсулы; 500 мг + 400 мг; N200; МАКИЗ-ФАРМА,Терафлекс капсулы 500 мг + 400 мг N200,МАКИЗ-ФАРМА,"Терафлекс капсулы 500 мг + 400 мг N200, МАКИЗ-ФАРМА",Терафлекс,капсулы,500 мг + 400 мг,unknown,,N200,N200,МАКИЗ-ФАРМА,ТЕРАФЛЕКС КАПС. 500МГ+400МГ МАКИЗ-ФАРМА,,,not_applicable,yes,yes,,not_applicable,M5.0 identity and query were accepted (yes); no labeled defect to remediate.,multi_component_strength_pack,,,,,,
5270,ТАМИФЛЮ КАПС. 75МГ №10 | ДЕЛФАРМ МИЛАНО С.Р.Л./Ф.ХОФФМАНН-ЛЯ РОШ ЛТД/СЕНЕКСИ С.А.С. | ДЕЛФАРМ МИЛАНО С.Р.Л./Ф.ХОФФМАНН-ЛЯ РОШ ЛТД/СЕНЕКСИ С.А.С.,Тамифлю; капсулы; 75 мг; N10; производитель: ДЕЛФАРМ МИЛАНО С.Р.Л./Ф.ХОФФМАНН-ЛЯ РОШ ЛТД/СЕНЕКСИ С.А.С.,Тамифлю; капсулы; 75 мг; N10; ДЕЛФАРМ МИЛАНО С.Р.Л./Ф.ХОФФМАНН-ЛЯ РОШ ЛТД/СЕНЕКСИ С.А.С.,Тамифлю капсулы 75 мг N10,ДЕЛФАРМ МИЛАНО С.Р.Л./Ф.ХОФФМАНН-ЛЯ РОШ ЛТД/СЕНЕКСИ С.А.С.,"Тамифлю капсулы 75 мг N10, ДЕЛФАРМ МИЛАНО С.Р.Л./Ф.ХОФФМАНН-ЛЯ РОШ ЛТД/СЕНЕКСИ С.А.С.",Тамифлю,капсулы,75 мг,unknown,,N10,N10,ДЕЛФАРМ МИЛАНО С.Р.Л./Ф.ХОФФМАНН-ЛЯ РОШ ЛТД/СЕНЕКСИ С.А.С.,ТАМИФЛЮ КАПС. 75МГ,,,not_applicable,yes,yes,,not_applicable,M5.0 identity and query were accepted (yes); no labeled defect to remediate.,retained_multi_entity_manufacturer,,,,,,
7625,РОСИНСУЛИН С МЕДСИНТЕЗ СУСП. ДЛЯ П/К ВВЕД. 100МЕ/МЛ КАРТРИДЖ 3МЛ №5 | ЗАВОД МЕДСИНТЕЗ ООО | ЗАВОД МЕДСИНТЕЗ ООО,"Росинсулин С Медсинтез; суспензия; 100 МЕ/мл; картридж 3 мл, N5; производитель: ЗАВОД МЕДСИНТЕЗ ООО","Росинсулин С Медсинтез; суспензия; 100 МЕ/мл; картридж 3 мл, N5; ЗАВОД МЕДСИНТЕЗ ООО",Росинсулин С Медсинтез суспензия 100 МЕ/мл картридж 3 мл N5,ЗАВОД МЕДСИНТЕЗ ООО,"Росинсулин С Медсинтез суспензия 100 МЕ/мл картридж 3 мл N5, ЗАВОД МЕДСИНТЕЗ ООО",Росинсулин С Медсинтез,суспензия,100 МЕ/мл,контейнер,3 мл,N5,"картридж 3 мл, N5",ЗАВОД МЕДСИНТЕЗ ООО,РОСИНСУЛИН С МЕДСИНТЕЗ СУСП. ДЛЯ П/К ВВЕД. 100МЕ/МЛ,,,not_applicable,,,,not_applicable,M5.0 labels blank; row was not in the reviewed 50-sample (blank is not treated as yes).,pack_container_amount_count,,,,,,
8055,РИМАСОПТ ВМ КАПЛИ ГЛАЗНЫЕ 2МГ/МЛ+5МГ/МЛ ФЛ. 5МЛ №1 | Уорлд медицин илач сан. ве тидж. Аш | Уорлд медицин илач сан. ве тидж. Аш,"Римасопт ВМ; капли, глазные; 2 мг/мл + 5 мг/мл; флакон 5 мл, N1; производитель: Уорлд медицин илач сан. ве тидж. Аш","Римасопт ВМ; капли; 2 мг/мл + 5 мг/мл; флакон 5 мл, N1; Уорлд медицин илач сан. ве тидж. Аш",Римасопт ВМ капли 2 мг/мл + 5 мг/мл флакон 5 мл N1,Уорлд медицин илач сан. ве тидж. Аш,"Римасопт ВМ капли 2 мг/мл + 5 мг/мл флакон 5 мл N1, Уорлд медицин илач сан. ве тидж. Аш",Римасопт ВМ,капли,2 мг/мл + 5 мг/мл,флакон,5 мл,N1,"флакон 5 мл, N1",Уорлд медицин илач сан. ве тидж. Аш,РИМАСОПТ ВМ КАПЛИ ГЛАЗНЫЕ 2МГ/МЛ+5МГ/МЛ,,,not_applicable,no,no,"severity=major; reason=unit_volume_and_container_lost; source_pack=""фл. 5 мл N1""; actual_pack=""N1""; expected=""фл. 5 мл N1""; action=""add_container_and_unit_content_fields""",resolved,Structured флакон + 5 мл + N1 from source ФЛ. 5МЛ №1. Multi-component strength kept.,m50_label_no,,,,,,
8753,ПРОСТАНОРМ ЭКСТРАКТ Д/ПРИЕМА ВНУТРЬ ЖИДК. ФЛ. 100МЛ | ФАРМВИЛАР НПО ООО | ФАРМВИЛАР НПО ООО,"Простанорм; экстракт жидкий, для приема внутрь; флакон 100 мл, N1; производитель: ФАРМВИЛАР НПО ООО","Простанорм; раствор; флакон 100 мл, N1; ФАРМВИЛАР НПО ООО",Простанорм раствор флакон 100 мл N1,ФАРМВИЛАР НПО ООО,"Простанорм раствор флакон 100 мл N1, ФАРМВИЛАР НПО ООО",Простанорм,раствор,,флакон,100 мл,N1,"флакон 100 мл, N1",ФАРМВИЛАР НПО ООО,ПРОСТАНОРМ ЭКСТРАКТ Д/ПРИЕМА ВНУТРЬ ЖИДК,,,not_applicable,,,,not_applicable,M5.0 labels blank; row was not in the reviewed 50-sample (blank is not treated as yes).,single_container_implicit_n1,,,,,,
9511,ПИОНА НАСТОЙКА РЕНЕВАЛ ФЛ. 25МЛ | ОБНОВЛЕНИЕ ПФК АО | ОБНОВЛЕНИЕ ПФК АО,"Пиона Реневал; настойка; флакон 25 мл, N1; производитель: ОБНОВЛЕНИЕ ПФК АО","Пиона Реневал; настойка; флакон 25 мл, N1; ОБНОВЛЕНИЕ ПФК АО",Пиона Реневал настойка флакон 25 мл N1,ОБНОВЛЕНИЕ ПФК АО,"Пиона Реневал настойка флакон 25 мл N1, ОБНОВЛЕНИЕ ПФК АО",Пиона Реневал,настойка,,флакон,25 мл,N1,"флакон 25 мл, N1",ОБНОВЛЕНИЕ ПФК АО,ПИОНА НАСТОЙКА РЕНЕВАЛ,,,not_applicable,,,,not_applicable,M5.0 labels blank; row was not in the reviewed 50-sample (blank is not treated as yes).,single_container_implicit_n1,,,,,,
9941,ПАРОДОНТОЦИД ОПОЛАСКИВАТЕЛЬ ДЛЯ ПОЛОСТИ РТА 250МЛ | МОСКОВСКАЯ ФФ | МОСКОВСКАЯ ФФ,Пародонтоцид; ополаскиватель; 250 мл; производитель: МОСКОВСКАЯ ФФ,Пародонтоцид; ополаскиватель; 250 мл; МОСКОВСКАЯ ФФ,Пародонтоцид ополаскиватель 250 мл,МОСКОВСКАЯ ФФ,"Пародонтоцид ополаскиватель 250 мл, МОСКОВСКАЯ ФФ",Пародонтоцид,ополаскиватель,,unknown,250 мл,,250 мл,МОСКОВСКАЯ ФФ,ПАРОДОНТОЦИД ОПОЛАСКИВАТЕЛЬ ДЛЯ ПОЛОСТИ РТА,,,not_applicable,,,,not_applicable,M5.0 labels blank; row was not in the reviewed 50-sample (blank is not treated as yes).,dosage_form_vocab_policy,,,,,,
12495,МУКОСАТ МАЗЬ Д/НАРУЖ. ПРИМ. 5% ТУБА 30Г | ЗЕЛЕНАЯ ДУБРАВА ЗАО | ЗЕЛЕНАЯ ДУБРАВА ЗАО,"Мукосат; мазь, для наружного применения; 5%; туба 30 г, N1; производитель: ЗЕЛЕНАЯ ДУБРАВА ЗАО","Мукосат; мазь; 5%; туба 30 г, N1; ЗЕЛЕНАЯ ДУБРАВА ЗАО",Мукосат мазь 5% туба 30 г N1,ЗЕЛЕНАЯ ДУБРАВА ЗАО,"Мукосат мазь 5% туба 30 г N1, ЗЕЛЕНАЯ ДУБРАВА ЗАО",Мукосат,мазь,5%,туба,30 г,N1,"туба 30 г, N1",ЗЕЛЕНАЯ ДУБРАВА ЗАО,МУКОСАТ МАЗЬ Д/НАРУЖ. ПРИМ. 5%,,,not_applicable,,,,not_applicable,M5.0 labels blank; row was not in the reviewed 50-sample (blank is not treated as yes).,single_container_implicit_n1,,,,,,
13125,МИКРОГИНОН ТАБЛ. П/О 150МКГ+30МКГ №21 | ДЕЛЬФАРМ ЛИЛЛЬ С.А.С | ДЕЛЬФАРМ ЛИЛЛЬ С.А.С,"Микрогинон; таблетки, покрытые оболочкой; 150 мкг + 30 мкг; N21; производитель: ДЕЛЬФАРМ ЛИЛЛЬ С.А.С",Микрогинон; таблетки; 150 мкг + 30 мкг; N21; ДЕЛЬФАРМ ЛИЛЛЬ С.А.С,Микрогинон таблетки 150 мкг + 30 мкг N21,ДЕЛЬФАРМ ЛИЛЛЬ С.А.С,"Микрогинон таблетки 150 мкг + 30 мкг N21, ДЕЛЬФАРМ ЛИЛЛЬ С.А.С",Микрогинон,таблетки,150 мкг + 30 мкг,unknown,,N21,N21,ДЕЛЬФАРМ ЛИЛЛЬ С.А.С,МИКРОГИНОН ТАБЛ. П/О 150МКГ+30МКГ,,,not_applicable,yes,yes,,not_applicable,M5.0 identity and query were accepted (yes); no labeled defect to remediate.,multi_component_strength_pack,,,,,,
14758,"ЛОЗАРТАН Н ТАБЛ. П/ПЛЕН/ОБ. 12,5МГ+100МГ №30 ОЗОН | ОЗОН ООО | ОЗОН ООО","Лозартан Н; таблетки, покрытые пленочной оболочкой; 12.5 мг + 100 мг; N30; производитель: ОЗОН ООО",Лозартан Н; таблетки; 12.5 мг + 100 мг; N30; ОЗОН ООО,Лозартан Н таблетки 12.5 мг + 100 мг N30,ОЗОН ООО,"Лозартан Н таблетки 12.5 мг + 100 мг N30, ОЗОН ООО",Лозартан Н,таблетки,12.5 мг + 100 мг,unknown,,N30,N30,ОЗОН ООО,"ЛОЗАРТАН Н ТАБЛ. П/ПЛЕН/ОБ. 12,5МГ+100МГ ОЗОН",,,not_applicable,yes,yes,,not_applicable,M5.0 identity and query were accepted (yes); no labeled defect to remediate.,multi_component_strength_pack,,,,,,
15150,ЛИДОКАИН БУФУС Р-Р Д/ИН. 100МГ/МЛ АМП. 2МЛ №10 ОБНОВЛЕНИЕ | ОБНОВЛЕНИЕ ПФК АО | ОБНОВЛЕНИЕ ПФК АО,"Лидокаин Буфус; раствор, для инъекций; 100 мг/мл; ампула 2 мл, N10; производитель: ОБНОВЛЕНИЕ ПФК АО","Лидокаин Буфус; раствор; 100 мг/мл; ампула 2 мл, N10; ОБНОВЛЕНИЕ ПФК АО",Лидокаин Буфус раствор 100 мг/мл ампула 2 мл N10,ОБНОВЛЕНИЕ ПФК АО,"Лидокаин Буфус раствор 100 мг/мл ампула 2 мл N10, ОБНОВЛЕНИЕ ПФК АО",Лидокаин Буфус,раствор,100 мг/мл,ампула,2 мл,N10,"ампула 2 мл, N10",ОБНОВЛЕНИЕ ПФК АО,ЛИДОКАИН БУФУС Р-Р Д/ИН. 100МГ/МЛ ОБНОВЛЕНИЕ,,,not_applicable,,,,not_applicable,M5.0 labels blank; row was not in the reviewed 50-sample (blank is not treated as yes).,pack_container_amount_count,,,,,,
18377,ЙОД Р-Р Д/НАРУЖ. ПРИМ. СПИРТ. 5% ФЛ. 25МЛ ГИППОКРАТ | ГИППОКРАТ | ГИППОКРАТ,"Йод; раствор, для наружного применения, спиртовой; 5%; флакон 25 мл, N1; производитель: ГИППОКРАТ","Йод; раствор; 5%; флакон 25 мл, N1; ГИППОКРАТ",Йод раствор 5% флакон 25 мл N1,ГИППОКРАТ,"Йод раствор 5% флакон 25 мл N1, ГИППОКРАТ",Йод,раствор,5%,флакон,25 мл,N1,"флакон 25 мл, N1",ГИППОКРАТ,ЙОД Р-Р Д/НАРУЖ. ПРИМ. СПИРТ. 5% ГИППОКРАТ,,,not_applicable,,,,not_applicable,M5.0 labels blank; row was not in the reviewed 50-sample (blank is not treated as yes).,single_container_implicit_n1,,,,,,
20614,"ДЕКСАМЕТАЗОН-КРКА ТАБЛ. 4МГ №20 | КРКА Д.Д., НОВО МЕСТО АО/КРКА-РУС ООО | КРКА Д.Д., НОВО МЕСТО АО/КРКА-РУС ООО","Дексаметазон-Крка; таблетки; 4 мг; N20; производитель: КРКА Д.Д., НОВО МЕСТО АО/КРКА-РУС ООО","Дексаметазон-Крка; таблетки; 4 мг; N20; КРКА Д.Д., НОВО МЕСТО АО/КРКА-РУС ООО",Дексаметазон-Крка таблетки 4 мг N20,"КРКА Д.Д., НОВО МЕСТО АО/КРКА-РУС ООО","Дексаметазон-Крка таблетки 4 мг N20, КРКА Д.Д., НОВО МЕСТО АО/КРКА-РУС ООО",Дексаметазон-Крка,таблетки,4 мг,unknown,,N20,N20,"КРКА Д.Д., НОВО МЕСТО АО/КРКА-РУС ООО",ДЕКСАМЕТАЗОН-КРКА ТАБЛ. 4МГ,,,not_applicable,yes,yes,,not_applicable,M5.0 identity and query were accepted (yes); no labeled defect to remediate.,retained_multi_entity_manufacturer,,,,,,
20628,ДЕКСА-ГЕНТАМИЦИН КАПЛИ ГЛАЗН. ФЛ-КАП. 5МЛ | УРСАФАРМ АРЦНАЙМИТТЕЛЬ ГМБХ | УРСАФАРМ АРЦНАЙМИТТЕЛЬ ГМБХ,"Декса-Гентамицин; капли, глазные; флакон-капельница 5 мл, N1; производитель: УРСАФАРМ АРЦНАЙМИТТЕЛЬ ГМБХ","Декса-Гентамицин; капли; флакон-капельница 5 мл, N1; УРСАФАРМ АРЦНАЙМИТТЕЛЬ ГМБХ",Декса-Гентамицин капли флакон-капельница 5 мл N1,УРСАФАРМ АРЦНАЙМИТТЕЛЬ ГМБХ,"Декса-Гентамицин капли флакон-капельница 5 мл N1, УРСАФАРМ АРЦНАЙМИТТЕЛЬ ГМБХ",Декса-Гентамицин,капли,,флакон-капельница,5 мл,N1,"флакон-капельница 5 мл, N1",УРСАФАРМ АРЦНАЙМИТТЕЛЬ ГМБХ,ДЕКСА-ГЕНТАМИЦИН КАПЛИ ГЛАЗН,,,not_applicable,,,,not_applicable,M5.0 labels blank; row was not in the reviewed 50-sample (blank is not treated as yes).,single_container_implicit_n1,,,,,,
22468,"ВИДОРА МИКРО ТАБЛ. П/ПЛЕН/ОБ. 3МГ+0,02МГ №21+7 | ЛАБОРАТОРИОС ЛЕОН ФАРМА С.А. | ЛАБОРАТОРИОС ЛЕОН ФАРМА С.А.","Видора Микро; таблетки, покрытые пленочной оболочкой; 3 мг + 0.02 мг; N21+7; производитель: ЛАБОРАТОРИОС ЛЕОН ФАРМА С.А.",Видора Микро; таблетки; 3 мг + 0.02 мг; N21+7; ЛАБОРАТОРИОС ЛЕОН ФАРМА С.А.,Видора Микро таблетки 3 мг + 0.02 мг N21+7,ЛАБОРАТОРИОС ЛЕОН ФАРМА С.А.,"Видора Микро таблетки 3 мг + 0.02 мг N21+7, ЛАБОРАТОРИОС ЛЕОН ФАРМА С.А.",Видора Микро,таблетки,3 мг + 0.02 мг,unknown,,N21+7,N21+7,ЛАБОРАТОРИОС ЛЕОН ФАРМА С.А.,"ВИДОРА МИКРО ТАБЛ. П/ПЛЕН/ОБ. 3МГ+0,02МГ",,,not_applicable,yes,yes,,not_applicable,M5.0 identity and query were accepted (yes); no labeled defect to remediate.,multi_component_strength_pack,,,,,,
22548,ВЕЧЕРНЕЕ ВАЛЕРИАНА+МЯТА+МЕЛИССА ДРАЖЕ №50 ПАРАФАРМ | ПАРАФАРМ ООО | ПАРАФАРМ ООО,Вечернее Валериана+Мята+Мелисса; драже; N50; производитель: ПАРАФАРМ ООО,Вечернее Валериана+Мята+Мелисса; драже; N50; ПАРАФАРМ ООО,Вечернее Валериана+Мята+Мелисса драже N50,ПАРАФАРМ ООО,"Вечернее Валериана+Мята+Мелисса драже N50, ПАРАФАРМ ООО",Вечернее Валериана+Мята+Мелисса,драже,,unknown,,N50,N50,ПАРАФАРМ ООО,ВЕЧЕРНЕЕ ВАЛЕРИАНА+МЯТА+МЕЛИССА ДРАЖЕ ПАРАФАРМ,,,not_applicable,,,,not_applicable,M5.0 labels blank; row was not in the reviewed 50-sample (blank is not treated as yes).,dosage_form_vocab_policy,,,,,,
24255,"БЕЛОДЕРМ КРЕМ Д/НАРУЖ. ПРИМ. 0,05% ТУБА 30Г | БЕЛУПО | БЕЛУПО","Белодерм; крем, для наружного применения; 0.05%; туба 30 г, N1; производитель: БЕЛУПО","Белодерм; крем; 0.05%; туба 30 г, N1; БЕЛУПО",Белодерм крем 0.05% туба 30 г N1,БЕЛУПО,"Белодерм крем 0.05% туба 30 г N1, БЕЛУПО",Белодерм,крем,0.05%,туба,30 г,N1,"туба 30 г, N1",БЕЛУПО,"БЕЛОДЕРМ КРЕМ Д/НАРУЖ. ПРИМ. 0,05%",,,not_applicable,,,,not_applicable,M5.0 labels blank; row was not in the reviewed 50-sample (blank is not treated as yes).,single_container_implicit_n1,,,,,,
