product_id,normalized_text,normalized_text_full_v4,product_identity_text_v4,enrichment_query_text_v4,enrichment_query_disambiguator_v4,normalized_text_full_v4_1,product_identity_text_v4_1,enrichment_query_text_v4_1,enrichment_query_disambiguator_v4_1,enrichment_retrieval_text_v4_1,source_char_count,query_v4_char_count,query_v4_1_char_count,retrieval_v4_1_char_count,container_type_raw_v4_1,container_type_v4_1,unit_content_amount_v4_1,pack_unit_count_v4_1,pack_structure_raw_v4_1,pack_structure_v4_1,pack_parse_status_v4_1,pack_parse_warnings_v4_1,brand_or_product_name_v4,brand_or_product_name_v4_1,dosage_form_v4,dosage_form_v4_1,strength_v4,strength_v4_1,manufacturer_v4_1,normalization_flags_v4_1,normalization_warnings_v4_1,safety_flags_v4_1,m5_0_label_norm_v4_identity_preserved,m5_0_label_norm_v4_query_appropriate,m5_0_label_norm_v4_notes,m5_1_resolution_status,m5_1_resolution_reason,query_gained_container_v4_1,query_gained_unit_amount_v4_1,query_gained_pack_count_v4_1,role_assignment_ok_v4_1,possible_brand_loss_v4_1,possible_form_loss_v4_1,possible_strength_loss_v4_1,possible_pack_loss_v4_1
8,ХАЙЛЕФЛОКС 500мг N5 таб. покрытые пленочной оболочкой Хайгланс Лабораториз Пвт.Лтд. | Хайгланс лабораториз пвт. Лтд | Хайгланс лабораториз пвт. Лтд | N5,"ХАЙЛЕФЛОКС; таблетки, покрытые пленочной оболочкой; 500 мг; N5; производитель: Хайгланс лабораториз пвт. Лтд",Хайлефлокс; таблетки; 500 мг; N5; Хайгланс лабораториз пвт. Лтд,Хайлефлокс таблетки 500 мг N5,Хайгланс лабораториз пвт. Лтд,"Хайлефлокс; таблетки, покрытые пленочной оболочкой; 500 мг; N5; производитель: Хайгланс лабораториз пвт. Лтд",Хайлефлокс; таблетки; 500 мг; N5; Хайгланс лабораториз пвт. Лтд,Хайлефлокс таблетки 500 мг N5,Хайгланс лабораториз пвт. Лтд,"Хайлефлокс таблетки 500 мг N5, Хайгланс лабораториз пвт. Лтд",152,29,29,60,,unknown,,N5,N5,N5,parsed,,Хайлефлокс,Хайлефлокс,таблетки,таблетки,500 мг,500 мг,Хайгланс лабораториз пвт. Лтд,,,,yes,yes,,not_applicable,M5.0 identity and query were accepted (yes); no labeled defect to remediate.,false,false,false,true,false,false,false,false
28,МЕРИФАТИН МВ 750мг N60 таб. с пролонгированным высвобождением Фармасинтез-Тюмень ООО | Фармасинтез-Тюмень ООО | Фармасинтез-Тюмень ООО | N60,"МЕРИФАТИН МВ; таблетки, с пролонгированным высвобождением; 750 мг; N60; производитель: Фармасинтез-Тюмень ООО",Мерифатин МВ; таблетки; 750 мг; N60; Фармасинтез-Тюмень ООО,Мерифатин МВ таблетки 750 мг N60,Фармасинтез-Тюмень ООО,"Мерифатин МВ; таблетки, с пролонгированным высвобождением; 750 мг; N60; производитель: Фармасинтез-Тюмень ООО",Мерифатин МВ; таблетки; 750 мг; N60; Фармасинтез-Тюмень ООО,Мерифатин МВ таблетки 750 мг N60,Фармасинтез-Тюмень ООО,"Мерифатин МВ таблетки 750 мг N60, Фармасинтез-Тюмень ООО",140,32,32,56,,unknown,,N60,N60,N60,parsed,,Мерифатин МВ,Мерифатин МВ,таблетки,таблетки,750 мг,750 мг,Фармасинтез-Тюмень ООО,,,,yes,yes,,not_applicable,M5.0 identity and query were accepted (yes); no labeled defect to remediate.,false,false,false,true,false,false,false,false
34,МЕЛАДАПТ 3мг N10 таб. покрытые пленочной оболочкой Озон ООО | Озон ООО | Озон ООО | N10,"МЕЛАДАПТ; таблетки, покрытые пленочной оболочкой; 3 мг; N10; производитель: Озон ООО",Меладапт; таблетки; 3 мг; N10; Озон ООО,Меладапт таблетки 3 мг N10,Озон ООО,"Меладапт; таблетки, покрытые пленочной оболочкой; 3 мг; N10; производитель: Озон ООО",Меладапт; таблетки; 3 мг; N10; Озон ООО,Меладапт таблетки 3 мг N10,Озон ООО,"Меладапт таблетки 3 мг N10, Озон ООО",87,26,26,36,,unknown,,N10,N10,N10,parsed,,Меладапт,Меладапт,таблетки,таблетки,3 мг,3 мг,Озон ООО,,,,yes,yes,,not_applicable,M5.0 identity and query were accepted (yes); no labeled defect to remediate.,false,false,false,true,false,false,false,false
45,АКВИОН КОЖА ВОЛОСЫ НОГТИ таб. N60 ВТФ ООО | ВТФ ООО | ВТФ ООО | N60,АКВИОН КОЖА ВОЛОСЫ НОГТИ; таблетки; N60; производитель: ВТФ ООО,Аквион Кожа Волосы Ногти; таблетки; [missing_strength]; N60; ВТФ ООО,Аквион Кожа Волосы Ногти таблетки N60,ВТФ ООО,Аквион Кожа Волосы Ногти; таблетки; N60; производитель: ВТФ ООО,Аквион Кожа Волосы Ногти; таблетки; N60; ВТФ ООО,Аквион Кожа Волосы Ногти таблетки N60,ВТФ ООО,"Аквион Кожа Волосы Ногти таблетки N60, ВТФ ООО",67,37,37,46,,unknown,,N60,N60,N60,parsed,,Аквион Кожа Волосы Ногти,Аквион Кожа Волосы Ногти,таблетки,таблетки,,,ВТФ ООО,,,,yes,yes,,not_applicable,M5.0 identity and query were accepted (yes); no labeled defect to remediate.,false,false,false,true,false,false,false,false
54,ГЕПАРИН 5000ЕД/мл 5мл N5 р-р для в/в и п/к введения Армавирская биологическая фабрика фгуп | Армавирская биологическая фабрика фгуп | Армавирская биологическая фабрика фгуп | N5,"ГЕПАРИН; раствор, для инъекций; 5000 ЕД/мл; 5 мл; N5; производитель: Армавирская биологическая фабрика фгуп",Гепарин; раствор; 5000 ЕД/мл; N5; Армавирская биологическая фабрика фгуп,Гепарин раствор 5000 ЕД/мл N5,Армавирская биологическая фабрика фгуп,"Гепарин; раствор, для инъекций; 5000 ЕД/мл; 5 мл, N5; производитель: Армавирская биологическая фабрика фгуп","Гепарин; раствор; 5000 ЕД/мл; 5 мл, N5; Армавирская биологическая фабрика фгуп",Гепарин раствор 5000 ЕД/мл 5 мл N5,Армавирская биологическая фабрика фгуп,"Гепарин раствор 5000 ЕД/мл 5 мл N5, Армавирская биологическая фабрика фгуп",177,29,34,74,,unknown,5 мл,N5,5мл N5,"5 мл, N5",parsed,,Гепарин,Гепарин,раствор,раствор,5000 ЕД/мл,5000 ЕД/мл,Армавирская биологическая фабрика фгуп,query_gained_unit_amount,,,no,no,"severity=major; reason=unit_volume_and_container_lost; source_pack=""амп. 5 мл N5""; actual_pack=""N5""; expected=""амп. 5 мл N5""; action=""add_container_and_unit_content_fields""",partially_resolved,"Restored unit volume 5 мл and N5 in query/retrieval; kept 5000 ЕД/мл as strength. Source has no амп./ампула marker, so container stays unknown (not inferred). Reviewer note source_pack=амп. 5 мл N5 does not match actual source.",false,true,false,true,false,false,false,false
56,РИТОФЛЕКС МСМ таб. N60 Фармацевтическая Фабрика ООО | Фармацевтическая фабрика ООО | Фармацевтическая фабрика ООО | N60,РИТОФЛЕКС МСМ; таблетки; N60; производитель: Фармацевтическая фабрика ООО,Ритофлекс МСМ; таблетки; [missing_strength]; N60; Фармацевтическая фабрика ООО,Ритофлекс МСМ таблетки N60,Фармацевтическая фабрика ООО,Ритофлекс МСМ; таблетки; N60; производитель: Фармацевтическая фабрика ООО,Ритофлекс МСМ; таблетки; N60; Фармацевтическая фабрика ООО,Ритофлекс МСМ таблетки N60,Фармацевтическая фабрика ООО,"Ритофлекс МСМ таблетки N60, Фармацевтическая фабрика ООО",119,26,26,56,,unknown,,N60,N60,N60,parsed,,Ритофлекс МСМ,Ритофлекс МСМ,таблетки,таблетки,,,Фармацевтическая фабрика ООО,,,,yes,yes,,not_applicable,M5.0 identity and query were accepted (yes); no labeled defect to remediate.,false,false,false,true,false,false,false,false
68,ЭПЛЕРЕНОН-ТЕВА 25мг N30 таб. покрытые пленочной оболочкой Тева фармасьютикал воркс прайвэт Лимитед Компани | Тева фармасьютикал воркс прайвэт Лимитед Компани | Тева фармасьютикал воркс прайвэт Лимитед Компани | N30,"ЭПЛЕРЕНОН-ТЕВА; таблетки, покрытые пленочной оболочкой; 25 мг; N30; производитель: Тева фармасьютикал воркс прайвэт Лимитед Компани",Эплеренон-Тева; таблетки; 25 мг; N30; Тева фармасьютикал воркс прайвэт Лимитед Компани,Эплеренон-Тева таблетки 25 мг N30,Тева фармасьютикал воркс прайвэт Лимитед Компани,"Эплеренон-Тева; таблетки, покрытые пленочной оболочкой; 25 мг; N30; производитель: Тева фармасьютикал воркс прайвэт Лимитед Компани",Эплеренон-Тева; таблетки; 25 мг; N30; Тева фармасьютикал воркс прайвэт Лимитед Компани,Эплеренон-Тева таблетки 25 мг N30,Тева фармасьютикал воркс прайвэт Лимитед Компани,"Эплеренон-Тева таблетки 25 мг N30, Тева фармасьютикал воркс прайвэт Лимитед Компани",214,33,33,83,,unknown,,N30,N30,N30,parsed,,Эплеренон-Тева,Эплеренон-Тева,таблетки,таблетки,25 мг,25 мг,Тева фармасьютикал воркс прайвэт Лимитед Компани,,,,yes,yes,,not_applicable,M5.0 identity and query were accepted (yes); no labeled defect to remediate.,false,false,false,true,false,false,false,false
70,РОЗУВАСТАТИН-ТЕВА 20мг N90 таб. покрытые пленочной оболочкой Р-Фарм Новосёлки | Р-Фарм новосёлки ООО | Р-Фарм новосёлки ООО | N90,"РОЗУВАСТАТИН-ТЕВА; таблетки, покрытые пленочной оболочкой; 20 мг; N90; производитель: Р-Фарм новосёлки ООО",Розувастатин-Тева; таблетки; 20 мг; N90; Р-Фарм новосёлки ООО,Розувастатин-Тева таблетки 20 мг N90,Р-Фарм новосёлки ООО,"Розувастатин-Тева; таблетки, покрытые пленочной оболочкой; 20 мг; N90; производитель: Р-Фарм новосёлки ООО",Розувастатин-Тева; таблетки; 20 мг; N90; Р-Фарм новосёлки ООО,Розувастатин-Тева таблетки 20 мг N90,Р-Фарм новосёлки ООО,"Розувастатин-Тева таблетки 20 мг N90, Р-Фарм новосёлки ООО",129,36,36,58,,unknown,,N90,N90,N90,parsed,,Розувастатин-Тева,Розувастатин-Тева,таблетки,таблетки,20 мг,20 мг,Р-Фарм новосёлки ООО,,,,yes,yes,,not_applicable,M5.0 identity and query were accepted (yes); no labeled defect to remediate.,false,false,false,true,false,false,false,false
72,ФАРИНГАЛ таб. 650мг N10 Салута-М | Салута-М ООО | Салута-М ООО | N10,ФАРИНГАЛ; таблетки; 650 мг; N10; производитель: Салута-М ООО,Фарингал; таблетки; 650 мг; N10; Салута-М ООО,Фарингал таблетки 650 мг N10,Салута-М ООО,Фарингал; таблетки; 650 мг; N10; производитель: Салута-М ООО,Фарингал; таблетки; 650 мг; N10; Салута-М ООО,Фарингал таблетки 650 мг N10,Салута-М ООО,"Фарингал таблетки 650 мг N10, Салута-М ООО",68,28,28,42,,unknown,,N10,N10,N10,parsed,,Фарингал,Фарингал,таблетки,таблетки,650 мг,650 мг,Салута-М ООО,,,,yes,yes,,not_applicable,M5.0 identity and query were accepted (yes); no labeled defect to remediate.,false,false,false,true,false,false,false,false
73,ГАСТРАСАН ЭКСПРЕСС 680мг+80мг N12 таб. жевательные Апельсин ЮжФарм ООО | ЮжФарм ООО | ЮжФарм ООО | N12,"ГАСТРАСАН ЭКСПРЕСС; таблетки, жевательные; 680 мг + 80 мг; N12; Апельсин; производитель: ЮжФарм ООО",Гастрасан Экспресс; таблетки; 680 мг + 80 мг; N12; ЮжФарм ООО,Гастрасан Экспресс таблетки 680 мг + 80 мг N12,ЮжФарм ООО,"Гастрасан Экспресс; таблетки, жевательные; 680 мг + 80 мг; N12; Апельсин; производитель: ЮжФарм ООО",Гастрасан Экспресс; таблетки; 680 мг + 80 мг; N12; ЮжФарм ООО,Гастрасан Экспресс таблетки 680 мг + 80 мг N12 Апельсин,ЮжФарм ООО,"Гастрасан Экспресс таблетки 680 мг + 80 мг N12 Апельсин, ЮжФарм ООО",102,46,55,67,,unknown,,N12,N12,N12,parsed,,Гастрасан Экспресс,Гастрасан Экспресс,таблетки,таблетки,680 мг + 80 мг,680 мг + 80 мг,ЮжФарм ООО,,,,yes,yes,,not_applicable,M5.0 identity and query were accepted (yes); no labeled defect to remediate.,false,false,false,true,false,false,false,false
75,САМБУКУС БУЗИНА ИММУНИТЕТ таб. массой 700мг N30 Грин сайд ООО | Грин Сайд ООО | Грин Сайд ООО | N30,САМБУКУС БУЗИНА ИММУНИТЕТ; таблетки; 700 мг; N30; производитель: Грин Сайд ООО,Самбукус Бузина Иммунитет; таблетки; 700 мг; N30; Грин Сайд ООО,Самбукус Бузина Иммунитет таблетки 700 мг N30,Грин Сайд ООО,Самбукус Бузина Иммунитет; таблетки; 700 мг; N30; производитель: Грин Сайд ООО,Самбукус Бузина Иммунитет; таблетки; 700 мг; N30; Грин Сайд ООО,Самбукус Бузина Иммунитет таблетки 700 мг N30,Грин Сайд ООО,"Самбукус Бузина Иммунитет таблетки 700 мг N30, Грин Сайд ООО",99,45,45,60,,unknown,,N30,N30,N30,parsed,,Самбукус Бузина Иммунитет,Самбукус Бузина Иммунитет,таблетки,таблетки,700 мг,700 мг,Грин Сайд ООО,,,,yes,yes,,not_applicable,M5.0 identity and query were accepted (yes); no labeled defect to remediate.,false,false,false,true,false,false,false,false
88,ГЕСПЕРИДИН+ДИОСМИН 100мг+900мг N30 таб. покрытые пленочной оболочкой Алиум АО | Алиум АО | Алиум АО | N30,"ГЕСПЕРИДИН+ДИОСМИН; таблетки, покрытые пленочной оболочкой; 100 мг + 900 мг; N30; производитель: Алиум АО",Гесперидин+Диосмин; таблетки; 100 мг + 900 мг; N30; Алиум АО,Гесперидин+Диосмин таблетки 100 мг + 900 мг N30,Алиум АО,"Гесперидин+Диосмин; таблетки, покрытые пленочной оболочкой; 100 мг + 900 мг; N30; производитель: Алиум АО",Гесперидин+Диосмин; таблетки; 100 мг + 900 мг; N30; Алиум АО,Гесперидин+Диосмин таблетки 100 мг + 900 мг N30,Алиум АО,"Гесперидин+Диосмин таблетки 100 мг + 900 мг N30, Алиум АО",105,47,47,57,,unknown,,N30,N30,N30,parsed,,Гесперидин+Диосмин,Гесперидин+Диосмин,таблетки,таблетки,100 мг + 900 мг,100 мг + 900 мг,Алиум АО,,,,yes,yes,,not_applicable,M5.0 identity and query were accepted (yes); no labeled defect to remediate.,false,false,false,true,false,false,false,false
92,ДИНАМИКО ЛОНГ 20мг N8 таб. покрытые пленочной оболочкой Тева Фармацевтические Предприятия Лтд | Тева Фармацевтические Предприятия Лтд. | Тева Фармацевтические Предприятия Лтд. | N8,"ДИНАМИКО ЛОНГ; таблетки, покрытые пленочной оболочкой; 20 мг; N8; производитель: Тева Фармацевтические Предприятия Лтд.",Динамико Лонг; таблетки; 20 мг; N8; Тева Фармацевтические Предприятия Лтд.,Динамико Лонг таблетки 20 мг N8,Тева Фармацевтические Предприятия Лтд.,"Динамико Лонг; таблетки, покрытые пленочной оболочкой; 20 мг; N8; производитель: Тева Фармацевтические Предприятия Лтд.",Динамико Лонг; таблетки; 20 мг; N8; Тева Фармацевтические Предприятия Лтд.,Динамико Лонг таблетки 20 мг N8,Тева Фармацевтические Предприятия Лтд.,"Динамико Лонг таблетки 20 мг N8, Тева Фармацевтические Предприятия Лтд.",180,31,31,71,,unknown,,N8,N8,N8,parsed,,Динамико Лонг,Динамико Лонг,таблетки,таблетки,20 мг,20 мг,Тева Фармацевтические Предприятия Лтд.,,,,yes,yes,,not_applicable,M5.0 identity and query were accepted (yes); no labeled defect to remediate.,false,false,false,true,false,false,false,false
249,ОСТЕОМЕД таб. N60 Парафарм | Парафарм ООО | Парафарм ООО | N60,ОСТЕОМЕД; таблетки; N60; производитель: Парафарм ООО,Остеомед; таблетки; [missing_strength]; N60; Парафарм ООО,Остеомед таблетки N60,Парафарм ООО,Остеомед; таблетки; N60; производитель: Парафарм ООО,Остеомед; таблетки; N60; Парафарм ООО,Остеомед таблетки N60,Парафарм ООО,"Остеомед таблетки N60, Парафарм ООО",62,21,21,35,,unknown,,N60,N60,N60,parsed,,Остеомед,Остеомед,таблетки,таблетки,,,Парафарм ООО,,,,yes,yes,,not_applicable,M5.0 identity and query were accepted (yes); no labeled defect to remediate.,false,false,false,true,false,false,false,false
354,"ЭХИНАЦЕИ ПУРПУРНОЙ ТРАВА 1,5Г Ф/П №20 ИВАН ЧАЙ | ИВАН-ЧАЙ ЗАО | ИВАН-ЧАЙ ЗАО","ЭХИНАЦЕИ ПУРПУРНОЙ; трава, фильтр-пакеты; 1.5 г; N20; производитель: ИВАН-ЧАЙ ЗАО",Эхинацеи Пурпурной; фильтр-пакеты; 1.5 г; N20; ИВАН-ЧАЙ ЗАО,Эхинацеи Пурпурной фильтр-пакеты 1.5 г N20,ИВАН-ЧАЙ ЗАО,"Эхинацеи Пурпурной; трава, фильтр-пакеты; 1.5 г; 1.5 г, N20; производитель: ИВАН-ЧАЙ ЗАО","Эхинацеи Пурпурной; фильтр-пакеты; 1.5 г; 1.5 г, N20; ИВАН-ЧАЙ ЗАО",Эхинацеи Пурпурной фильтр-пакеты 1.5 г N20,ИВАН-ЧАЙ ЗАО,"Эхинацеи Пурпурной фильтр-пакеты 1.5 г N20, ИВАН-ЧАЙ ЗАО",76,42,42,56,,unknown,1.5 г,N20,"1,5Г Ф/П №20","1.5 г, N20",parsed,,Эхинацеи Пурпурной,Эхинацеи Пурпурной,фильтр-пакеты,фильтр-пакеты,1.5 г,1.5 г,ИВАН-ЧАЙ ЗАО,,,,yes,yes,,not_applicable,M5.0 identity and query were accepted (yes); no labeled defect to remediate.,false,false,false,true,false,false,false,false
456,"ЭТОРИАКС ТАБЛ. П/ПЛЕН/ОБ. 60МГ №14 | КРКА, Д.Д., НОВО МЕСТО АО | КРКА, Д.Д., НОВО МЕСТО АО","ЭТОРИАКС; таблетки, покрытые пленочной оболочкой; 60 мг; N14; производитель: КРКА, Д.Д., НОВО МЕСТО АО","Эториакс; таблетки; 60 мг; N14; КРКА, Д.Д., НОВО МЕСТО АО",Эториакс таблетки 60 мг N14,"КРКА, Д.Д., НОВО МЕСТО АО","Эториакс; таблетки, покрытые пленочной оболочкой; 60 мг; N14; производитель: КРКА, Д.Д., НОВО МЕСТО АО","Эториакс; таблетки; 60 мг; N14; КРКА, Д.Д., НОВО МЕСТО АО",Эториакс таблетки 60 мг N14,"КРКА, Д.Д., НОВО МЕСТО АО","Эториакс таблетки 60 мг N14, КРКА, Д.Д., НОВО МЕСТО АО",90,27,27,54,,unknown,,N14,№14,N14,parsed,,Эториакс,Эториакс,таблетки,таблетки,60 мг,60 мг,"КРКА, Д.Д., НОВО МЕСТО АО",,,,yes,yes,,not_applicable,M5.0 identity and query were accepted (yes); no labeled defect to remediate.,false,false,false,true,false,false,false,false
486,ЭСЦИТАЛОПРАМ КАНОН ТАБЛ. П/ПЛЕН/ОБ. 20МГ №28 | КАНОНФАРМА ПРОДАКШН ЗАО | КАНОНФАРМА ПРОДАКШН ЗАО,"ЭСЦИТАЛОПРАМ КАНОН; таблетки, покрытые пленочной оболочкой; 20 мг; N28; производитель: КАНОНФАРМА ПРОДАКШН ЗАО",Эсциталопрам Канон; таблетки; 20 мг; N28; КАНОНФАРМА ПРОДАКШН ЗАО,Эсциталопрам Канон таблетки 20 мг N28,КАНОНФАРМА ПРОДАКШН ЗАО,"Эсциталопрам Канон; таблетки, покрытые пленочной оболочкой; 20 мг; N28; производитель: КАНОНФАРМА ПРОДАКШН ЗАО",Эсциталопрам Канон; таблетки; 20 мг; N28; КАНОНФАРМА ПРОДАКШН ЗАО,Эсциталопрам Канон таблетки 20 мг N28,КАНОНФАРМА ПРОДАКШН ЗАО,"Эсциталопрам Канон таблетки 20 мг N28, КАНОНФАРМА ПРОДАКШН ЗАО",96,37,37,62,,unknown,,N28,№28,N28,parsed,,Эсциталопрам Канон,Эсциталопрам Канон,таблетки,таблетки,20 мг,20 мг,КАНОНФАРМА ПРОДАКШН ЗАО,,,,yes,yes,,not_applicable,M5.0 identity and query were accepted (yes); no labeled defect to remediate.,false,false,false,true,false,false,false,false
777,ЭНАЛАПРИЛ АЛЬФАКТИВ ТАБЛ. 20МГ №20 | ОЗОН ФАРМ ООО | ОЗОН ФАРМ ООО,ЭНАЛАПРИЛ АЛЬФАКТИВ; таблетки; 20 мг; N20; производитель: ОЗОН ФАРМ ООО,Эналаприл Альфактив; таблетки; 20 мг; N20; ОЗОН ФАРМ ООО,Эналаприл Альфактив таблетки 20 мг N20,ОЗОН ФАРМ ООО,Эналаприл Альфактив; таблетки; 20 мг; N20; производитель: ОЗОН ФАРМ ООО,Эналаприл Альфактив; таблетки; 20 мг; N20; ОЗОН ФАРМ ООО,Эналаприл Альфактив таблетки 20 мг N20,ОЗОН ФАРМ ООО,"Эналаприл Альфактив таблетки 20 мг N20, ОЗОН ФАРМ ООО",66,38,38,53,,unknown,,N20,№20,N20,parsed,,Эналаприл Альфактив,Эналаприл Альфактив,таблетки,таблетки,20 мг,20 мг,ОЗОН ФАРМ ООО,,,,yes,yes,,not_applicable,M5.0 identity and query were accepted (yes); no labeled defect to remediate.,false,false,false,true,false,false,false,false
844,ЭЛЬКАР Р-Р Д/ПРИЕМА ВНУТРЬ 300МГ/МЛ ФЛ. 25МЛ | ///ПИК-ФАРМА ЛЕК | ///ПИК-ФАРМА ЛЕК,"ЭЛЬКАР; раствор, для приема внутрь; 300 мг/мл; 25 мл; производитель: ПИК-ФАРМА ЛЕК",Элькар; раствор; 300 мг/мл; 25 мл; ПИК-ФАРМА ЛЕК,Элькар раствор 300 мг/мл 25 мл,ПИК-ФАРМА ЛЕК,"Элькар; раствор, для приема внутрь; 300 мг/мл; флакон 25 мл, N1; производитель: ПИК-ФАРМА ЛЕК","Элькар; раствор; 300 мг/мл; флакон 25 мл, N1; ПИК-ФАРМА ЛЕК",Элькар раствор 300 мг/мл флакон 25 мл N1,ПИК-ФАРМА ЛЕК,"Элькар раствор 300 мг/мл флакон 25 мл N1, ПИК-ФАРМА ЛЕК",82,30,40,55,ФЛ.,флакон,25 мл,N1,ФЛ. 25МЛ,"флакон 25 мл, N1",parsed,implicit_single_unit_count,Элькар,Элькар,раствор,раствор,300 мг/мл,300 мг/мл,ПИК-ФАРМА ЛЕК,implicit_single_unit_count|query_gained_container|query_gained_pack_count,implicit_single_unit_count,,uncertain,uncertain,"severity=policy_needed; reason=container_not_structured; source_pack=""фл. 2.5 мл""; actual_pack=""2.5 мл""; expected=""фл. 2.5 мл; count=1""; action=""add_container_and_unit_content_fields""",resolved,Structured флакон + 25 мл (source ФЛ. 25МЛ). Reviewer note 2.5 мл was a copy-paste error vs source.,true,false,true,true,false,false,false,false
884,"ЭЛИЦЕЯ КУ-ТАБ ТАБЛ. ДИСПЕРГ. В ПОЛОСТИ РТА 10МГ №56 | КРКА, Д.Д., НОВО МЕСТО АО | КРКА, Д.Д., НОВО МЕСТО АО","ЭЛИЦЕЯ КУ-ТАБ; таблетки, диспергируемые в полости рта; 10 мг; N56; производитель: КРКА, Д.Д., НОВО МЕСТО АО","Элицея Ку-Таб; таблетки; 10 мг; N56; КРКА, Д.Д., НОВО МЕСТО АО",Элицея Ку-Таб таблетки 10 мг N56,"КРКА, Д.Д., НОВО МЕСТО АО","Элицея Ку-Таб; таблетки, диспергируемые в полости рта; 10 мг; N56; производитель: КРКА, Д.Д., НОВО МЕСТО АО","Элицея Ку-Таб; таблетки; 10 мг; N56; КРКА, Д.Д., НОВО МЕСТО АО",Элицея Ку-Таб таблетки 10 мг N56,"КРКА, Д.Д., НОВО МЕСТО АО","Элицея Ку-Таб таблетки 10 мг N56, КРКА, Д.Д., НОВО МЕСТО АО",107,32,32,59,,unknown,,N56,№56,N56,parsed,,Элицея Ку-Таб,Элицея Ку-Таб,таблетки,таблетки,10 мг,10 мг,"КРКА, Д.Д., НОВО МЕСТО АО",,,,yes,yes,,not_applicable,M5.0 identity and query were accepted (yes); no labeled defect to remediate.,false,false,false,true,false,false,false,false
1053,"ЭКЗОРОЛФИНЛАК ЛАК Д/НОГТЕЙ 5% ФЛ. 2,5МЛ | ПАУЛЬ В. БЕЙФЕРС ГМБХ | ПАУЛЬ В. БЕЙФЕРС ГМБХ","ЭКЗОРОЛФИНЛАК; лак, для ногтей; 5%; 2.5 мл; производитель: ПАУЛЬ В. БЕЙФЕРС ГМБХ",Экзоролфинлак; лак; 5%; 2.5 мл; ПАУЛЬ В. БЕЙФЕРС ГМБХ,Экзоролфинлак лак 5% 2.5 мл,ПАУЛЬ В. БЕЙФЕРС ГМБХ,"Экзоролфинлак; лак, для ногтей; 5%; флакон 2.5 мл, N1; производитель: ПАУЛЬ В. БЕЙФЕРС ГМБХ","Экзоролфинлак; лак; 5%; флакон 2.5 мл, N1; ПАУЛЬ В. БЕЙФЕРС ГМБХ",Экзоролфинлак лак 5% флакон 2.5 мл N1,ПАУЛЬ В. БЕЙФЕРС ГМБХ,"Экзоролфинлак лак 5% флакон 2.5 мл N1, ПАУЛЬ В. БЕЙФЕРС ГМБХ",87,27,37,60,ФЛ.,флакон,2.5 мл,N1,"ФЛ. 2,5МЛ","флакон 2.5 мл, N1",parsed,implicit_single_unit_count,Экзоролфинлак,Экзоролфинлак,лак,лак,5%,5%,ПАУЛЬ В. БЕЙФЕРС ГМБХ,implicit_single_unit_count|query_gained_container|query_gained_pack_count,implicit_single_unit_count,,uncertain,uncertain,"severity=policy_needed; reason=container_not_structured; source_pack=""фл. 100 мл""; actual_pack=""100 мл""; expected=""фл. 100 мл; count=1""; action=""add_container_and_unit_content_fields""",resolved,"Structured флакон + 2.5 мл from source ФЛ. 2,5МЛ. Reviewer note фл. 100 мл was a copy-paste error.",true,false,true,true,false,false,false,false
1668,"ЧАБРЕЦА ТРАВА Ф/П 1,5Г №20 ЗДОРОВЬЕ | Здоровье фирма ЗАО | Здоровье фирма ЗАО","ЧАБРЕЦА; трава, фильтр-пакеты; 1.5 г; N20; производитель: Здоровье фирма ЗАО",Чабреца; фильтр-пакеты; 1.5 г; N20; Здоровье фирма ЗАО,Чабреца фильтр-пакеты 1.5 г N20,Здоровье фирма ЗАО,"Чабреца; трава, фильтр-пакеты; 1.5 г; 1.5 г, N20; производитель: Здоровье фирма ЗАО","Чабреца; фильтр-пакеты; 1.5 г; 1.5 г, N20; Здоровье фирма ЗАО",Чабреца фильтр-пакеты 1.5 г N20,Здоровье фирма ЗАО,"Чабреца фильтр-пакеты 1.5 г N20, Здоровье фирма ЗАО",77,31,31,51,,unknown,1.5 г,N20,"1,5Г №20","1.5 г, N20",parsed,,Чабреца,Чабреца,фильтр-пакеты,фильтр-пакеты,1.5 г,1.5 г,Здоровье фирма ЗАО,,,,yes,yes,,not_applicable,M5.0 identity and query were accepted (yes); no labeled defect to remediate.,false,false,false,true,false,false,false,false
1765,ЦИПРОТЕРОН-ТЕВА ТАБЛ. 50МГ №50 | ТЕВА ЧЕШСКИЕ ПРЕДПРИЯТИЯ С.Р.О. | ТЕВА ЧЕШСКИЕ ПРЕДПРИЯТИЯ С.Р.О.,ЦИПРОТЕРОН-ТЕВА; таблетки; 50 мг; N50; производитель: ТЕВА ЧЕШСКИЕ ПРЕДПРИЯТИЯ С.Р.О.,Ципротерон-Тева; таблетки; 50 мг; N50; ТЕВА ЧЕШСКИЕ ПРЕДПРИЯТИЯ С.Р.О.,Ципротерон-Тева таблетки 50 мг N50,ТЕВА ЧЕШСКИЕ ПРЕДПРИЯТИЯ С.Р.О.,Ципротерон-Тева; таблетки; 50 мг; N50; производитель: ТЕВА ЧЕШСКИЕ ПРЕДПРИЯТИЯ С.Р.О.,Ципротерон-Тева; таблетки; 50 мг; N50; ТЕВА ЧЕШСКИЕ ПРЕДПРИЯТИЯ С.Р.О.,Ципротерон-Тева таблетки 50 мг N50,ТЕВА ЧЕШСКИЕ ПРЕДПРИЯТИЯ С.Р.О.,"Ципротерон-Тева таблетки 50 мг N50, ТЕВА ЧЕШСКИЕ ПРЕДПРИЯТИЯ С.Р.О.",98,34,34,67,,unknown,,N50,№50,N50,parsed,,Ципротерон-Тева,Ципротерон-Тева,таблетки,таблетки,50 мг,50 мг,ТЕВА ЧЕШСКИЕ ПРЕДПРИЯТИЯ С.Р.О.,,,,yes,yes,,not_applicable,M5.0 identity and query were accepted (yes); no labeled defect to remediate.,false,false,false,true,false,false,false,false
2023,ЦЕЛЕКОКСИБ-ТЕВА КАПС. 200МГ №30 | УОТСОН ФАРМА ПРАЙВЭТ ЛИМИТЕД | УОТСОН ФАРМА ПРАЙВЭТ ЛИМИТЕД,ЦЕЛЕКОКСИБ-ТЕВА; капсулы; 200 мг; N30; производитель: УОТСОН ФАРМА ПРАЙВЭТ ЛИМИТЕД,Целекоксиб-Тева; капсулы; 200 мг; N30; УОТСОН ФАРМА ПРАЙВЭТ ЛИМИТЕД,Целекоксиб-Тева капсулы 200 мг N30,УОТСОН ФАРМА ПРАЙВЭТ ЛИМИТЕД,Целекоксиб-Тева; капсулы; 200 мг; N30; производитель: УОТСОН ФАРМА ПРАЙВЭТ ЛИМИТЕД,Целекоксиб-Тева; капсулы; 200 мг; N30; УОТСОН ФАРМА ПРАЙВЭТ ЛИМИТЕД,Целекоксиб-Тева капсулы 200 мг N30,УОТСОН ФАРМА ПРАЙВЭТ ЛИМИТЕД,"Целекоксиб-Тева капсулы 200 мг N30, УОТСОН ФАРМА ПРАЙВЭТ ЛИМИТЕД",93,34,34,64,,unknown,,N30,№30,N30,parsed,,Целекоксиб-Тева,Целекоксиб-Тева,капсулы,капсулы,200 мг,200 мг,УОТСОН ФАРМА ПРАЙВЭТ ЛИМИТЕД,,,,yes,yes,,not_applicable,M5.0 identity and query were accepted (yes); no labeled defect to remediate.,false,false,false,true,false,false,false,false
2348,ХИЛАК ФОРТЕ КАПЛИ Д/ПРИЕМА ВНУТРЬ ВИШНЯ ФЛ. 100МЛ | МЕРКЛЕ ГМБХ | МЕРКЛЕ ГМБХ,"ХИЛАК ФОРТЕ; капли, для приема внутрь; 100 мл; ВИШНЯ; производитель: МЕРКЛЕ ГМБХ",Хилак Форте; капли; [missing_strength]; 100 мл; МЕРКЛЕ ГМБХ,Хилак Форте капли 100 мл,МЕРКЛЕ ГМБХ,"Хилак Форте; капли, для приема внутрь; флакон 100 мл, N1; ВИШНЯ; производитель: МЕРКЛЕ ГМБХ","Хилак Форте; капли; флакон 100 мл, N1; МЕРКЛЕ ГМБХ",Хилак Форте капли флакон 100 мл N1 ВИШНЯ,МЕРКЛЕ ГМБХ,"Хилак Форте капли флакон 100 мл N1 ВИШНЯ, МЕРКЛЕ ГМБХ",77,24,40,53,ФЛ.,флакон,100 мл,N1,ФЛ. 100МЛ,"флакон 100 мл, N1",parsed,implicit_single_unit_count,Хилак Форте,Хилак Форте,капли,капли,,,МЕРКЛЕ ГМБХ,implicit_single_unit_count|query_gained_container|query_gained_pack_count,implicit_single_unit_count,,uncertain,uncertain,"severity=policy_needed; reason=container_not_structured; source_pack=""фл. 100 мл""; actual_pack=""100 мл""; expected=""фл. 100 мл; count=1""; action=""add_container_and_unit_content_fields""",resolved,Structured флакон + 100 мл from source ФЛ. 100МЛ. Strength left empty (none in source).,true,false,true,true,false,false,false,false
2621,ФУРАЦИЛИН ТАБЛ. Д/Р-РА Д/МЕСТН. И НАРУЖ. ПРИМ. 20МГ №20 ТАТХИМФАРМПРЕПАРАТЫ | ТАТХИМФАРМПРЕПАРАТЫ АО | ТАТХИМФАРМПРЕПАРАТЫ АО,ФУРАЦИЛИН; таблетки; 20 мг; N20; производитель: ТАТХИМФАРМПРЕПАРАТЫ АО,Фурацилин; таблетки; 20 мг; N20; ТАТХИМФАРМПРЕПАРАТЫ АО,Фурацилин таблетки 20 мг N20,ТАТХИМФАРМПРЕПАРАТЫ АО,Фурацилин; таблетки; 20 мг; N20; производитель: ТАТХИМФАРМПРЕПАРАТЫ АО,Фурацилин; таблетки; 20 мг; N20; ТАТХИМФАРМПРЕПАРАТЫ АО,Фурацилин таблетки 20 мг N20,ТАТХИМФАРМПРЕПАРАТЫ АО,"Фурацилин таблетки 20 мг N20, ТАТХИМФАРМПРЕПАРАТЫ АО",125,28,28,52,,unknown,,N20,№20,N20,parsed,,Фурацилин,Фурацилин,таблетки,таблетки,20 мг,20 мг,ТАТХИМФАРМПРЕПАРАТЫ АО,,,,yes,yes,,not_applicable,M5.0 identity and query were accepted (yes); no labeled defect to remediate.,false,false,false,true,false,false,false,false
3027,ФЛУОКСЕТИН КАПС. 10МГ №20 ОЗОН | ОЗОН ООО | ОЗОН ООО,ФЛУОКСЕТИН; капсулы; 10 мг; N20; производитель: ОЗОН ООО,Флуоксетин; капсулы; 10 мг; N20; ОЗОН ООО,Флуоксетин капсулы 10 мг N20,ОЗОН ООО,Флуоксетин; капсулы; 10 мг; N20; производитель: ОЗОН ООО,Флуоксетин; капсулы; 10 мг; N20; ОЗОН ООО,Флуоксетин капсулы 10 мг N20,ОЗОН ООО,"Флуоксетин капсулы 10 мг N20, ОЗОН ООО",52,28,28,38,,unknown,,N20,№20,N20,parsed,,Флуоксетин,Флуоксетин,капсулы,капсулы,10 мг,10 мг,ОЗОН ООО,,,,yes,yes,,not_applicable,M5.0 identity and query were accepted (yes); no labeled defect to remediate.,false,false,false,true,false,false,false,false
3065,ФЛУКОНАЗОЛ-OBL КАПС. 150МГ №4 | ОБОЛЕНСКОЕ ФП АО | ОБОЛЕНСКОЕ ФП АО,ФЛУКОНАЗОЛ-OBL; капсулы; 150 мг; N4; производитель: ОБОЛЕНСКОЕ ФП АО,Флуконазол-OBL; капсулы; 150 мг; N4; ОБОЛЕНСКОЕ ФП АО,Флуконазол-OBL капсулы 150 мг N4,ОБОЛЕНСКОЕ ФП АО,Флуконазол-OBL; капсулы; 150 мг; N4; производитель: ОБОЛЕНСКОЕ ФП АО,Флуконазол-OBL; капсулы; 150 мг; N4; ОБОЛЕНСКОЕ ФП АО,Флуконазол-OBL капсулы 150 мг N4,ОБОЛЕНСКОЕ ФП АО,"Флуконазол-OBL капсулы 150 мг N4, ОБОЛЕНСКОЕ ФП АО",67,32,32,50,,unknown,,N4,№4,N4,parsed,,Флуконазол-OBL,Флуконазол-OBL,капсулы,капсулы,150 мг,150 мг,ОБОЛЕНСКОЕ ФП АО,,,,yes,yes,,not_applicable,M5.0 identity and query were accepted (yes); no labeled defect to remediate.,false,false,false,true,false,false,false,false
3556,"ФИЗИОТЕНЗ ТАБЛ. П/ПЛЕН/ОБ. 0,4МГ №28 ВЕРОФАРМ | ВЕРОФАРМ АО | ВЕРОФАРМ АО","ФИЗИОТЕНЗ; таблетки, покрытые пленочной оболочкой; 0.4 мг; N28; производитель: ВЕРОФАРМ АО",Физиотенз; таблетки; 0.4 мг; N28; ВЕРОФАРМ АО,Физиотенз таблетки 0.4 мг N28,ВЕРОФАРМ АО,"Физиотенз; таблетки, покрытые пленочной оболочкой; 0.4 мг; N28; производитель: ВЕРОФАРМ АО",Физиотенз; таблетки; 0.4 мг; N28; ВЕРОФАРМ АО,Физиотенз таблетки 0.4 мг N28,ВЕРОФАРМ АО,"Физиотенз таблетки 0.4 мг N28, ВЕРОФАРМ АО",73,29,29,42,,unknown,,N28,№28,N28,parsed,,Физиотенз,Физиотенз,таблетки,таблетки,0.4 мг,0.4 мг,ВЕРОФАРМ АО,,,,yes,yes,,not_applicable,M5.0 identity and query were accepted (yes); no labeled defect to remediate.,false,false,false,true,false,false,false,false
3759,ФАСПИК ГРАН. Д/Р-РА Д/ПРИЕМА ВНУТРЬ АБРИКОС 400МГ ПАК. 3Г №12 | ЗАМБОН СВИТЦЕЛАНД ЛТД. | ЗАМБОН СВИТЦЕЛАНД ЛТД.,"ФАСПИК; гранулы, для приготовления раствора для приема внутрь; 400 мг; 3 г; N12; АБРИКОС; производитель: ЗАМБОН СВИТЦЕЛАНД ЛТД.",Фаспик; порошок; 400 мг; N12; ЗАМБОН СВИТЦЕЛАНД ЛТД.,Фаспик порошок 400 мг N12,ЗАМБОН СВИТЦЕЛАНД ЛТД.,"Фаспик; гранулы, для приготовления раствора для приема внутрь; 400 мг; пакет 3 г, N12; АБРИКОС; производитель: ЗАМБОН СВИТЦЕЛАНД ЛТД.","Фаспик; гранулы; 400 мг; пакет 3 г, N12; ЗАМБОН СВИТЦЕЛАНД ЛТД.",Фаспик гранулы 400 мг пакет 3 г N12 АБРИКОС,ЗАМБОН СВИТЦЕЛАНД ЛТД.,"Фаспик гранулы 400 мг пакет 3 г N12 АБРИКОС, ЗАМБОН СВИТЦЕЛАНД ЛТД.",111,25,43,67,ПАК.,пакет,3 г,N12,ПАК. 3Г №12,"пакет 3 г, N12",parsed,,Фаспик,Фаспик,порошок,гранулы,400 мг,400 мг,ЗАМБОН СВИТЦЕЛАНД ЛТД.,form_vocab_granules_kept|query_gained_container|query_gained_unit_amount,гранулы kept as canonical; not mapped to порошок,,yes,yes,,not_applicable,M5.0 identity and query were accepted (yes); no labeled defect to remediate.,true,true,false,true,false,false,false,false
3763,ФАРМГРУПП НАСТОЙКА 5 ТРАВ УСПОКОИТЕЛЬНАЯ ФЛ. 250МЛ | ФАРМГРУПП ООО | ФАРМГРУПП ООО,ФАРМГРУПП; настойка; 250 мл; 5 ТРАВ УСПОКОИТЕЛЬНАЯ; производитель: ФАРМГРУПП ООО,Фармгрупп; настойка; [missing_strength]; 250 мл; ФАРМГРУПП ООО,Фармгрупп настойка 250 мл,ФАРМГРУПП ООО,"5 ТРАВ УСПОКОИТЕЛЬНАЯ; настойка; флакон 250 мл, N1; производитель: ФАРМГРУПП ООО","5 трав успокоительная; настойка; флакон 250 мл, N1; ФАРМГРУПП ООО",5 трав успокоительная настойка флакон 250 мл N1,ФАРМГРУПП ООО,"5 трав успокоительная настойка флакон 250 мл N1, ФАРМГРУПП ООО",82,25,47,62,ФЛ.,флакон,250 мл,N1,ФЛ. 250МЛ,"флакон 250 мл, N1",parsed,implicit_single_unit_count,Фармгрупп,5 трав успокоительная,настойка,настойка,,,ФАРМГРУПП ООО,implicit_single_unit_count|manufacturer_prefix_in_product_name|product_name_variant_needs_policy|query_gained_container|query_gained_pack_count,implicit_single_unit_count; product_name_variant_needs_policy,,no,uncertain,"severity=critical; reason=brand_role_misattributed_and_product_name_loss; source_head=""ФАРМГРУПП НАСТОЙКА 5 ТРАВ УСПОКОИТЕЛЬНАЯ""; source_manufacturer=""ФАРМГРУПП ООО""; actual_brand=""Фармгрупп""; expected_brand=""5 трав успокоительная""; lost_tokens=""5 трав|успокоительная""; actual_query=""Фармгрупп настойка 250 мл""; expected_query=""5 трав успокоительная настойка флакон 250 мл""; action=""add_manufacturer_prefix_detection_and_name_recovery_rule""",resolved,Manufacturer prefix stripped from brand; remainder 5 трав успокоительная used. Query keeps remainder+настойка+флакон+250 мл; retrieval adds ФАРМГРУПП ООО. Flagged product_name_variant_needs_policy (no invented 'средство').,true,false,true,true,false,false,false,false
3781,ФАРИНГОСЕПТ ТАБЛ. Д/РАССАС. МЕД-ЛИМОН 10МГ №20 | C.К. ТЕРАПИЯ С.А. | C.К. ТЕРАПИЯ С.А.,"ФАРИНГОСЕПТ; таблетки, для рассасывания; 10 мг; N20; МЕД-ЛИМОН; производитель: C.К. ТЕРАПИЯ С.А.",Фарингосепт; таблетки; 10 мг; N20; C.К. ТЕРАПИЯ С.А.,Фарингосепт таблетки 10 мг N20,C.К. ТЕРАПИЯ С.А.,"Фарингосепт; таблетки, для рассасывания; 10 мг; N20; МЕД-ЛИМОН; производитель: C.К. ТЕРАПИЯ С.А.",Фарингосепт; таблетки; 10 мг; N20; C.К. ТЕРАПИЯ С.А.,Фарингосепт таблетки 10 мг N20 МЕД-ЛИМОН,C.К. ТЕРАПИЯ С.А.,"Фарингосепт таблетки 10 мг N20 МЕД-ЛИМОН, C.К. ТЕРАПИЯ С.А.",86,30,40,59,,unknown,,N20,№20,N20,parsed,,Фарингосепт,Фарингосепт,таблетки,таблетки,10 мг,10 мг,C.К. ТЕРАПИЯ С.А.,,,,yes,yes,,not_applicable,M5.0 identity and query were accepted (yes); no labeled defect to remediate.,false,false,false,true,false,false,false,false
4133,УЛЬЦЕРНИЛ ТАБЛ. КИШ/РАСТ. П/ПЛЕН/ОБ. 20МГ №28 | САН ФАРМАСЬЮТИКАЛ ИНДАСТРИЗ ЛТД | САН ФАРМАСЬЮТИКАЛ ИНДАСТРИЗ ЛТД,"УЛЬЦЕРНИЛ; таблетки, кишечнорастворитые, покрытые пленочной оболочкой; 20 мг; N28; производитель: САН ФАРМАСЬЮТИКАЛ ИНДАСТРИЗ ЛТД",Ульцернил; таблетки; 20 мг; N28; САН ФАРМАСЬЮТИКАЛ ИНДАСТРИЗ ЛТД,Ульцернил таблетки 20 мг N28,САН ФАРМАСЬЮТИКАЛ ИНДАСТРИЗ ЛТД,"Ульцернил; таблетки, кишечнорастворитые, покрытые пленочной оболочкой; 20 мг; N28; производитель: САН ФАРМАСЬЮТИКАЛ ИНДАСТРИЗ ЛТД",Ульцернил; таблетки; 20 мг; N28; САН ФАРМАСЬЮТИКАЛ ИНДАСТРИЗ ЛТД,Ульцернил таблетки 20 мг N28,САН ФАРМАСЬЮТИКАЛ ИНДАСТРИЗ ЛТД,"Ульцернил таблетки 20 мг N28, САН ФАРМАСЬЮТИКАЛ ИНДАСТРИЗ ЛТД",113,28,28,61,,unknown,,N28,№28,N28,parsed,,Ульцернил,Ульцернил,таблетки,таблетки,20 мг,20 мг,САН ФАРМАСЬЮТИКАЛ ИНДАСТРИЗ ЛТД,,,,yes,yes,,not_applicable,M5.0 identity and query were accepted (yes); no labeled defect to remediate.,false,false,false,true,false,false,false,false
4403,ТРИМЕТАЗИДИН-АКОС МВ 35МГ ТАБЛ. МОДИФ. ВЫСВ. П/О №60 | БИОКОМ ЗАО | БИОКОМ ЗАО,"ТРИМЕТАЗИДИН-АКОС МВ; таблетки, покрытые оболочкой, с пролонгированным высвобождением; 35 мг; N60; производитель: БИОКОМ ЗАО",Триметазидин-Акос МВ; таблетки; 35 мг; N60; БИОКОМ ЗАО,Триметазидин-Акос МВ таблетки 35 мг N60,БИОКОМ ЗАО,"Триметазидин-Акос МВ; таблетки, покрытые оболочкой, с пролонгированным высвобождением; 35 мг; N60; производитель: БИОКОМ ЗАО",Триметазидин-Акос МВ; таблетки; 35 мг; N60; БИОКОМ ЗАО,Триметазидин-Акос МВ таблетки 35 мг N60,БИОКОМ ЗАО,"Триметазидин-Акос МВ таблетки 35 мг N60, БИОКОМ ЗАО",78,39,39,51,,unknown,,N60,№60,N60,parsed,,Триметазидин-Акос МВ,Триметазидин-Акос МВ,таблетки,таблетки,35 мг,35 мг,БИОКОМ ЗАО,,,,yes,yes,,not_applicable,M5.0 identity and query were accepted (yes); no labeled defect to remediate.,false,false,false,true,false,false,false,false
4481,ТРАНЕКСАМОВАЯ КИСЛОТА ТАБЛ. П/ПЛЕН/ОБ. 250МГ №30 МЭЗ | МОСКОВСКИЙ ЭНДОКРИННЫЙ ЗАВОД ФГУП | МОСКОВСКИЙ ЭНДОКРИННЫЙ ЗАВОД ФГУП,"ТРАНЕКСАМОВАЯ КИСЛОТА; таблетки, покрытые пленочной оболочкой; 250 мг; N30; производитель: МОСКОВСКИЙ ЭНДОКРИННЫЙ ЗАВОД ФГУП",Транексамовая Кислота; таблетки; 250 мг; N30; МОСКОВСКИЙ ЭНДОКРИННЫЙ ЗАВОД ФГУП,Транексамовая Кислота таблетки 250 мг N30,МОСКОВСКИЙ ЭНДОКРИННЫЙ ЗАВОД ФГУП,"Транексамовая Кислота; таблетки, покрытые пленочной оболочкой; 250 мг; N30; производитель: МОСКОВСКИЙ ЭНДОКРИННЫЙ ЗАВОД ФГУП",Транексамовая Кислота; таблетки; 250 мг; N30; МОСКОВСКИЙ ЭНДОКРИННЫЙ ЗАВОД ФГУП,Транексамовая Кислота таблетки 250 мг N30,МОСКОВСКИЙ ЭНДОКРИННЫЙ ЗАВОД ФГУП,"Транексамовая Кислота таблетки 250 мг N30, МОСКОВСКИЙ ЭНДОКРИННЫЙ ЗАВОД ФГУП",124,41,41,76,,unknown,,N30,№30,N30,parsed,,Транексамовая Кислота,Транексамовая Кислота,таблетки,таблетки,250 мг,250 мг,МОСКОВСКИЙ ЭНДОКРИННЫЙ ЗАВОД ФГУП,,,,yes,yes,,not_applicable,M5.0 identity and query were accepted (yes); no labeled defect to remediate.,false,false,false,true,false,false,false,false
4487,ТРАНЕКСАМОВАЯ КИСЛОТА Р-Р ДЛЯ В/В ВВЕД. 50МГ/МЛ АМП. 5МЛ №10 МЭЗ | МОСКОВСКИЙ ЭНДОКРИННЫЙ ЗАВОД ФГУП | МОСКОВСКИЙ ЭНДОКРИННЫЙ ЗАВОД ФГУП,"ТРАНЕКСАМОВАЯ КИСЛОТА; раствор, для инъекций; 50 мг/мл; 5 мл; N10; производитель: МОСКОВСКИЙ ЭНДОКРИННЫЙ ЗАВОД ФГУП",Транексамовая Кислота; раствор; 50 мг/мл; N10; МОСКОВСКИЙ ЭНДОКРИННЫЙ ЗАВОД ФГУП,Транексамовая Кислота раствор 50 мг/мл N10,МОСКОВСКИЙ ЭНДОКРИННЫЙ ЗАВОД ФГУП,"Транексамовая Кислота; раствор, для инъекций; 50 мг/мл; ампула 5 мл, N10; производитель: МОСКОВСКИЙ ЭНДОКРИННЫЙ ЗАВОД ФГУП","Транексамовая Кислота; раствор; 50 мг/мл; ампула 5 мл, N10; МОСКОВСКИЙ ЭНДОКРИННЫЙ ЗАВОД ФГУП",Транексамовая Кислота раствор 50 мг/мл ампула 5 мл N10,МОСКОВСКИЙ ЭНДОКРИННЫЙ ЗАВОД ФГУП,"Транексамовая Кислота раствор 50 мг/мл ампула 5 мл N10, МОСКОВСКИЙ ЭНДОКРИННЫЙ ЗАВОД ФГУП",136,42,54,89,АМП.,ампула,5 мл,N10,АМП. 5МЛ №10,"ампула 5 мл, N10",parsed,,Транексамовая Кислота,Транексамовая Кислота,раствор,раствор,50 мг/мл,50 мг/мл,МОСКОВСКИЙ ЭНДОКРИННЫЙ ЗАВОД ФГУП,query_gained_container|query_gained_unit_amount,,,no,no,"severity=major; reason=unit_volume_and_container_lost; source_pack=""амп. 5 мл N10""; actual_pack=""N10""; expected=""амп. 5 мл N10""; action=""add_container_and_unit_content_fields""",resolved,Structured ампула + 5 мл + N10 from source АМП. 5МЛ №10. Strength 50 мг/мл kept.,true,true,false,true,false,false,false,false
4593,ТОРАСЕМИД ТАБЛ. 10МГ №20 ОЗОН | ОЗОН ООО | ОЗОН ООО,ТОРАСЕМИД; таблетки; 10 мг; N20; производитель: ОЗОН ООО,Торасемид; таблетки; 10 мг; N20; ОЗОН ООО,Торасемид таблетки 10 мг N20,ОЗОН ООО,Торасемид; таблетки; 10 мг; N20; производитель: ОЗОН ООО,Торасемид; таблетки; 10 мг; N20; ОЗОН ООО,Торасемид таблетки 10 мг N20,ОЗОН ООО,"Торасемид таблетки 10 мг N20, ОЗОН ООО",51,28,28,38,,unknown,,N20,№20,N20,parsed,,Торасемид,Торасемид,таблетки,таблетки,10 мг,10 мг,ОЗОН ООО,,,,yes,yes,,not_applicable,M5.0 identity and query were accepted (yes); no labeled defect to remediate.,false,false,false,true,false,false,false,false
4684,ТОЛПЕРИЗОН ТАБЛ. П/ПЛЕН/ОБ. 150МГ №30 ОЗОН | ОЗОН ООО | ОЗОН ООО,"ТОЛПЕРИЗОН; таблетки, покрытые пленочной оболочкой; 150 мг; N30; производитель: ОЗОН ООО",Толперизон; таблетки; 150 мг; N30; ОЗОН ООО,Толперизон таблетки 150 мг N30,ОЗОН ООО,"Толперизон; таблетки, покрытые пленочной оболочкой; 150 мг; N30; производитель: ОЗОН ООО",Толперизон; таблетки; 150 мг; N30; ОЗОН ООО,Толперизон таблетки 150 мг N30,ОЗОН ООО,"Толперизон таблетки 150 мг N30, ОЗОН ООО",64,30,30,40,,unknown,,N30,№30,N30,parsed,,Толперизон,Толперизон,таблетки,таблетки,150 мг,150 мг,ОЗОН ООО,,,,yes,yes,,not_applicable,M5.0 identity and query were accepted (yes); no labeled defect to remediate.,false,false,false,true,false,false,false,false
4922,ТЕРМИКОН СПРЕЙ Д/НАРУЖ. ПРИМ. 1% ФЛ. 30Г | ФАРМСТАНДАРТ-ЛЕКСРЕДСТВА ОАО | ФАРМСТАНДАРТ-ЛЕКСРЕДСТВА ОАО,"ТЕРМИКОН; спрей, для наружного применения; 1%; 30 г; производитель: ФАРМСТАНДАРТ-ЛЕКСРЕДСТВА ОАО",Термикон; спрей; 1%; 30 г; ФАРМСТАНДАРТ-ЛЕКСРЕДСТВА ОАО,Термикон спрей 1% 30 г,ФАРМСТАНДАРТ-ЛЕКСРЕДСТВА ОАО,"Термикон; спрей, для наружного применения; 1%; флакон 30 г, N1; производитель: ФАРМСТАНДАРТ-ЛЕКСРЕДСТВА ОАО","Термикон; спрей; 1%; флакон 30 г, N1; ФАРМСТАНДАРТ-ЛЕКСРЕДСТВА ОАО",Термикон спрей 1% флакон 30 г N1,ФАРМСТАНДАРТ-ЛЕКСРЕДСТВА ОАО,"Термикон спрей 1% флакон 30 г N1, ФАРМСТАНДАРТ-ЛЕКСРЕДСТВА ОАО",102,22,32,62,ФЛ.,флакон,30 г,N1,ФЛ. 30Г,"флакон 30 г, N1",parsed,implicit_single_unit_count,Термикон,Термикон,спрей,спрей,1%,1%,ФАРМСТАНДАРТ-ЛЕКСРЕДСТВА ОАО,implicit_single_unit_count|query_gained_container|query_gained_pack_count,implicit_single_unit_count,,uncertain,uncertain,"severity=policy_needed; reason=container_not_structured; source_pack=""фл. 30 г""; actual_pack=""30 г""; expected=""фл. 30 г; count=1""; action=""add_container_and_unit_content_fields""",resolved,Structured флакон + 30 г from source ФЛ. 30Г.,true,false,true,true,false,false,false,false
4924,ТЕРМИКОН КРЕМ Д/НАРУЖ. ПРИМ. 1% ТУБА 15Г | ЛЕККО ЗАО | ЛЕККО ЗАО,"ТЕРМИКОН; крем, для наружного применения; 1%; 15 г; производитель: ЛЕККО ЗАО",Термикон; крем; 1%; 15 г; ЛЕККО ЗАО,Термикон крем 1% 15 г,ЛЕККО ЗАО,"Термикон; крем, для наружного применения; 1%; туба 15 г, N1; производитель: ЛЕККО ЗАО","Термикон; крем; 1%; туба 15 г, N1; ЛЕККО ЗАО",Термикон крем 1% туба 15 г N1,ЛЕККО ЗАО,"Термикон крем 1% туба 15 г N1, ЛЕККО ЗАО",64,21,29,40,ТУБА,туба,15 г,N1,ТУБА 15Г,"туба 15 г, N1",parsed,implicit_single_unit_count,Термикон,Термикон,крем,крем,1%,1%,ЛЕККО ЗАО,implicit_single_unit_count|query_gained_container|query_gained_pack_count,implicit_single_unit_count,,uncertain,uncertain,"severity=policy_needed; reason=container_not_structured; source_pack=""фл. 30 г""; actual_pack=""30 г""; expected=""фл. 30 г; count=1""; action=""add_container_and_unit_content_fields""",resolved,Structured туба + 15 г from actual source ТУБА 15Г. Reviewer note фл. 30 г was a copy-paste error.,true,false,true,true,false,false,false,false
5010,ТЕРАФЛЕКС КАПС. 500МГ+400МГ №200 МАКИЗ-ФАРМА | МАКИЗ-ФАРМА | МАКИЗ-ФАРМА,ТЕРАФЛЕКС; капсулы; 500 мг + 400 мг; N200; производитель: МАКИЗ-ФАРМА,Терафлекс; капсулы; 500 мг + 400 мг; N200; МАКИЗ-ФАРМА,Терафлекс капсулы 500 мг + 400 мг N200,МАКИЗ-ФАРМА,Терафлекс; капсулы; 500 мг + 400 мг; N200; производитель: МАКИЗ-ФАРМА,Терафлекс; капсулы; 500 мг + 400 мг; N200; МАКИЗ-ФАРМА,Терафлекс капсулы 500 мг + 400 мг N200,МАКИЗ-ФАРМА,"Терафлекс капсулы 500 мг + 400 мг N200, МАКИЗ-ФАРМА",72,38,38,51,,unknown,,N200,№200,N200,parsed,,Терафлекс,Терафлекс,капсулы,капсулы,500 мг + 400 мг,500 мг + 400 мг,МАКИЗ-ФАРМА,,,,yes,yes,,not_applicable,M5.0 identity and query were accepted (yes); no labeled defect to remediate.,false,false,false,true,false,false,false,false
5258,"ТАМСУЛОЗИН КАНОН КАПС. КИШ/РАСТ. ПРОЛОНГ. ВЫСВ. 0,4МГ №30 | КАНОНФАРМА ПРОДАКШН ЗАО | КАНОНФАРМА ПРОДАКШН ЗАО","ТАМСУЛОЗИН КАНОН; капсулы, кишечнорастворимые, с пролонгированным высвобождением; 0.4 мг; N30; производитель: КАНОНФАРМА ПРОДАКШН ЗАО",Тамсулозин Канон; капсулы; 0.4 мг; N30; КАНОНФАРМА ПРОДАКШН ЗАО,Тамсулозин Канон капсулы 0.4 мг N30,КАНОНФАРМА ПРОДАКШН ЗАО,"Тамсулозин Канон; капсулы, кишечнорастворимые, с пролонгированным высвобождением; 0.4 мг; N30; производитель: КАНОНФАРМА ПРОДАКШН ЗАО",Тамсулозин Канон; капсулы; 0.4 мг; N30; КАНОНФАРМА ПРОДАКШН ЗАО,Тамсулозин Канон капсулы 0.4 мг N30,КАНОНФАРМА ПРОДАКШН ЗАО,"Тамсулозин Канон капсулы 0.4 мг N30, КАНОНФАРМА ПРОДАКШН ЗАО",109,35,35,60,,unknown,,N30,№30,N30,parsed,,Тамсулозин Канон,Тамсулозин Канон,капсулы,капсулы,0.4 мг,0.4 мг,КАНОНФАРМА ПРОДАКШН ЗАО,,,,yes,yes,,not_applicable,M5.0 identity and query were accepted (yes); no labeled defect to remediate.,false,false,false,true,false,false,false,false
5267,ТАМОКСИФЕН ТАБЛ. 20МГ №30 ОЗОН | ОЗОН ООО | ОЗОН ООО,ТАМОКСИФЕН; таблетки; 20 мг; N30; производитель: ОЗОН ООО,Тамоксифен; таблетки; 20 мг; N30; ОЗОН ООО,Тамоксифен таблетки 20 мг N30,ОЗОН ООО,Тамоксифен; таблетки; 20 мг; N30; производитель: ОЗОН ООО,Тамоксифен; таблетки; 20 мг; N30; ОЗОН ООО,Тамоксифен таблетки 20 мг N30,ОЗОН ООО,"Тамоксифен таблетки 20 мг N30, ОЗОН ООО",52,29,29,39,,unknown,,N30,№30,N30,parsed,,Тамоксифен,Тамоксифен,таблетки,таблетки,20 мг,20 мг,ОЗОН ООО,,,,yes,yes,,not_applicable,M5.0 identity and query were accepted (yes); no labeled defect to remediate.,false,false,false,true,false,false,false,false
5270,ТАМИФЛЮ КАПС. 75МГ №10 | ДЕЛФАРМ МИЛАНО С.Р.Л./Ф.ХОФФМАНН-ЛЯ РОШ ЛТД/СЕНЕКСИ С.А.С. | ДЕЛФАРМ МИЛАНО С.Р.Л./Ф.ХОФФМАНН-ЛЯ РОШ ЛТД/СЕНЕКСИ С.А.С.,ТАМИФЛЮ; капсулы; 75 мг; N10; производитель: ДЕЛФАРМ МИЛАНО С.Р.Л./Ф.ХОФФМАНН-ЛЯ РОШ ЛТД/СЕНЕКСИ С.А.С.,Тамифлю; капсулы; 75 мг; N10; ДЕЛФАРМ МИЛАНО С.Р.Л./Ф.ХОФФМАНН-ЛЯ РОШ ЛТД/СЕНЕКСИ С.А.С.,Тамифлю капсулы 75 мг N10,ДЕЛФАРМ МИЛАНО С.Р.Л./Ф.ХОФФМАНН-ЛЯ РОШ ЛТД/СЕНЕКСИ С.А.С.,Тамифлю; капсулы; 75 мг; N10; производитель: ДЕЛФАРМ МИЛАНО С.Р.Л./Ф.ХОФФМАНН-ЛЯ РОШ ЛТД/СЕНЕКСИ С.А.С.,Тамифлю; капсулы; 75 мг; N10; ДЕЛФАРМ МИЛАНО С.Р.Л./Ф.ХОФФМАНН-ЛЯ РОШ ЛТД/СЕНЕКСИ С.А.С.,Тамифлю капсулы 75 мг N10,ДЕЛФАРМ МИЛАНО С.Р.Л./Ф.ХОФФМАНН-ЛЯ РОШ ЛТД/СЕНЕКСИ С.А.С.,"Тамифлю капсулы 75 мг N10, ДЕЛФАРМ МИЛАНО С.Р.Л./Ф.ХОФФМАНН-ЛЯ РОШ ЛТД/СЕНЕКСИ С.А.С.",144,25,25,85,,unknown,,N10,№10,N10,parsed,,Тамифлю,Тамифлю,капсулы,капсулы,75 мг,75 мг,ДЕЛФАРМ МИЛАНО С.Р.Л./Ф.ХОФФМАНН-ЛЯ РОШ ЛТД/СЕНЕКСИ С.А.С.,manufacturer_multi_entity_retained,,,yes,yes,,not_applicable,M5.0 identity and query were accepted (yes); no labeled defect to remediate.,false,false,false,true,false,false,false,false
5322,"ТАВОЛГА ВЯЗОЛИСТНАЯ (ЛАБАЗНИК) ТРАВА Ф/П 1,5Г №20 ХЕРБЕС | ХЕРБЕС ООО | ХЕРБЕС ООО","ТАВОЛГА ВЯЗОЛИСТНАЯ (ЛАБАЗНИК); трава, фильтр-пакеты; 1.5 г; N20; производитель: ХЕРБЕС ООО",Таволга Вязолистная (лабазник); фильтр-пакеты; 1.5 г; N20; ХЕРБЕС ООО,Таволга Вязолистная (лабазник) фильтр-пакеты 1.5 г N20,ХЕРБЕС ООО,"Таволга Вязолистная (лабазник); трава, фильтр-пакеты; 1.5 г; 1.5 г, N20; производитель: ХЕРБЕС ООО","Таволга Вязолистная (лабазник); фильтр-пакеты; 1.5 г; 1.5 г, N20; ХЕРБЕС ООО",Таволга Вязолистная (лабазник) фильтр-пакеты 1.5 г N20,ХЕРБЕС ООО,"Таволга Вязолистная (лабазник) фильтр-пакеты 1.5 г N20, ХЕРБЕС ООО",82,54,54,66,,unknown,1.5 г,N20,"1,5Г №20","1.5 г, N20",parsed,,Таволга Вязолистная (лабазник),Таволга Вязолистная (лабазник),фильтр-пакеты,фильтр-пакеты,1.5 г,1.5 г,ХЕРБЕС ООО,,,,,,,not_applicable,M5.0 labels blank; row was not in the reviewed 50-sample (blank is not treated as yes).,false,false,false,true,false,false,false,false
7275,САНОВАСК ТАБЛ. П/КИШ/РАСТ/ПЛЕН/ОБ. 50МГ №30 | ИРБИТСКИЙ ХИМЗАВОД ОАО | ИРБИТСКИЙ ХИМЗАВОД ОАО,"САНОВАСК; таблетки, кишечнорастворитые, покрытые пленочной оболочкой; 50 мг; N30; производитель: ИРБИТСКИЙ ХИМЗАВОД ОАО",Сановаск; таблетки; 50 мг; N30; ИРБИТСКИЙ ХИМЗАВОД ОАО,Сановаск таблетки 50 мг N30,ИРБИТСКИЙ ХИМЗАВОД ОАО,"Сановаск; таблетки, кишечнорастворитые, покрытые пленочной оболочкой; 50 мг; N30; производитель: ИРБИТСКИЙ ХИМЗАВОД ОАО",Сановаск; таблетки; 50 мг; N30; ИРБИТСКИЙ ХИМЗАВОД ОАО,Сановаск таблетки 50 мг N30,ИРБИТСКИЙ ХИМЗАВОД ОАО,"Сановаск таблетки 50 мг N30, ИРБИТСКИЙ ХИМЗАВОД ОАО",93,27,27,51,,unknown,,N30,№30,N30,parsed,,Сановаск,Сановаск,таблетки,таблетки,50 мг,50 мг,ИРБИТСКИЙ ХИМЗАВОД ОАО,,,,,,,not_applicable,M5.0 labels blank; row was not in the reviewed 50-sample (blank is not treated as yes).,false,false,false,true,false,false,false,false
7625,РОСИНСУЛИН С МЕДСИНТЕЗ СУСП. ДЛЯ П/К ВВЕД. 100МЕ/МЛ КАРТРИДЖ 3МЛ №5 | ЗАВОД МЕДСИНТЕЗ ООО | ЗАВОД МЕДСИНТЕЗ ООО,РОСИНСУЛИН С МЕДСИНТЕЗ; суспензия; 100 МЕ/мл; 3 мл; N5; производитель: ЗАВОД МЕДСИНТЕЗ ООО,Росинсулин С Медсинтез; суспензия; 100 МЕ/мл; N5; ЗАВОД МЕДСИНТЕЗ ООО,Росинсулин С Медсинтез суспензия 100 МЕ/мл N5,ЗАВОД МЕДСИНТЕЗ ООО,"Росинсулин С Медсинтез; суспензия; 100 МЕ/мл; картридж 3 мл, N5; производитель: ЗАВОД МЕДСИНТЕЗ ООО","Росинсулин С Медсинтез; суспензия; 100 МЕ/мл; картридж 3 мл, N5; ЗАВОД МЕДСИНТЕЗ ООО",Росинсулин С Медсинтез суспензия 100 МЕ/мл картридж 3 мл N5,ЗАВОД МЕДСИНТЕЗ ООО,"Росинсулин С Медсинтез суспензия 100 МЕ/мл картридж 3 мл N5, ЗАВОД МЕДСИНТЕЗ ООО",111,45,59,80,КАРТРИДЖ,контейнер,3 мл,N5,КАРТРИДЖ 3МЛ №5,"картридж 3 мл, N5",parsed,cartridge_mapped_to_container,Росинсулин С Медсинтез,Росинсулин С Медсинтез,суспензия,суспензия,100 МЕ/мл,100 МЕ/мл,ЗАВОД МЕДСИНТЕЗ ООО,container_cartridge_mapped|query_gained_container|query_gained_unit_amount,cartridge_mapped_to_container,,,,,not_applicable,M5.0 labels blank; row was not in the reviewed 50-sample (blank is not treated as yes).,true,true,false,true,false,false,false,false
7803,РОЗУВАСТАТИН-ТАД ТАБЛ. П/ПЛЕН/ОБ. 20МГ №30 | Крка-Рус ООО | Крка-Рус ООО,"РОЗУВАСТАТИН-ТАД; таблетки, покрытые пленочной оболочкой; 20 мг; N30; производитель: Крка-Рус ООО",Розувастатин-ТАД; таблетки; 20 мг; N30; Крка-Рус ООО,Розувастатин-ТАД таблетки 20 мг N30,Крка-Рус ООО,"Розувастатин-ТАД; таблетки, покрытые пленочной оболочкой; 20 мг; N30; производитель: Крка-Рус ООО",Розувастатин-ТАД; таблетки; 20 мг; N30; Крка-Рус ООО,Розувастатин-ТАД таблетки 20 мг N30,Крка-Рус ООО,"Розувастатин-ТАД таблетки 20 мг N30, Крка-Рус ООО",72,35,35,49,,unknown,,N30,№30,N30,parsed,,Розувастатин-ТАД,Розувастатин-ТАД,таблетки,таблетки,20 мг,20 мг,Крка-Рус ООО,,,,,,,not_applicable,M5.0 labels blank; row was not in the reviewed 50-sample (blank is not treated as yes).,false,false,false,true,false,false,false,false
7816,РОЗУВАСТАТИН ТАБЛ. П/ПЛЕН/ОБ. 20МГ №90 ОЗОН | ОЗОН ООО | ОЗОН ООО,"РОЗУВАСТАТИН; таблетки, покрытые пленочной оболочкой; 20 мг; N90; производитель: ОЗОН ООО",Розувастатин; таблетки; 20 мг; N90; ОЗОН ООО,Розувастатин таблетки 20 мг N90,ОЗОН ООО,"Розувастатин; таблетки, покрытые пленочной оболочкой; 20 мг; N90; производитель: ОЗОН ООО",Розувастатин; таблетки; 20 мг; N90; ОЗОН ООО,Розувастатин таблетки 20 мг N90,ОЗОН ООО,"Розувастатин таблетки 20 мг N90, ОЗОН ООО",65,31,31,41,,unknown,,N90,№90,N90,parsed,,Розувастатин,Розувастатин,таблетки,таблетки,20 мг,20 мг,ОЗОН ООО,,,,,,,not_applicable,M5.0 labels blank; row was not in the reviewed 50-sample (blank is not treated as yes).,false,false,false,true,false,false,false,false
7858,РОЗУВАСТАТИН РЕНЕВАЛ ТАБЛ. П/ПЛЕН/ОБ. 10МГ №30 | ОБНОВЛЕНИЕ ПФК АО | ОБНОВЛЕНИЕ ПФК АО,"РОЗУВАСТАТИН РЕНЕВАЛ; таблетки, покрытые пленочной оболочкой; 10 мг; N30; производитель: ОБНОВЛЕНИЕ ПФК АО",Розувастатин Реневал; таблетки; 10 мг; N30; ОБНОВЛЕНИЕ ПФК АО,Розувастатин Реневал таблетки 10 мг N30,ОБНОВЛЕНИЕ ПФК АО,"Розувастатин Реневал; таблетки, покрытые пленочной оболочкой; 10 мг; N30; производитель: ОБНОВЛЕНИЕ ПФК АО",Розувастатин Реневал; таблетки; 10 мг; N30; ОБНОВЛЕНИЕ ПФК АО,Розувастатин Реневал таблетки 10 мг N30,ОБНОВЛЕНИЕ ПФК АО,"Розувастатин Реневал таблетки 10 мг N30, ОБНОВЛЕНИЕ ПФК АО",86,39,39,58,,unknown,,N30,№30,N30,parsed,,Розувастатин Реневал,Розувастатин Реневал,таблетки,таблетки,10 мг,10 мг,ОБНОВЛЕНИЕ ПФК АО,,,,,,,not_applicable,M5.0 labels blank; row was not in the reviewed 50-sample (blank is not treated as yes).,false,false,false,true,false,false,false,false
8055,РИМАСОПТ ВМ КАПЛИ ГЛАЗНЫЕ 2МГ/МЛ+5МГ/МЛ ФЛ. 5МЛ №1 | Уорлд медицин илач сан. ве тидж. Аш | Уорлд медицин илач сан. ве тидж. Аш,"РИМАСОПТ ВМ; капли, глазные; 2 мг/мл + 5 мг/мл; 5 мл; N1; производитель: Уорлд медицин илач сан. ве тидж. Аш",Римасопт ВМ; капли; 2 мг/мл + 5 мг/мл; N1; Уорлд медицин илач сан. ве тидж. Аш,Римасопт ВМ капли 2 мг/мл + 5 мг/мл N1,Уорлд медицин илач сан. ве тидж. Аш,"Римасопт ВМ; капли, глазные; 2 мг/мл + 5 мг/мл; флакон 5 мл, N1; производитель: Уорлд медицин илач сан. ве тидж. Аш","Римасопт ВМ; капли; 2 мг/мл + 5 мг/мл; флакон 5 мл, N1; Уорлд медицин илач сан. ве тидж. Аш",Римасопт ВМ капли 2 мг/мл + 5 мг/мл флакон 5 мл N1,Уорлд медицин илач сан. ве тидж. Аш,"Римасопт ВМ капли 2 мг/мл + 5 мг/мл флакон 5 мл N1, Уорлд медицин илач сан. ве тидж. Аш",126,38,50,87,ФЛ.,флакон,5 мл,N1,ФЛ. 5МЛ №1,"флакон 5 мл, N1",parsed,,Римасопт ВМ,Римасопт ВМ,капли,капли,2 мг/мл + 5 мг/мл,2 мг/мл + 5 мг/мл,Уорлд медицин илач сан. ве тидж. Аш,query_gained_container|query_gained_unit_amount,,,no,no,"severity=major; reason=unit_volume_and_container_lost; source_pack=""фл. 5 мл N1""; actual_pack=""N1""; expected=""фл. 5 мл N1""; action=""add_container_and_unit_content_fields""",resolved,Structured флакон + 5 мл + N1 from source ФЛ. 5МЛ №1. Multi-component strength kept.,true,true,false,true,false,false,false,false
8201,РЕПЕШОК ОБЫКНОВЕННЫЙ ТРАВА 50Г ЭВАЛАР | ЭВАЛАР ЗАО | ЭВАЛАР ЗАО,РЕПЕШОК ОБЫКНОВЕННЫЙ; трава; 50 г; производитель: ЭВАЛАР ЗАО,Репешок Обыкновенный; трава; [missing_strength]; 50 г; ЭВАЛАР ЗАО,Репешок Обыкновенный трава 50 г,ЭВАЛАР ЗАО,Репешок Обыкновенный; трава; 50 г; производитель: ЭВАЛАР ЗАО,Репешок Обыкновенный; трава; 50 г; ЭВАЛАР ЗАО,Репешок Обыкновенный трава 50 г,ЭВАЛАР ЗАО,"Репешок Обыкновенный трава 50 г, ЭВАЛАР ЗАО",63,31,31,43,,unknown,50 г,,50Г,50 г,partial,,Репешок Обыкновенный,Репешок Обыкновенный,трава,трава,,,ЭВАЛАР ЗАО,,,,,,,not_applicable,M5.0 labels blank; row was not in the reviewed 50-sample (blank is not treated as yes).,false,false,false,true,false,false,false,false
8753,ПРОСТАНОРМ ЭКСТРАКТ Д/ПРИЕМА ВНУТРЬ ЖИДК. ФЛ. 100МЛ | ФАРМВИЛАР НПО ООО | ФАРМВИЛАР НПО ООО,"ПРОСТАНОРМ; экстракт жидкий, для приема внутрь; 100 мл; производитель: ФАРМВИЛАР НПО ООО",Простанорм; раствор; [missing_strength]; 100 мл; ФАРМВИЛАР НПО ООО,Простанорм раствор 100 мл,ФАРМВИЛАР НПО ООО,"Простанорм; экстракт жидкий, для приема внутрь; флакон 100 мл, N1; производитель: ФАРМВИЛАР НПО ООО","Простанорм; раствор; флакон 100 мл, N1; ФАРМВИЛАР НПО ООО",Простанорм раствор флакон 100 мл N1,ФАРМВИЛАР НПО ООО,"Простанорм раствор флакон 100 мл N1, ФАРМВИЛАР НПО ООО",91,25,35,54,ФЛ.,флакон,100 мл,N1,ФЛ. 100МЛ,"флакон 100 мл, N1",parsed,implicit_single_unit_count,Простанорм,Простанорм,раствор,раствор,,,ФАРМВИЛАР НПО ООО,implicit_single_unit_count|query_gained_container|query_gained_pack_count,implicit_single_unit_count,,,,,not_applicable,M5.0 labels blank; row was not in the reviewed 50-sample (blank is not treated as yes).,true,false,true,true,false,false,false,false
9197,ПОМОГУША СИРОП ДЕТСКИЙ ДЛЯ ДЕТЕЙ С 3-Х ЛЕТ ПРОТИВОПРОСТУДНЫЙ 100МЛ | ЮГ ООО | ЮГ ООО,ПОМОГУША; сироп; 100 мл; ДЕТСКИЙ ДЛЯ ДЕТЕЙ С 3-Х ЛЕТ ПРОТИВОПРОСТУДНЫЙ; производитель: ЮГ ООО,Помогуша; сироп; [missing_strength]; 100 мл; ЮГ ООО,Помогуша сироп 100 мл,ЮГ ООО,Помогуша; сироп; 100 мл; производитель: ЮГ ООО,Помогуша; сироп; 100 мл; ЮГ ООО,Помогуша сироп 100 мл,ЮГ ООО,"Помогуша сироп 100 мл, ЮГ ООО",84,21,21,29,,unknown,100 мл,,100МЛ,100 мл,partial,,Помогуша,Помогуша,сироп,сироп,,,ЮГ ООО,,,,,,,not_applicable,M5.0 labels blank; row was not in the reviewed 50-sample (blank is not treated as yes).,false,false,false,true,false,false,false,false
9301,ПОЛЫНИ ГОРЬКОЙ ТРАВА 50Г ФИТОФАРМ | ФИТОФАРМ ООО | ФИТОФАРМ ООО,ПОЛЫНИ ГОРЬКОЙ; трава; 50 г; производитель: ФИТОФАРМ ООО,Полыни Горькой; трава; [missing_strength]; 50 г; ФИТОФАРМ ООО,Полыни Горькой трава 50 г,ФИТОФАРМ ООО,Полыни Горькой; трава; 50 г; производитель: ФИТОФАРМ ООО,Полыни Горькой; трава; 50 г; ФИТОФАРМ ООО,Полыни Горькой трава 50 г,ФИТОФАРМ ООО,"Полыни Горькой трава 50 г, ФИТОФАРМ ООО",63,25,25,39,,unknown,50 г,,50Г,50 г,partial,,Полыни Горькой,Полыни Горькой,трава,трава,,,ФИТОФАРМ ООО,,,,,,,not_applicable,M5.0 labels blank; row was not in the reviewed 50-sample (blank is not treated as yes).,false,false,false,true,false,false,false,false
9511,ПИОНА НАСТОЙКА РЕНЕВАЛ ФЛ. 25МЛ | ОБНОВЛЕНИЕ ПФК АО | ОБНОВЛЕНИЕ ПФК АО,ПИОНА РЕНЕВАЛ; настойка; 25 мл; производитель: ОБНОВЛЕНИЕ ПФК АО,Пиона Реневал; настойка; [missing_strength]; 25 мл; ОБНОВЛЕНИЕ ПФК АО,Пиона Реневал настойка 25 мл,ОБНОВЛЕНИЕ ПФК АО,"Пиона Реневал; настойка; флакон 25 мл, N1; производитель: ОБНОВЛЕНИЕ ПФК АО","Пиона Реневал; настойка; флакон 25 мл, N1; ОБНОВЛЕНИЕ ПФК АО",Пиона Реневал настойка флакон 25 мл N1,ОБНОВЛЕНИЕ ПФК АО,"Пиона Реневал настойка флакон 25 мл N1, ОБНОВЛЕНИЕ ПФК АО",71,28,38,57,ФЛ.,флакон,25 мл,N1,ФЛ. 25МЛ,"флакон 25 мл, N1",parsed,implicit_single_unit_count,Пиона Реневал,Пиона Реневал,настойка,настойка,,,ОБНОВЛЕНИЕ ПФК АО,implicit_single_unit_count|query_gained_container|query_gained_pack_count,implicit_single_unit_count,,,,,not_applicable,M5.0 labels blank; row was not in the reviewed 50-sample (blank is not treated as yes).,true,false,true,true,false,false,false,false
9941,ПАРОДОНТОЦИД ОПОЛАСКИВАТЕЛЬ ДЛЯ ПОЛОСТИ РТА 250МЛ | МОСКОВСКАЯ ФФ | МОСКОВСКАЯ ФФ,ПАРОДОНТОЦИД; ополаскиватель; 250 мл; ДЛЯ ПОЛОСТИ РТА; производитель: МОСКОВСКАЯ ФФ,Пародонтоцид; [missing_form]; [missing_strength]; 250 мл; МОСКОВСКАЯ ФФ,Пародонтоцид ОПОЛАСКИВАТЕЛЬ 250 мл,МОСКОВСКАЯ ФФ,Пародонтоцид; ополаскиватель; 250 мл; производитель: МОСКОВСКАЯ ФФ,Пародонтоцид; ополаскиватель; 250 мл; МОСКОВСКАЯ ФФ,Пародонтоцид ополаскиватель 250 мл,МОСКОВСКАЯ ФФ,"Пародонтоцид ополаскиватель 250 мл, МОСКОВСКАЯ ФФ",81,34,34,49,,unknown,250 мл,,250МЛ,250 мл,partial,,Пародонтоцид,Пародонтоцид,unknown,ополаскиватель,,,МОСКОВСКАЯ ФФ,form_vocab_mouthwash_kept,ополаскиватель added to canonical vocabulary,,,,,not_applicable,M5.0 labels blank; row was not in the reviewed 50-sample (blank is not treated as yes).,false,false,false,true,false,false,false,false
10046,ПАПАВЕРИН ТАБЛ. 40МГ №10 ИРБИТСКИЙ ХФЗ | ИРБИТСКИЙ ХИМЗАВОД ОАО | ИРБИТСКИЙ ХИМЗАВОД ОАО,ПАПАВЕРИН; таблетки; 40 мг; N10; производитель: ИРБИТСКИЙ ХИМЗАВОД ОАО,Папаверин; таблетки; 40 мг; N10; ИРБИТСКИЙ ХИМЗАВОД ОАО,Папаверин таблетки 40 мг N10,ИРБИТСКИЙ ХИМЗАВОД ОАО,Папаверин; таблетки; 40 мг; N10; производитель: ИРБИТСКИЙ ХИМЗАВОД ОАО,Папаверин; таблетки; 40 мг; N10; ИРБИТСКИЙ ХИМЗАВОД ОАО,Папаверин таблетки 40 мг N10,ИРБИТСКИЙ ХИМЗАВОД ОАО,"Папаверин таблетки 40 мг N10, ИРБИТСКИЙ ХИМЗАВОД ОАО",88,28,28,52,,unknown,,N10,№10,N10,parsed,,Папаверин,Папаверин,таблетки,таблетки,40 мг,40 мг,ИРБИТСКИЙ ХИМЗАВОД ОАО,,,,,,,not_applicable,M5.0 labels blank; row was not in the reviewed 50-sample (blank is not treated as yes).,false,false,false,true,false,false,false,false
10536,ОМЕПРАЗОЛ-ОBL КАПС. КИШ/РАСТ. 20МГ №28 | ОБОЛЕНСКОЕ ФП АО | ОБОЛЕНСКОЕ ФП АО,"ОМЕПРАЗОЛ-ОBL; капсулы, кишечнорастворимые; 20 мг; N28; производитель: ОБОЛЕНСКОЕ ФП АО",Омепразол-ОBL; капсулы; 20 мг; N28; ОБОЛЕНСКОЕ ФП АО,Омепразол-ОBL капсулы 20 мг N28,ОБОЛЕНСКОЕ ФП АО,"Омепразол-ОBL; капсулы, кишечнорастворимые; 20 мг; N28; производитель: ОБОЛЕНСКОЕ ФП АО",Омепразол-ОBL; капсулы; 20 мг; N28; ОБОЛЕНСКОЕ ФП АО,Омепразол-ОBL капсулы 20 мг N28,ОБОЛЕНСКОЕ ФП АО,"Омепразол-ОBL капсулы 20 мг N28, ОБОЛЕНСКОЕ ФП АО",76,31,31,49,,unknown,,N28,№28,N28,parsed,,Омепразол-ОBL,Омепразол-ОBL,капсулы,капсулы,20 мг,20 мг,ОБОЛЕНСКОЕ ФП АО,,,,,,,not_applicable,M5.0 labels blank; row was not in the reviewed 50-sample (blank is not treated as yes).,false,false,false,true,false,false,false,false
11142,НУРОФАСТ ТАБЛ. П/ПЛЕН/ОБ. 200МГ №20 | АЛИУМ АО | АЛИУМ АО,"НУРОФАСТ; таблетки, покрытые пленочной оболочкой; 200 мг; N20; производитель: АЛИУМ АО",Нурофаст; таблетки; 200 мг; N20; АЛИУМ АО,Нурофаст таблетки 200 мг N20,АЛИУМ АО,"Нурофаст; таблетки, покрытые пленочной оболочкой; 200 мг; N20; производитель: АЛИУМ АО",Нурофаст; таблетки; 200 мг; N20; АЛИУМ АО,Нурофаст таблетки 200 мг N20,АЛИУМ АО,"Нурофаст таблетки 200 мг N20, АЛИУМ АО",57,28,28,38,,unknown,,N20,№20,N20,parsed,,Нурофаст,Нурофаст,таблетки,таблетки,200 мг,200 мг,АЛИУМ АО,,,,,,,not_applicable,M5.0 labels blank; row was not in the reviewed 50-sample (blank is not treated as yes).,false,false,false,true,false,false,false,false
11272,НООТРОП КАПС. №48 | ВИС ООО | ВИС ООО,НООТРОП; капсулы; N48; производитель: ВИС ООО,Ноотроп; капсулы; [missing_strength]; N48; ВИС ООО,Ноотроп капсулы N48,ВИС ООО,Ноотроп; капсулы; N48; производитель: ВИС ООО,Ноотроп; капсулы; N48; ВИС ООО,Ноотроп капсулы N48,ВИС ООО,"Ноотроп капсулы N48, ВИС ООО",37,19,19,28,,unknown,,N48,№48,N48,parsed,,Ноотроп,Ноотроп,капсулы,капсулы,,,ВИС ООО,,,,,,,not_applicable,M5.0 labels blank; row was not in the reviewed 50-sample (blank is not treated as yes).,false,false,false,true,false,false,false,false
12389,"МЯТЫ ПЕРЕЧНОЙ ЛИСТЬЯ Ф/П 1,5Г №20 ЗДОРОВЬЕ | ЗДОРОВЬЕ ФИРМА ООО | ЗДОРОВЬЕ ФИРМА ООО",МЯТЫ ПЕРЕЧНОЙ ЛИСТЬЯ; фильтр-пакеты; 1.5 г; N20; производитель: ЗДОРОВЬЕ ФИРМА ООО,Мяты Перечной Листья; фильтр-пакеты; 1.5 г; N20; ЗДОРОВЬЕ ФИРМА ООО,Мяты Перечной Листья фильтр-пакеты 1.5 г N20,ЗДОРОВЬЕ ФИРМА ООО,"Мяты Перечной Листья; фильтр-пакеты; 1.5 г; 1.5 г, N20; производитель: ЗДОРОВЬЕ ФИРМА ООО","Мяты Перечной Листья; фильтр-пакеты; 1.5 г; 1.5 г, N20; ЗДОРОВЬЕ ФИРМА ООО",Мяты Перечной Листья фильтр-пакеты 1.5 г N20,ЗДОРОВЬЕ ФИРМА ООО,"Мяты Перечной Листья фильтр-пакеты 1.5 г N20, ЗДОРОВЬЕ ФИРМА ООО",84,44,44,64,,unknown,1.5 г,N20,"1,5Г №20","1.5 г, N20",parsed,,Мяты Перечной Листья,Мяты Перечной Листья,фильтр-пакеты,фильтр-пакеты,1.5 г,1.5 г,ЗДОРОВЬЕ ФИРМА ООО,,,,,,,not_applicable,M5.0 labels blank; row was not in the reviewed 50-sample (blank is not treated as yes).,false,false,false,true,false,false,false,false
12495,МУКОСАТ МАЗЬ Д/НАРУЖ. ПРИМ. 5% ТУБА 30Г | ЗЕЛЕНАЯ ДУБРАВА ЗАО | ЗЕЛЕНАЯ ДУБРАВА ЗАО,"МУКОСАТ; мазь, для наружного применения; 5%; 30 г; производитель: ЗЕЛЕНАЯ ДУБРАВА ЗАО",Мукосат; мазь; 5%; 30 г; ЗЕЛЕНАЯ ДУБРАВА ЗАО,Мукосат мазь 5% 30 г,ЗЕЛЕНАЯ ДУБРАВА ЗАО,"Мукосат; мазь, для наружного применения; 5%; туба 30 г, N1; производитель: ЗЕЛЕНАЯ ДУБРАВА ЗАО","Мукосат; мазь; 5%; туба 30 г, N1; ЗЕЛЕНАЯ ДУБРАВА ЗАО",Мукосат мазь 5% туба 30 г N1,ЗЕЛЕНАЯ ДУБРАВА ЗАО,"Мукосат мазь 5% туба 30 г N1, ЗЕЛЕНАЯ ДУБРАВА ЗАО",83,20,28,49,ТУБА,туба,30 г,N1,ТУБА 30Г,"туба 30 г, N1",parsed,implicit_single_unit_count,Мукосат,Мукосат,мазь,мазь,5%,5%,ЗЕЛЕНАЯ ДУБРАВА ЗАО,implicit_single_unit_count|query_gained_container|query_gained_pack_count,implicit_single_unit_count,,,,,not_applicable,M5.0 labels blank; row was not in the reviewed 50-sample (blank is not treated as yes).,true,false,true,true,false,false,false,false
13125,МИКРОГИНОН ТАБЛ. П/О 150МКГ+30МКГ №21 | ДЕЛЬФАРМ ЛИЛЛЬ С.А.С | ДЕЛЬФАРМ ЛИЛЛЬ С.А.С,"МИКРОГИНОН; таблетки, покрытые оболочкой; 150 мкг + 30 мкг; N21; производитель: ДЕЛЬФАРМ ЛИЛЛЬ С.А.С",Микрогинон; таблетки; 150 мкг + 30 мкг; N21; ДЕЛЬФАРМ ЛИЛЛЬ С.А.С,Микрогинон таблетки 150 мкг + 30 мкг N21,ДЕЛЬФАРМ ЛИЛЛЬ С.А.С,"Микрогинон; таблетки, покрытые оболочкой; 150 мкг + 30 мкг; N21; производитель: ДЕЛЬФАРМ ЛИЛЛЬ С.А.С",Микрогинон; таблетки; 150 мкг + 30 мкг; N21; ДЕЛЬФАРМ ЛИЛЛЬ С.А.С,Микрогинон таблетки 150 мкг + 30 мкг N21,ДЕЛЬФАРМ ЛИЛЛЬ С.А.С,"Микрогинон таблетки 150 мкг + 30 мкг N21, ДЕЛЬФАРМ ЛИЛЛЬ С.А.С",83,40,40,62,,unknown,,N21,№21,N21,parsed,,Микрогинон,Микрогинон,таблетки,таблетки,150 мкг + 30 мкг,150 мкг + 30 мкг,ДЕЛЬФАРМ ЛИЛЛЬ С.А.С,,,,yes,yes,,not_applicable,M5.0 identity and query were accepted (yes); no labeled defect to remediate.,false,false,false,true,false,false,false,false
13616,"МЕЛИССЫ ЛЕКАРСТВЕННОЙ ТРАВА Ф/П 1,5Г №20 ЗДОРОВЬЕ | ЗДОРОВЬЕ ФИРМА ООО | ЗДОРОВЬЕ ФИРМА ООО","МЕЛИССЫ ЛЕКАРСТВЕННОЙ; трава, фильтр-пакеты; 1.5 г; N20; производитель: ЗДОРОВЬЕ ФИРМА ООО",Мелиссы Лекарственной; фильтр-пакеты; 1.5 г; N20; ЗДОРОВЬЕ ФИРМА ООО,Мелиссы Лекарственной фильтр-пакеты 1.5 г N20,ЗДОРОВЬЕ ФИРМА ООО,"Мелиссы Лекарственной; трава, фильтр-пакеты; 1.5 г; 1.5 г, N20; производитель: ЗДОРОВЬЕ ФИРМА ООО","Мелиссы Лекарственной; фильтр-пакеты; 1.5 г; 1.5 г, N20; ЗДОРОВЬЕ ФИРМА ООО",Мелиссы Лекарственной фильтр-пакеты 1.5 г N20,ЗДОРОВЬЕ ФИРМА ООО,"Мелиссы Лекарственной фильтр-пакеты 1.5 г N20, ЗДОРОВЬЕ ФИРМА ООО",91,45,45,65,,unknown,1.5 г,N20,"1,5Г №20","1.5 г, N20",parsed,,Мелиссы Лекарственной,Мелиссы Лекарственной,фильтр-пакеты,фильтр-пакеты,1.5 г,1.5 г,ЗДОРОВЬЕ ФИРМА ООО,,,,,,,not_applicable,M5.0 labels blank; row was not in the reviewed 50-sample (blank is not treated as yes).,false,false,false,true,false,false,false,false
14758,"ЛОЗАРТАН Н ТАБЛ. П/ПЛЕН/ОБ. 12,5МГ+100МГ №30 ОЗОН | ОЗОН ООО | ОЗОН ООО","ЛОЗАРТАН Н; таблетки, покрытые пленочной оболочкой; 12.5 мг + 100 мг; N30; производитель: ОЗОН ООО",Лозартан Н; таблетки; 12.5 мг + 100 мг; N30; ОЗОН ООО,Лозартан Н таблетки 12.5 мг + 100 мг N30,ОЗОН ООО,"Лозартан Н; таблетки, покрытые пленочной оболочкой; 12.5 мг + 100 мг; N30; производитель: ОЗОН ООО",Лозартан Н; таблетки; 12.5 мг + 100 мг; N30; ОЗОН ООО,Лозартан Н таблетки 12.5 мг + 100 мг N30,ОЗОН ООО,"Лозартан Н таблетки 12.5 мг + 100 мг N30, ОЗОН ООО",71,40,40,50,,unknown,,N30,№30,N30,parsed,,Лозартан Н,Лозартан Н,таблетки,таблетки,12.5 мг + 100 мг,12.5 мг + 100 мг,ОЗОН ООО,,,,yes,yes,,not_applicable,M5.0 identity and query were accepted (yes); no labeled defect to remediate.,false,false,false,true,false,false,false,false
15062,ЛИЗИНОПРИЛ-ТЕВА ТАБЛ. 10МГ №30 Р-ФАРМ | Р-ФАРМ НОВОСЕЛКИ ООО | Р-ФАРМ НОВОСЕЛКИ ООО,ЛИЗИНОПРИЛ-ТЕВА; таблетки; 10 мг; N30; производитель: Р-ФАРМ НОВОСЕЛКИ ООО,Лизиноприл-Тева; таблетки; 10 мг; N30; Р-ФАРМ НОВОСЕЛКИ ООО,Лизиноприл-Тева таблетки 10 мг N30,Р-ФАРМ НОВОСЕЛКИ ООО,Лизиноприл-Тева; таблетки; 10 мг; N30; производитель: Р-ФАРМ НОВОСЕЛКИ ООО,Лизиноприл-Тева; таблетки; 10 мг; N30; Р-ФАРМ НОВОСЕЛКИ ООО,Лизиноприл-Тева таблетки 10 мг N30,Р-ФАРМ НОВОСЕЛКИ ООО,"Лизиноприл-Тева таблетки 10 мг N30, Р-ФАРМ НОВОСЕЛКИ ООО",83,34,34,56,,unknown,,N30,№30,N30,parsed,,Лизиноприл-Тева,Лизиноприл-Тева,таблетки,таблетки,10 мг,10 мг,Р-ФАРМ НОВОСЕЛКИ ООО,,,,,,,not_applicable,M5.0 labels blank; row was not in the reviewed 50-sample (blank is not treated as yes).,false,false,false,true,false,false,false,false
15150,ЛИДОКАИН БУФУС Р-Р Д/ИН. 100МГ/МЛ АМП. 2МЛ №10 ОБНОВЛЕНИЕ | ОБНОВЛЕНИЕ ПФК АО | ОБНОВЛЕНИЕ ПФК АО,"ЛИДОКАИН БУФУС; раствор, для инъекций; 100 мг/мл; 2 мл; N10; производитель: ОБНОВЛЕНИЕ ПФК АО",Лидокаин Буфус; раствор; 100 мг/мл; N10; ОБНОВЛЕНИЕ ПФК АО,Лидокаин Буфус раствор 100 мг/мл N10,ОБНОВЛЕНИЕ ПФК АО,"Лидокаин Буфус; раствор, для инъекций; 100 мг/мл; ампула 2 мл, N10; производитель: ОБНОВЛЕНИЕ ПФК АО","Лидокаин Буфус; раствор; 100 мг/мл; ампула 2 мл, N10; ОБНОВЛЕНИЕ ПФК АО",Лидокаин Буфус раствор 100 мг/мл ампула 2 мл N10,ОБНОВЛЕНИЕ ПФК АО,"Лидокаин Буфус раствор 100 мг/мл ампула 2 мл N10, ОБНОВЛЕНИЕ ПФК АО",97,36,48,67,АМП.,ампула,2 мл,N10,АМП. 2МЛ №10,"ампула 2 мл, N10",parsed,,Лидокаин Буфус,Лидокаин Буфус,раствор,раствор,100 мг/мл,100 мг/мл,ОБНОВЛЕНИЕ ПФК АО,query_gained_container|query_gained_unit_amount,,,,,,not_applicable,M5.0 labels blank; row was not in the reviewed 50-sample (blank is not treated as yes).,true,true,false,true,false,false,false,false
16485,КРУШИНЫ КОРА Ф/П 2Г №20 ФИТО-БОТ | ФИТО-БОТ ФИРМА ООО | ФИТО-БОТ ФИРМА ООО,КРУШИНЫ КОРА; фильтр-пакеты; 2 г; N20; производитель: ФИТО-БОТ ФИРМА ООО,Крушины Кора; фильтр-пакеты; 2 г; N20; ФИТО-БОТ ФИРМА ООО,Крушины Кора фильтр-пакеты 2 г N20,ФИТО-БОТ ФИРМА ООО,"Крушины Кора; фильтр-пакеты; 2 г; 2 г, N20; производитель: ФИТО-БОТ ФИРМА ООО","Крушины Кора; фильтр-пакеты; 2 г; 2 г, N20; ФИТО-БОТ ФИРМА ООО",Крушины Кора фильтр-пакеты 2 г N20,ФИТО-БОТ ФИРМА ООО,"Крушины Кора фильтр-пакеты 2 г N20, ФИТО-БОТ ФИРМА ООО",74,34,34,54,,unknown,2 г,N20,2Г №20,"2 г, N20",parsed,,Крушины Кора,Крушины Кора,фильтр-пакеты,фильтр-пакеты,2 г,2 г,ФИТО-БОТ ФИРМА ООО,,,,,,,not_applicable,M5.0 labels blank; row was not in the reviewed 50-sample (blank is not treated as yes).,false,false,false,true,false,false,false,false
16623,КОФЕИН-БЕНЗОАТ НАТРИЯ ТАБЛ. 100МГ №10 ТАТХИМФАРМПРЕПАРАТЫ | ТАТХИМФАРМПРЕПАРАТЫ АО | ТАТХИМФАРМПРЕПАРАТЫ АО,КОФЕИН-БЕНЗОАТ НАТРИЯ; таблетки; 100 мг; N10; производитель: ТАТХИМФАРМПРЕПАРАТЫ АО,Кофеин-Бензоат Натрия; таблетки; 100 мг; N10; ТАТХИМФАРМПРЕПАРАТЫ АО,Кофеин-Бензоат Натрия таблетки 100 мг N10,ТАТХИМФАРМПРЕПАРАТЫ АО,Кофеин-Бензоат Натрия; таблетки; 100 мг; N10; производитель: ТАТХИМФАРМПРЕПАРАТЫ АО,Кофеин-Бензоат Натрия; таблетки; 100 мг; N10; ТАТХИМФАРМПРЕПАРАТЫ АО,Кофеин-Бензоат Натрия таблетки 100 мг N10,ТАТХИМФАРМПРЕПАРАТЫ АО,"Кофеин-Бензоат Натрия таблетки 100 мг N10, ТАТХИМФАРМПРЕПАРАТЫ АО",107,41,41,65,,unknown,,N10,№10,N10,parsed,,Кофеин-Бензоат Натрия,Кофеин-Бензоат Натрия,таблетки,таблетки,100 мг,100 мг,ТАТХИМФАРМПРЕПАРАТЫ АО,,,,,,,not_applicable,M5.0 labels blank; row was not in the reviewed 50-sample (blank is not treated as yes).,false,false,false,true,false,false,false,false
18125,КАНДЕСАРТАН ТАБЛ. 16МГ №28 БЕРЕЗОВСКИЙ ФЗ | БЕРЕЗОВСКИЙ ФЗ | БЕРЕЗОВСКИЙ ФЗ,КАНДЕСАРТАН; таблетки; 16 мг; N28; производитель: БЕРЕЗОВСКИЙ ФЗ,Кандесартан; таблетки; 16 мг; N28; БЕРЕЗОВСКИЙ ФЗ,Кандесартан таблетки 16 мг N28,БЕРЕЗОВСКИЙ ФЗ,Кандесартан; таблетки; 16 мг; N28; производитель: БЕРЕЗОВСКИЙ ФЗ,Кандесартан; таблетки; 16 мг; N28; БЕРЕЗОВСКИЙ ФЗ,Кандесартан таблетки 16 мг N28,БЕРЕЗОВСКИЙ ФЗ,"Кандесартан таблетки 16 мг N28, БЕРЕЗОВСКИЙ ФЗ",75,30,30,46,,unknown,,N28,№28,N28,parsed,,Кандесартан,Кандесартан,таблетки,таблетки,16 мг,16 мг,БЕРЕЗОВСКИЙ ФЗ,,,,,,,not_applicable,M5.0 labels blank; row was not in the reviewed 50-sample (blank is not treated as yes).,false,false,false,true,false,false,false,false
18179,КАЛЬЦИЯ ГЛЮКОНАТ ЭКО ТАБЛ. ПО 500МГ №10 | ЭКОТЕКС ООО | ЭКОТЕКС ООО,КАЛЬЦИЯ ГЛЮКОНАТ ЭКО; таблетки; 500 мг; N10; производитель: ЭКОТЕКС ООО,Кальция Глюконат ЭКО; таблетки; 500 мг; N10; ЭКОТЕКС ООО,Кальция Глюконат ЭКО таблетки 500 мг N10,ЭКОТЕКС ООО,Кальция Глюконат ЭКО; таблетки; 500 мг; N10; производитель: ЭКОТЕКС ООО,Кальция Глюконат ЭКО; таблетки; 500 мг; N10; ЭКОТЕКС ООО,Кальция Глюконат ЭКО таблетки 500 мг N10,ЭКОТЕКС ООО,"Кальция Глюконат ЭКО таблетки 500 мг N10, ЭКОТЕКС ООО",67,40,40,53,,unknown,,N10,№10,N10,parsed,,Кальция Глюконат ЭКО,Кальция Глюконат ЭКО,таблетки,таблетки,500 мг,500 мг,ЭКОТЕКС ООО,,,,,,,not_applicable,M5.0 labels blank; row was not in the reviewed 50-sample (blank is not treated as yes).,false,false,false,true,false,false,false,false
18377,ЙОД Р-Р Д/НАРУЖ. ПРИМ. СПИРТ. 5% ФЛ. 25МЛ ГИППОКРАТ | ГИППОКРАТ | ГИППОКРАТ,"ЙОД; раствор, для наружного применения, спиртовой; 5%; 25 мл; производитель: ГИППОКРАТ",Йод; раствор; 5%; 25 мл; ГИППОКРАТ,Йод раствор 5% 25 мл,ГИППОКРАТ,"Йод; раствор, для наружного применения, спиртовой; 5%; флакон 25 мл, N1; производитель: ГИППОКРАТ","Йод; раствор; 5%; флакон 25 мл, N1; ГИППОКРАТ",Йод раствор 5% флакон 25 мл N1,ГИППОКРАТ,"Йод раствор 5% флакон 25 мл N1, ГИППОКРАТ",75,20,30,41,ФЛ.,флакон,25 мл,N1,ФЛ. 25МЛ,"флакон 25 мл, N1",parsed,implicit_single_unit_count,Йод,Йод,раствор,раствор,5%,5%,ГИППОКРАТ,implicit_single_unit_count|query_gained_container|query_gained_pack_count,implicit_single_unit_count,,,,,not_applicable,M5.0 labels blank; row was not in the reviewed 50-sample (blank is not treated as yes).,true,false,true,true,false,false,false,false
18830,ИЗЖОГАНЕТ АНТАЦИДНЫЙ КОМПЛЕКС СО ВКУСОМ МЯТЫ ТАБЛ. 600МГ №40 | ГРИН САЙД ООО | ГРИН САЙД ООО,ИЗЖОГАНЕТ АНТАЦИДНЫЙ КОМПЛЕКС СО ВКУСОМ МЯТЫ; таблетки; 600 мг; N40; производитель: ГРИН САЙД ООО,Изжоганет Антацидный Комплекс Со Вкусом Мяты; таблетки; 600 мг; N40; ГРИН САЙД ООО,Изжоганет Антацидный Комплекс Со Вкусом Мяты таблетки 600 мг N40,ГРИН САЙД ООО,Изжоганет Антацидный Комплекс Со Вкусом Мяты; таблетки; 600 мг; N40; производитель: ГРИН САЙД ООО,Изжоганет Антацидный Комплекс Со Вкусом Мяты; таблетки; 600 мг; N40; ГРИН САЙД ООО,Изжоганет Антацидный Комплекс Со Вкусом Мяты таблетки 600 мг N40,ГРИН САЙД ООО,"Изжоганет Антацидный Комплекс Со Вкусом Мяты таблетки 600 мг N40, ГРИН САЙД ООО",92,64,64,79,,unknown,,N40,№40,N40,parsed,,Изжоганет Антацидный Комплекс Со Вкусом Мяты,Изжоганет Антацидный Комплекс Со Вкусом Мяты,таблетки,таблетки,600 мг,600 мг,ГРИН САЙД ООО,,,,,,,not_applicable,M5.0 labels blank; row was not in the reviewed 50-sample (blank is not treated as yes).,false,false,false,true,false,false,false,false
19198,ЗВЕРОБОЯ ТРАВА 50Г ФИТОФАРМ | ФИТОФАРМ ООО | ФИТОФАРМ ООО,ЗВЕРОБОЯ; трава; 50 г; производитель: ФИТОФАРМ ООО,Зверобоя; трава; [missing_strength]; 50 г; ФИТОФАРМ ООО,Зверобоя трава 50 г,ФИТОФАРМ ООО,Зверобоя; трава; 50 г; производитель: ФИТОФАРМ ООО,Зверобоя; трава; 50 г; ФИТОФАРМ ООО,Зверобоя трава 50 г,ФИТОФАРМ ООО,"Зверобоя трава 50 г, ФИТОФАРМ ООО",57,19,19,33,,unknown,50 г,,50Г,50 г,partial,,Зверобоя,Зверобоя,трава,трава,,,ФИТОФАРМ ООО,,,,,,,not_applicable,M5.0 labels blank; row was not in the reviewed 50-sample (blank is not treated as yes).,false,false,false,true,false,false,false,false
19370,ДЮСПАТАЛИН ТАБЛ. П/О 135МГ №15 ВЕРОФАРМ | ВЕРОФАРМ АО | ВЕРОФАРМ АО,"ДЮСПАТАЛИН; таблетки, покрытые оболочкой; 135 мг; N15; производитель: ВЕРОФАРМ АО",Дюспаталин; таблетки; 135 мг; N15; ВЕРОФАРМ АО,Дюспаталин таблетки 135 мг N15,ВЕРОФАРМ АО,"Дюспаталин; таблетки, покрытые оболочкой; 135 мг; N15; производитель: ВЕРОФАРМ АО",Дюспаталин; таблетки; 135 мг; N15; ВЕРОФАРМ АО,Дюспаталин таблетки 135 мг N15,ВЕРОФАРМ АО,"Дюспаталин таблетки 135 мг N15, ВЕРОФАРМ АО",67,30,30,43,,unknown,,N15,№15,N15,parsed,,Дюспаталин,Дюспаталин,таблетки,таблетки,135 мг,135 мг,ВЕРОФАРМ АО,,,,,,,not_applicable,M5.0 labels blank; row was not in the reviewed 50-sample (blank is not treated as yes).,false,false,false,true,false,false,false,false
20122,ДИОСМИН ТАБЛ. П/ПЛЕН/ОБ. 600МГ №60 ОЗОН | ОЗОН ООО | ОЗОН ООО,"ДИОСМИН; таблетки, покрытые пленочной оболочкой; 600 мг; N60; производитель: ОЗОН ООО",Диосмин; таблетки; 600 мг; N60; ОЗОН ООО,Диосмин таблетки 600 мг N60,ОЗОН ООО,"Диосмин; таблетки, покрытые пленочной оболочкой; 600 мг; N60; производитель: ОЗОН ООО",Диосмин; таблетки; 600 мг; N60; ОЗОН ООО,Диосмин таблетки 600 мг N60,ОЗОН ООО,"Диосмин таблетки 600 мг N60, ОЗОН ООО",61,27,27,37,,unknown,,N60,№60,N60,parsed,,Диосмин,Диосмин,таблетки,таблетки,600 мг,600 мг,ОЗОН ООО,,,,,,,not_applicable,M5.0 labels blank; row was not in the reviewed 50-sample (blank is not treated as yes).,false,false,false,true,false,false,false,false
20614,"ДЕКСАМЕТАЗОН-КРКА ТАБЛ. 4МГ №20 | КРКА Д.Д., НОВО МЕСТО АО/КРКА-РУС ООО | КРКА Д.Д., НОВО МЕСТО АО/КРКА-РУС ООО","ДЕКСАМЕТАЗОН-КРКА; таблетки; 4 мг; N20; производитель: КРКА Д.Д., НОВО МЕСТО АО/КРКА-РУС ООО","Дексаметазон-Крка; таблетки; 4 мг; N20; КРКА Д.Д., НОВО МЕСТО АО/КРКА-РУС ООО",Дексаметазон-Крка таблетки 4 мг N20,"КРКА Д.Д., НОВО МЕСТО АО/КРКА-РУС ООО","Дексаметазон-Крка; таблетки; 4 мг; N20; производитель: КРКА Д.Д., НОВО МЕСТО АО/КРКА-РУС ООО","Дексаметазон-Крка; таблетки; 4 мг; N20; КРКА Д.Д., НОВО МЕСТО АО/КРКА-РУС ООО",Дексаметазон-Крка таблетки 4 мг N20,"КРКА Д.Д., НОВО МЕСТО АО/КРКА-РУС ООО","Дексаметазон-Крка таблетки 4 мг N20, КРКА Д.Д., НОВО МЕСТО АО/КРКА-РУС ООО",111,35,35,74,,unknown,,N20,№20,N20,parsed,,Дексаметазон-Крка,Дексаметазон-Крка,таблетки,таблетки,4 мг,4 мг,"КРКА Д.Д., НОВО МЕСТО АО/КРКА-РУС ООО",manufacturer_multi_entity_retained,,,yes,yes,,not_applicable,M5.0 identity and query were accepted (yes); no labeled defect to remediate.,false,false,false,true,false,false,false,false
20628,ДЕКСА-ГЕНТАМИЦИН КАПЛИ ГЛАЗН. ФЛ-КАП. 5МЛ | УРСАФАРМ АРЦНАЙМИТТЕЛЬ ГМБХ | УРСАФАРМ АРЦНАЙМИТТЕЛЬ ГМБХ,"ДЕКСА-ГЕНТАМИЦИН; капли, глазные; 5 мл; производитель: УРСАФАРМ АРЦНАЙМИТТЕЛЬ ГМБХ",Декса-Гентамицин; капли; [missing_strength]; 5 мл; УРСАФАРМ АРЦНАЙМИТТЕЛЬ ГМБХ,Декса-Гентамицин капли 5 мл,УРСАФАРМ АРЦНАЙМИТТЕЛЬ ГМБХ,"Декса-Гентамицин; капли, глазные; флакон-капельница 5 мл, N1; производитель: УРСАФАРМ АРЦНАЙМИТТЕЛЬ ГМБХ","Декса-Гентамицин; капли; флакон-капельница 5 мл, N1; УРСАФАРМ АРЦНАЙМИТТЕЛЬ ГМБХ",Декса-Гентамицин капли флакон-капельница 5 мл N1,УРСАФАРМ АРЦНАЙМИТТЕЛЬ ГМБХ,"Декса-Гентамицин капли флакон-капельница 5 мл N1, УРСАФАРМ АРЦНАЙМИТТЕЛЬ ГМБХ",101,27,48,77,ФЛ-КАП.,флакон-капельница,5 мл,N1,ФЛ-КАП. 5МЛ,"флакон-капельница 5 мл, N1",parsed,implicit_single_unit_count,Декса-Гентамицин,Декса-Гентамицин,капли,капли,,,УРСАФАРМ АРЦНАЙМИТТЕЛЬ ГМБХ,implicit_single_unit_count|query_gained_container|query_gained_pack_count,implicit_single_unit_count,,,,,not_applicable,M5.0 labels blank; row was not in the reviewed 50-sample (blank is not treated as yes).,true,false,true,true,false,false,false,false
21010,ГЛИЦИН ФОРТЕ ТАБЛ. ЗАЩЕЧН. И П/ЯЗЫЧН. 250МГ №20 ОЗОН | ОЗОН ООО | ОЗОН ООО,"ГЛИЦИН ФОРТЕ; таблетки, защечные / подъязычные; 250 мг; N20; производитель: ОЗОН ООО",Глицин Форте; таблетки; 250 мг; N20; ОЗОН ООО,Глицин Форте таблетки 250 мг N20,ОЗОН ООО,"Глицин Форте; таблетки, защечные / подъязычные; 250 мг; N20; производитель: ОЗОН ООО",Глицин Форте; таблетки; 250 мг; N20; ОЗОН ООО,Глицин Форте таблетки 250 мг N20,ОЗОН ООО,"Глицин Форте таблетки 250 мг N20, ОЗОН ООО",74,32,32,42,,unknown,,N20,№20,N20,parsed,,Глицин Форте,Глицин Форте,таблетки,таблетки,250 мг,250 мг,ОЗОН ООО,,,,,,,not_applicable,M5.0 labels blank; row was not in the reviewed 50-sample (blank is not treated as yes).,false,false,false,true,false,false,false,false
21019,ГЛИЦИН ТАБЛ. П/ЯЗЫЧН. 100МГ №50 ОЗОН | ОЗОН ООО | ОЗОН ООО,"ГЛИЦИН; таблетки, защечные / подъязычные; 100 мг; N50; производитель: ОЗОН ООО",Глицин; таблетки; 100 мг; N50; ОЗОН ООО,Глицин таблетки 100 мг N50,ОЗОН ООО,"Глицин; таблетки, защечные / подъязычные; 100 мг; N50; производитель: ОЗОН ООО",Глицин; таблетки; 100 мг; N50; ОЗОН ООО,Глицин таблетки 100 мг N50,ОЗОН ООО,"Глицин таблетки 100 мг N50, ОЗОН ООО",58,26,26,36,,unknown,,N50,№50,N50,parsed,,Глицин,Глицин,таблетки,таблетки,100 мг,100 мг,ОЗОН ООО,,,,,,,not_applicable,M5.0 labels blank; row was not in the reviewed 50-sample (blank is not treated as yes).,false,false,false,true,false,false,false,false
21137,ГЛИБЕНКЛАМИД ТАБЛ. 5МГ №120 ОЗОН ФАРМ | ОЗОН ФАРМ ООО | ОЗОН ФАРМ ООО,ГЛИБЕНКЛАМИД; таблетки; 5 мг; N120; производитель: ОЗОН ФАРМ ООО,Глибенкламид; таблетки; 5 мг; N120; ОЗОН ФАРМ ООО,Глибенкламид таблетки 5 мг N120,ОЗОН ФАРМ ООО,Глибенкламид; таблетки; 5 мг; N120; производитель: ОЗОН ФАРМ ООО,Глибенкламид; таблетки; 5 мг; N120; ОЗОН ФАРМ ООО,Глибенкламид таблетки 5 мг N120,ОЗОН ФАРМ ООО,"Глибенкламид таблетки 5 мг N120, ОЗОН ФАРМ ООО",69,31,31,46,,unknown,,N120,№120,N120,parsed,,Глибенкламид,Глибенкламид,таблетки,таблетки,5 мг,5 мг,ОЗОН ФАРМ ООО,,,,,,,not_applicable,M5.0 labels blank; row was not in the reviewed 50-sample (blank is not treated as yes).,false,false,false,true,false,false,false,false
21387,ГЕПАВИЗИМ ФОСФОЛИПИДЫ+L-ОРИНИТИН+КУРКУМИН КАПС. ПО 495МГ №30 | ВТФ ООО | ВТФ ООО,ГЕПАВИЗИМ ФОСФОЛИПИДЫ+L-ОРИНИТИН+КУРКУМИН; капсулы; 495 мг; N30; производитель: ВТФ ООО,Гепавизим Фосфолипиды+L-ОРИНИТИН+Куркумин; капсулы; 495 мг; N30; ВТФ ООО,Гепавизим Фосфолипиды+L-ОРИНИТИН+Куркумин капсулы 495 мг N30,ВТФ ООО,Гепавизим Фосфолипиды+L-ОРИНИТИН+Куркумин; капсулы; 495 мг; N30; производитель: ВТФ ООО,Гепавизим Фосфолипиды+L-ОРИНИТИН+Куркумин; капсулы; 495 мг; N30; ВТФ ООО,Гепавизим Фосфолипиды+L-ОРИНИТИН+Куркумин капсулы 495 мг N30,ВТФ ООО,"Гепавизим Фосфолипиды+L-ОРИНИТИН+Куркумин капсулы 495 мг N30, ВТФ ООО",80,60,60,69,,unknown,,N30,№30,N30,parsed,,Гепавизим Фосфолипиды+L-ОРИНИТИН+Куркумин,Гепавизим Фосфолипиды+L-ОРИНИТИН+Куркумин,капсулы,капсулы,495 мг,495 мг,ВТФ ООО,,,,,,,not_applicable,M5.0 labels blank; row was not in the reviewed 50-sample (blank is not treated as yes).,false,false,false,true,false,false,false,false
22468,"ВИДОРА МИКРО ТАБЛ. П/ПЛЕН/ОБ. 3МГ+0,02МГ №21+7 | ЛАБОРАТОРИОС ЛЕОН ФАРМА С.А. | ЛАБОРАТОРИОС ЛЕОН ФАРМА С.А.","ВИДОРА МИКРО; таблетки, покрытые пленочной оболочкой; 3 мг + 0.02 мг; N21+7; производитель: ЛАБОРАТОРИОС ЛЕОН ФАРМА С.А.",Видора Микро; таблетки; 3 мг + 0.02 мг; N21+7; ЛАБОРАТОРИОС ЛЕОН ФАРМА С.А.,Видора Микро таблетки 3 мг + 0.02 мг N21+7,ЛАБОРАТОРИОС ЛЕОН ФАРМА С.А.,"Видора Микро; таблетки, покрытые пленочной оболочкой; 3 мг + 0.02 мг; N21+7; производитель: ЛАБОРАТОРИОС ЛЕОН ФАРМА С.А.",Видора Микро; таблетки; 3 мг + 0.02 мг; N21+7; ЛАБОРАТОРИОС ЛЕОН ФАРМА С.А.,Видора Микро таблетки 3 мг + 0.02 мг N21+7,ЛАБОРАТОРИОС ЛЕОН ФАРМА С.А.,"Видора Микро таблетки 3 мг + 0.02 мг N21+7, ЛАБОРАТОРИОС ЛЕОН ФАРМА С.А.",108,42,42,72,,unknown,,N21+7,№21+7,N21+7,parsed,,Видора Микро,Видора Микро,таблетки,таблетки,3 мг + 0.02 мг,3 мг + 0.02 мг,ЛАБОРАТОРИОС ЛЕОН ФАРМА С.А.,,,,yes,yes,,not_applicable,M5.0 identity and query were accepted (yes); no labeled defect to remediate.,false,false,false,true,false,false,false,false
22548,ВЕЧЕРНЕЕ ВАЛЕРИАНА+МЯТА+МЕЛИССА ДРАЖЕ №50 ПАРАФАРМ | ПАРАФАРМ ООО | ПАРАФАРМ ООО,"ВЕЧЕРНЕЕ ВАЛЕРИАНА+МЯТА+МЕЛИССА; таблетки, драже; N50; производитель: ПАРАФАРМ ООО",Вечернее Валериана+Мята+Мелисса; таблетки; [missing_strength]; N50; ПАРАФАРМ ООО,Вечернее Валериана+Мята+Мелисса таблетки N50,ПАРАФАРМ ООО,Вечернее Валериана+Мята+Мелисса; драже; N50; производитель: ПАРАФАРМ ООО,Вечернее Валериана+Мята+Мелисса; драже; N50; ПАРАФАРМ ООО,Вечернее Валериана+Мята+Мелисса драже N50,ПАРАФАРМ ООО,"Вечернее Валериана+Мята+Мелисса драже N50, ПАРАФАРМ ООО",80,44,41,55,,unknown,,N50,№50,N50,parsed,,Вечернее Валериана+Мята+Мелисса,Вечернее Валериана+Мята+Мелисса,таблетки,драже,,,ПАРАФАРМ ООО,form_vocab_dragee_kept,драже kept as canonical; not mapped to таблетки,,,,,not_applicable,M5.0 labels blank; row was not in the reviewed 50-sample (blank is not treated as yes).,false,false,false,true,false,false,false,false
23695,БИОРИТМ АНТИСТРЕСС 24 ДЕНЬ/НОЧЬ ТАБЛ. П/О №32 | ЭВАЛАР ЗАО | ЭВАЛАР ЗАО,"БИОРИТМ АНТИСТРЕСС 24 ДЕНЬ/НОЧЬ; таблетки, покрытые оболочкой; N32; производитель: ЭВАЛАР ЗАО",Биоритм Антистресс 24 День/ночь; таблетки; [missing_strength]; N32; ЭВАЛАР ЗАО,Биоритм Антистресс 24 День/ночь таблетки N32,ЭВАЛАР ЗАО,"Биоритм Антистресс 24 День/ночь; таблетки, покрытые оболочкой; N32; производитель: ЭВАЛАР ЗАО",Биоритм Антистресс 24 День/ночь; таблетки; N32; ЭВАЛАР ЗАО,Биоритм Антистресс 24 День/ночь таблетки N32,ЭВАЛАР ЗАО,"Биоритм Антистресс 24 День/ночь таблетки N32, ЭВАЛАР ЗАО",71,44,44,56,,unknown,,N32,№32,N32,parsed,,Биоритм Антистресс 24 День/ночь,Биоритм Антистресс 24 День/ночь,таблетки,таблетки,,,ЭВАЛАР ЗАО,,,,,,,not_applicable,M5.0 labels blank; row was not in the reviewed 50-sample (blank is not treated as yes).,false,false,false,true,false,false,false,false
24095,БЕТАГИСТИН ТАБЛ. 16МГ №30 ОЗОН | ОЗОН ООО | ОЗОН ООО,БЕТАГИСТИН; таблетки; 16 мг; N30; производитель: ОЗОН ООО,Бетагистин; таблетки; 16 мг; N30; ОЗОН ООО,Бетагистин таблетки 16 мг N30,ОЗОН ООО,Бетагистин; таблетки; 16 мг; N30; производитель: ОЗОН ООО,Бетагистин; таблетки; 16 мг; N30; ОЗОН ООО,Бетагистин таблетки 16 мг N30,ОЗОН ООО,"Бетагистин таблетки 16 мг N30, ОЗОН ООО",52,29,29,39,,unknown,,N30,№30,N30,parsed,,Бетагистин,Бетагистин,таблетки,таблетки,16 мг,16 мг,ОЗОН ООО,,,,,,,not_applicable,M5.0 labels blank; row was not in the reviewed 50-sample (blank is not treated as yes).,false,false,false,true,false,false,false,false
24098,БЕТАГИСТИН СОЛОФАРМ ТАБЛ. 16МГ №30 | ГРОТЕКС ООО | ГРОТЕКС ООО,БЕТАГИСТИН СОЛОФАРМ; таблетки; 16 мг; N30; производитель: ГРОТЕКС ООО,Бетагистин Солофарм; таблетки; 16 мг; N30; ГРОТЕКС ООО,Бетагистин Солофарм таблетки 16 мг N30,ГРОТЕКС ООО,Бетагистин Солофарм; таблетки; 16 мг; N30; производитель: ГРОТЕКС ООО,Бетагистин Солофарм; таблетки; 16 мг; N30; ГРОТЕКС ООО,Бетагистин Солофарм таблетки 16 мг N30,ГРОТЕКС ООО,"Бетагистин Солофарм таблетки 16 мг N30, ГРОТЕКС ООО",62,38,38,51,,unknown,,N30,№30,N30,parsed,,Бетагистин Солофарм,Бетагистин Солофарм,таблетки,таблетки,16 мг,16 мг,ГРОТЕКС ООО,,,,,,,not_applicable,M5.0 labels blank; row was not in the reviewed 50-sample (blank is not treated as yes).,false,false,false,true,false,false,false,false
24255,"БЕЛОДЕРМ КРЕМ Д/НАРУЖ. ПРИМ. 0,05% ТУБА 30Г | БЕЛУПО | БЕЛУПО","БЕЛОДЕРМ; крем, для наружного применения; 0.05%; 30 г; производитель: БЕЛУПО",Белодерм; крем; 0.05%; 30 г; БЕЛУПО,Белодерм крем 0.05% 30 г,БЕЛУПО,"Белодерм; крем, для наружного применения; 0.05%; туба 30 г, N1; производитель: БЕЛУПО","Белодерм; крем; 0.05%; туба 30 г, N1; БЕЛУПО",Белодерм крем 0.05% туба 30 г N1,БЕЛУПО,"Белодерм крем 0.05% туба 30 г N1, БЕЛУПО",61,24,32,40,ТУБА,туба,30 г,N1,ТУБА 30Г,"туба 30 г, N1",parsed,implicit_single_unit_count,Белодерм,Белодерм,крем,крем,0.05%,0.05%,БЕЛУПО,implicit_single_unit_count|query_gained_container|query_gained_pack_count,implicit_single_unit_count,,,,,not_applicable,M5.0 labels blank; row was not in the reviewed 50-sample (blank is not treated as yes).,true,false,true,true,false,false,false,false
24682,АЦИКЛОВИР ТАБЛ. 200МГ №20 АВЕКСИМА | ИРБИТСКИЙ ХИМЗАВОД ОАО | ИРБИТСКИЙ ХИМЗАВОД ОАО,АЦИКЛОВИР АВЕКСИМА; таблетки; 200 мг; N20; производитель: ИРБИТСКИЙ ХИМЗАВОД ОАО,Ацикловир Авексима; таблетки; 200 мг; N20; ИРБИТСКИЙ ХИМЗАВОД ОАО,Ацикловир Авексима таблетки 200 мг N20,ИРБИТСКИЙ ХИМЗАВОД ОАО,Ацикловир Авексима; таблетки; 200 мг; N20; производитель: ИРБИТСКИЙ ХИМЗАВОД ОАО,Ацикловир Авексима; таблетки; 200 мг; N20; ИРБИТСКИЙ ХИМЗАВОД ОАО,Ацикловир Авексима таблетки 200 мг N20,ИРБИТСКИЙ ХИМЗАВОД ОАО,"Ацикловир Авексима таблетки 200 мг N20, ИРБИТСКИЙ ХИМЗАВОД ОАО",84,38,38,62,,unknown,,N20,№20,N20,parsed,,Ацикловир Авексима,Ацикловир Авексима,таблетки,таблетки,200 мг,200 мг,ИРБИТСКИЙ ХИМЗАВОД ОАО,,,,,,,not_applicable,M5.0 labels blank; row was not in the reviewed 50-sample (blank is not treated as yes).,false,false,false,true,false,false,false,false
24750,АЦЕТИЛСАЛИЦИЛОВАЯ КИСЛОТА ПЛЮС РЕНЕВАЛ ТАБЛ. 500МГ+25МГ №20 | ОБНОВЛЕНИЕ ПФК АО | ОБНОВЛЕНИЕ ПФК АО,АЦЕТИЛСАЛИЦИЛОВАЯ КИСЛОТА ПЛЮС РЕНЕВАЛ; таблетки; 500 мг + 25 мг; N20; производитель: ОБНОВЛЕНИЕ ПФК АО,Ацетилсалициловая Кислота Плюс Реневал; таблетки; 500 мг + 25 мг; N20; ОБНОВЛЕНИЕ ПФК АО,Ацетилсалициловая Кислота Плюс Реневал таблетки 500 мг + 25 мг N20,ОБНОВЛЕНИЕ ПФК АО,Ацетилсалициловая Кислота Плюс Реневал; таблетки; 500 мг + 25 мг; N20; производитель: ОБНОВЛЕНИЕ ПФК АО,Ацетилсалициловая Кислота Плюс Реневал; таблетки; 500 мг + 25 мг; N20; ОБНОВЛЕНИЕ ПФК АО,Ацетилсалициловая Кислота Плюс Реневал таблетки 500 мг + 25 мг N20,ОБНОВЛЕНИЕ ПФК АО,"Ацетилсалициловая Кислота Плюс Реневал таблетки 500 мг + 25 мг N20, ОБНОВЛЕНИЕ ПФК АО",99,66,66,85,,unknown,,N20,№20,N20,parsed,,Ацетилсалициловая Кислота Плюс Реневал,Ацетилсалициловая Кислота Плюс Реневал,таблетки,таблетки,500 мг + 25 мг,500 мг + 25 мг,ОБНОВЛЕНИЕ ПФК АО,,,,yes,yes,,not_applicable,M5.0 identity and query were accepted (yes); no labeled defect to remediate.,false,false,false,true,false,false,false,false
24896,АТОРВАСТАТИН-ФП ТАБЛ. П/ПЛЕН/ОБ. 20МГ №30 | ФАРМПРОЕКТ АО | ФАРМПРОЕКТ АО,"АТОРВАСТАТИН-ФП; таблетки, покрытые пленочной оболочкой; 20 мг; N30; производитель: ФАРМПРОЕКТ АО",Аторвастатин-ФП; таблетки; 20 мг; N30; ФАРМПРОЕКТ АО,Аторвастатин-ФП таблетки 20 мг N30,ФАРМПРОЕКТ АО,"Аторвастатин-ФП; таблетки, покрытые пленочной оболочкой; 20 мг; N30; производитель: ФАРМПРОЕКТ АО",Аторвастатин-ФП; таблетки; 20 мг; N30; ФАРМПРОЕКТ АО,Аторвастатин-ФП таблетки 20 мг N30,ФАРМПРОЕКТ АО,"Аторвастатин-ФП таблетки 20 мг N30, ФАРМПРОЕКТ АО",73,34,34,49,,unknown,,N30,№30,N30,parsed,,Аторвастатин-ФП,Аторвастатин-ФП,таблетки,таблетки,20 мг,20 мг,ФАРМПРОЕКТ АО,,,,,,,not_applicable,M5.0 labels blank; row was not in the reviewed 50-sample (blank is not treated as yes).,false,false,false,true,false,false,false,false
24901,АТОРВАСТАТИН-ТЕВА ТАБЛ. П/ПЛЕН/ОБ. 10МГ №30 АЛКАЛОИД | АЛКАЛОИД АД Скопье | АЛКАЛОИД АД Скопье,"АТОРВАСТАТИН-ТЕВА; таблетки, покрытые пленочной оболочкой; 10 мг; N30; производитель: АЛКАЛОИД АД Скопье",Аторвастатин-Тева; таблетки; 10 мг; N30; АЛКАЛОИД АД Скопье,Аторвастатин-Тева таблетки 10 мг N30,АЛКАЛОИД АД Скопье,"Аторвастатин-Тева; таблетки, покрытые пленочной оболочкой; 10 мг; N30; производитель: АЛКАЛОИД АД Скопье",Аторвастатин-Тева; таблетки; 10 мг; N30; АЛКАЛОИД АД Скопье,Аторвастатин-Тева таблетки 10 мг N30,АЛКАЛОИД АД Скопье,"Аторвастатин-Тева таблетки 10 мг N30, АЛКАЛОИД АД Скопье",94,36,36,56,,unknown,,N30,№30,N30,parsed,,Аторвастатин-Тева,Аторвастатин-Тева,таблетки,таблетки,10 мг,10 мг,АЛКАЛОИД АД Скопье,,,,,,,not_applicable,M5.0 labels blank; row was not in the reviewed 50-sample (blank is not treated as yes).,false,false,false,true,false,false,false,false
24945,АТОРВАСТАТИН-СЗ ТАБЛ. П/ПЛЕН/ОБ. 20МГ №30 | СЕВЕРНАЯ ЗВЕЗДА НАО | СЕВЕРНАЯ ЗВЕЗДА НАО,"АТОРВАСТАТИН-СЗ; таблетки, покрытые пленочной оболочкой; 20 мг; N30; производитель: СЕВЕРНАЯ ЗВЕЗДА НАО",Аторвастатин-СЗ; таблетки; 20 мг; N30; СЕВЕРНАЯ ЗВЕЗДА НАО,Аторвастатин-СЗ таблетки 20 мг N30,СЕВЕРНАЯ ЗВЕЗДА НАО,"Аторвастатин-СЗ; таблетки, покрытые пленочной оболочкой; 20 мг; N30; производитель: СЕВЕРНАЯ ЗВЕЗДА НАО",Аторвастатин-СЗ; таблетки; 20 мг; N30; СЕВЕРНАЯ ЗВЕЗДА НАО,Аторвастатин-СЗ таблетки 20 мг N30,СЕВЕРНАЯ ЗВЕЗДА НАО,"Аторвастатин-СЗ таблетки 20 мг N30, СЕВЕРНАЯ ЗВЕЗДА НАО",85,34,34,55,,unknown,,N30,№30,N30,parsed,,Аторвастатин-СЗ,Аторвастатин-СЗ,таблетки,таблетки,20 мг,20 мг,СЕВЕРНАЯ ЗВЕЗДА НАО,,,,,,,not_applicable,M5.0 labels blank; row was not in the reviewed 50-sample (blank is not treated as yes).,false,false,false,true,false,false,false,false
25599,АПИЛАК ТАБЛ. П/ЯЗЫЧН. 10МГ №30 ВИФИТЕХ | ВИФИТЕХ | ВИФИТЕХ,"АПИЛАК; таблетки, защечные / подъязычные; 10 мг; N30; производитель: ВИФИТЕХ",Апилак; таблетки; 10 мг; N30; ВИФИТЕХ,Апилак таблетки 10 мг N30,ВИФИТЕХ,"Апилак; таблетки, защечные / подъязычные; 10 мг; N30; производитель: ВИФИТЕХ",Апилак; таблетки; 10 мг; N30; ВИФИТЕХ,Апилак таблетки 10 мг N30,ВИФИТЕХ,"Апилак таблетки 10 мг N30, ВИФИТЕХ",58,25,25,34,,unknown,,N30,№30,N30,parsed,,Апилак,Апилак,таблетки,таблетки,10 мг,10 мг,ВИФИТЕХ,,,,,,,not_applicable,M5.0 labels blank; row was not in the reviewed 50-sample (blank is not treated as yes).,false,false,false,true,false,false,false,false
25982,АМЛОДИПИН ТАБЛ. 10МГ №30 РОЗЛЕКС | РОЗЛЕКС ФАРМ ООО | РОЗЛЕКС ФАРМ ООО,АМЛОДИПИН; таблетки; 10 мг; N30; производитель: РОЗЛЕКС ФАРМ ООО,Амлодипин; таблетки; 10 мг; N30; РОЗЛЕКС ФАРМ ООО,Амлодипин таблетки 10 мг N30,РОЗЛЕКС ФАРМ ООО,Амлодипин; таблетки; 10 мг; N30; производитель: РОЗЛЕКС ФАРМ ООО,Амлодипин; таблетки; 10 мг; N30; РОЗЛЕКС ФАРМ ООО,Амлодипин таблетки 10 мг N30,РОЗЛЕКС ФАРМ ООО,"Амлодипин таблетки 10 мг N30, РОЗЛЕКС ФАРМ ООО",70,28,28,46,,unknown,,N30,№30,N30,parsed,,Амлодипин,Амлодипин,таблетки,таблетки,10 мг,10 мг,РОЗЛЕКС ФАРМ ООО,,,,,,,not_applicable,M5.0 labels blank; row was not in the reviewed 50-sample (blank is not treated as yes).,false,false,false,true,false,false,false,false
26001,АМЛОДИПИН-ПРАНА ТАБЛ. 10МГ №60 | ПРАНАФАРМ ООО | ПРАНАФАРМ ООО,АМЛОДИПИН-ПРАНА; таблетки; 10 мг; N60; производитель: ПРАНАФАРМ ООО,Амлодипин-Прана; таблетки; 10 мг; N60; ПРАНАФАРМ ООО,Амлодипин-Прана таблетки 10 мг N60,ПРАНАФАРМ ООО,Амлодипин-Прана; таблетки; 10 мг; N60; производитель: ПРАНАФАРМ ООО,Амлодипин-Прана; таблетки; 10 мг; N60; ПРАНАФАРМ ООО,Амлодипин-Прана таблетки 10 мг N60,ПРАНАФАРМ ООО,"Амлодипин-Прана таблетки 10 мг N60, ПРАНАФАРМ ООО",62,34,34,49,,unknown,,N60,№60,N60,parsed,,Амлодипин-Прана,Амлодипин-Прана,таблетки,таблетки,10 мг,10 мг,ПРАНАФАРМ ООО,,,,,,,not_applicable,M5.0 labels blank; row was not in the reviewed 50-sample (blank is not treated as yes).,false,false,false,true,false,false,false,false
26038,АМЛОДИПИН-АЛСИ ТАБЛ. 10МГ №90 | АЛСИ ФАРМА АО | АЛСИ ФАРМА АО,АМЛОДИПИН-АЛСИ; таблетки; 10 мг; N90; производитель: АЛСИ ФАРМА АО,Амлодипин-Алси; таблетки; 10 мг; N90; АЛСИ ФАРМА АО,Амлодипин-Алси таблетки 10 мг N90,АЛСИ ФАРМА АО,Амлодипин-Алси; таблетки; 10 мг; N90; производитель: АЛСИ ФАРМА АО,Амлодипин-Алси; таблетки; 10 мг; N90; АЛСИ ФАРМА АО,Амлодипин-Алси таблетки 10 мг N90,АЛСИ ФАРМА АО,"Амлодипин-Алси таблетки 10 мг N90, АЛСИ ФАРМА АО",61,33,33,48,,unknown,,N90,№90,N90,parsed,,Амлодипин-Алси,Амлодипин-Алси,таблетки,таблетки,10 мг,10 мг,АЛСИ ФАРМА АО,,,,,,,not_applicable,M5.0 labels blank; row was not in the reviewed 50-sample (blank is not treated as yes).,false,false,false,true,false,false,false,false
26115,АМБРОКСОЛ ТАБЛ. 30МГ №20 ВЕРТЕКС | ВЕРТЕКС АО | ВЕРТЕКС АО,АМБРОКСОЛ; таблетки; 30 мг; N20; производитель: ВЕРТЕКС АО,Амброксол; таблетки; 30 мг; N20; ВЕРТЕКС АО,Амброксол таблетки 30 мг N20,ВЕРТЕКС АО,Амброксол; таблетки; 30 мг; N20; производитель: ВЕРТЕКС АО,Амброксол; таблетки; 30 мг; N20; ВЕРТЕКС АО,Амброксол таблетки 30 мг N20,ВЕРТЕКС АО,"Амброксол таблетки 30 мг N20, ВЕРТЕКС АО",58,28,28,40,,unknown,,N20,№20,N20,parsed,,Амброксол,Амброксол,таблетки,таблетки,30 мг,30 мг,ВЕРТЕКС АО,,,,,,,not_applicable,M5.0 labels blank; row was not in the reviewed 50-sample (blank is not treated as yes).,false,false,false,true,false,false,false,false
26319,"АЛТАЙ ФИТОЧАЙ КИПРЕЯ ТРАВА Ф/П 1,5Г №20 | АЛТАЙСКИЙ КЕДР ООО | АЛТАЙСКИЙ КЕДР ООО","АЛТАЙ ФИТОЧАЙ КИПРЕЯ; трава, фильтр-пакеты; 1.5 г; N20; производитель: АЛТАЙСКИЙ КЕДР ООО",Алтай Фиточай Кипрея; фильтр-пакеты; 1.5 г; N20; АЛТАЙСКИЙ КЕДР ООО,Алтай Фиточай Кипрея фильтр-пакеты 1.5 г N20,АЛТАЙСКИЙ КЕДР ООО,"Алтай Фиточай Кипрея; трава, фильтр-пакеты; 1.5 г; 1.5 г, N20; производитель: АЛТАЙСКИЙ КЕДР ООО","Алтай Фиточай Кипрея; фильтр-пакеты; 1.5 г; 1.5 г, N20; АЛТАЙСКИЙ КЕДР ООО",Алтай Фиточай Кипрея фильтр-пакеты 1.5 г N20,АЛТАЙСКИЙ КЕДР ООО,"Алтай Фиточай Кипрея фильтр-пакеты 1.5 г N20, АЛТАЙСКИЙ КЕДР ООО",81,44,44,64,,unknown,1.5 г,N20,"1,5Г №20","1.5 г, N20",parsed,,Алтай Фиточай Кипрея,Алтай Фиточай Кипрея,фильтр-пакеты,фильтр-пакеты,1.5 г,1.5 г,АЛТАЙСКИЙ КЕДР ООО,,,,,,,not_applicable,M5.0 labels blank; row was not in the reviewed 50-sample (blank is not treated as yes).,false,false,false,true,false,false,false,false
