product_id,normalized_text,final_candidate_mnn,final_mnn_method,mnn_resolution_status,mnn_enrichment_status,needs_human_review,label_mnn,label_notes
8,ХАЙЛЕФЛОКС 500мг N5 таб. покрытые пленочной оболочкой Хайгланс Лабораториз Пвт.Лтд. | Хайгланс лабораториз пвт. Лтд | Хайгланс лабораториз пвт. Лтд | N5,Левофлоксацин,catalog_consensus,resolved_catalog,,False,,
28,МЕРИФАТИН МВ 750мг N60 таб. с пролонгированным высвобождением Фармасинтез-Тюмень ООО | Фармасинтез-Тюмень ООО | Фармасинтез-Тюмень ООО | N60,Метформин,catalog_consensus,resolved_catalog,,False,,
34,МЕЛАДАПТ 3мг N10 таб. покрытые пленочной оболочкой Озон ООО | Озон ООО | Озон ООО | N10,Мелатонин,catalog_consensus,resolved_catalog,,False,,
56,РИТОФЛЕКС МСМ таб. N60 Фармацевтическая Фабрика ООО | Фармацевтическая фабрика ООО | Фармацевтическая фабрика ООО | N60,"Глюкозамин, MSM, Хондроитин, Хондроитинсульфат",catalog_consensus,resolved_catalog,,False,,
68,ЭПЛЕРЕНОН-ТЕВА 25мг N30 таб. покрытые пленочной оболочкой Тева фармасьютикал воркс прайвэт Лимитед Компани | Тева фармасьютикал воркс прайвэт Лимитед Компани | Тева фармасьютикал воркс прайвэт Лимитед Компани | N30,Эплеренон,catalog_consensus,resolved_catalog,,False,,
70,РОЗУВАСТАТИН-ТЕВА 20мг N90 таб. покрытые пленочной оболочкой Р-Фарм Новосёлки | Р-Фарм новосёлки ООО | Р-Фарм новосёлки ООО | N90,Розувастатин,catalog_consensus,resolved_catalog,,False,,
73,ГАСТРАСАН ЭКСПРЕСС 680мг+80мг N12 таб. жевательные Апельсин ЮжФарм ООО | ЮжФарм ООО | ЮжФарм ООО | N12,"Кальция карбонат, Магния карбонат",catalog_consensus,resolved_catalog,,False,,
88,ГЕСПЕРИДИН+ДИОСМИН 100мг+900мг N30 таб. покрытые пленочной оболочкой Алиум АО | Алиум АО | Алиум АО | N30,Албендазол,catalog_consensus,resolved_catalog,,False,,
92,ДИНАМИКО ЛОНГ 20мг N8 таб. покрытые пленочной оболочкой Тева Фармацевтические Предприятия Лтд | Тева Фармацевтические Предприятия Лтд. | Тева Фармацевтические Предприятия Лтд. | N8,Тадалафил,catalog_consensus,resolved_catalog,,False,,
456,"ЭТОРИАКС ТАБЛ. П/ПЛЕН/ОБ. 60МГ №14 | КРКА, Д.Д., НОВО МЕСТО АО | КРКА, Д.Д., НОВО МЕСТО АО",Эторикоксиб,catalog_consensus,resolved_catalog,,False,,
486,ЭСЦИТАЛОПРАМ КАНОН ТАБЛ. П/ПЛЕН/ОБ. 20МГ №28 | КАНОНФАРМА ПРОДАКШН ЗАО | КАНОНФАРМА ПРОДАКШН ЗАО,Эсциталопрам,catalog_consensus,resolved_catalog,,False,,
777,ЭНАЛАПРИЛ АЛЬФАКТИВ ТАБЛ. 20МГ №20 | ОЗОН ФАРМ ООО | ОЗОН ФАРМ ООО,Эналаприл,catalog_consensus,resolved_catalog,,False,,
844,ЭЛЬКАР Р-Р Д/ПРИЕМА ВНУТРЬ 300МГ/МЛ ФЛ. 25МЛ | ///ПИК-ФАРМА ЛЕК | ///ПИК-ФАРМА ЛЕК,Левокарнитин,catalog_consensus,resolved_catalog,,False,,
884,"ЭЛИЦЕЯ КУ-ТАБ ТАБЛ. ДИСПЕРГ. В ПОЛОСТИ РТА 10МГ №56 | КРКА, Д.Д., НОВО МЕСТО АО | КРКА, Д.Д., НОВО МЕСТО АО",Эсциталопрам,catalog_consensus,resolved_catalog,,False,,
1053,"ЭКЗОРОЛФИНЛАК ЛАК Д/НОГТЕЙ 5% ФЛ. 2,5МЛ | ПАУЛЬ В. БЕЙФЕРС ГМБХ | ПАУЛЬ В. БЕЙФЕРС ГМБХ",Аморолфин,catalog_consensus,resolved_catalog,,False,,
1765,ЦИПРОТЕРОН-ТЕВА ТАБЛ. 50МГ №50 | ТЕВА ЧЕШСКИЕ ПРЕДПРИЯТИЯ С.Р.О. | ТЕВА ЧЕШСКИЕ ПРЕДПРИЯТИЯ С.Р.О.,Ципротерон,catalog_consensus,resolved_catalog,,False,,
2023,ЦЕЛЕКОКСИБ-ТЕВА КАПС. 200МГ №30 | УОТСОН ФАРМА ПРАЙВЭТ ЛИМИТЕД | УОТСОН ФАРМА ПРАЙВЭТ ЛИМИТЕД,Целекоксиб,catalog_consensus,resolved_catalog,,False,,
3027,ФЛУОКСЕТИН КАПС. 10МГ №20 ОЗОН | ОЗОН ООО | ОЗОН ООО,Флуоксетин,catalog_consensus,resolved_catalog,,False,,
3065,ФЛУКОНАЗОЛ-OBL КАПС. 150МГ №4 | ОБОЛЕНСКОЕ ФП АО | ОБОЛЕНСКОЕ ФП АО,Флуконазол,catalog_consensus,resolved_catalog,,False,,
3556,"ФИЗИОТЕНЗ ТАБЛ. П/ПЛЕН/ОБ. 0,4МГ №28 ВЕРОФАРМ | ВЕРОФАРМ АО | ВЕРОФАРМ АО",Моксонидин,catalog_consensus,resolved_catalog,,False,,
3759,ФАСПИК ГРАН. Д/Р-РА Д/ПРИЕМА ВНУТРЬ АБРИКОС 400МГ ПАК. 3Г №12 | ЗАМБОН СВИТЦЕЛАНД ЛТД. | ЗАМБОН СВИТЦЕЛАНД ЛТД.,Ибупрофен,catalog_consensus,resolved_catalog,,False,,
3781,ФАРИНГОСЕПТ ТАБЛ. Д/РАССАС. МЕД-ЛИМОН 10МГ №20 | C.К. ТЕРАПИЯ С.А. | C.К. ТЕРАПИЯ С.А.,Амбазон,catalog_consensus,resolved_catalog,,False,,
4133,УЛЬЦЕРНИЛ ТАБЛ. КИШ/РАСТ. П/ПЛЕН/ОБ. 20МГ №28 | САН ФАРМАСЬЮТИКАЛ ИНДАСТРИЗ ЛТД | САН ФАРМАСЬЮТИКАЛ ИНДАСТРИЗ ЛТД,Рабепразол,catalog_consensus,resolved_catalog,,False,,
4403,ТРИМЕТАЗИДИН-АКОС МВ 35МГ ТАБЛ. МОДИФ. ВЫСВ. П/О №60 | БИОКОМ ЗАО | БИОКОМ ЗАО,Триметазидин,catalog_consensus,resolved_catalog,,False,,
4481,ТРАНЕКСАМОВАЯ КИСЛОТА ТАБЛ. П/ПЛЕН/ОБ. 250МГ №30 МЭЗ | МОСКОВСКИЙ ЭНДОКРИННЫЙ ЗАВОД ФГУП | МОСКОВСКИЙ ЭНДОКРИННЫЙ ЗАВОД ФГУП,Транексамовая кислота,catalog_consensus,resolved_catalog,,False,,
4487,ТРАНЕКСАМОВАЯ КИСЛОТА Р-Р ДЛЯ В/В ВВЕД. 50МГ/МЛ АМП. 5МЛ №10 МЭЗ | МОСКОВСКИЙ ЭНДОКРИННЫЙ ЗАВОД ФГУП | МОСКОВСКИЙ ЭНДОКРИННЫЙ ЗАВОД ФГУП,Транексамовая кислота,catalog_consensus,resolved_catalog,,False,,
10,"НАТРИЯ ХЛОРИД 0,9% 400мл N12 р-р д/инфузий Биосинтез | Биосинтез ПАО | Биосинтез ПАО | N12",Натрия хлорид,enrichment,unresolved_catalog,ok,False,,
54,ГЕПАРИН 5000ЕД/мл 5мл N5 р-р для в/в и п/к введения Армавирская биологическая фабрика фгуп | Армавирская биологическая фабрика фгуп | Армавирская биологическая фабрика фгуп | N5,Гепарин натрия,enrichment,unresolved_catalog,ok,False,,
60,ДИКЛОФЕНАК 25мг/мл 3мл N10 р-р для в/м введения Дальхимфарм ОАО | Дальхимфарм ОАО | Дальхимфарм ОАО | N10,Диклофенак,enrichment,unresolved_catalog,ok,False,,
86,ТАДАЛАФИЛ-АЛИУМ 20мг N8 таб. покрытые пленочной оболочкой Алиум АО | Алиум АО | Алиум АО | N8,Тадалафил,enrichment,unresolved_catalog,ok,False,,
354,"ЭХИНАЦЕИ ПУРПУРНОЙ ТРАВА 1,5Г Ф/П №20 ИВАН ЧАЙ | ИВАН-ЧАЙ ЗАО | ИВАН-ЧАЙ ЗАО",Эхинацеи пурпурной трава,enrichment,unresolved_catalog,ok,False,,
1217,"ЭВКАЛИПТА ПРУТОВИДНОГО ЛИСТЬЯ Ф/П 1,5Г №20 ЗДОРОВЬЕ | ЗДОРОВЬЕ ФИРМА ООО | ЗДОРОВЬЕ ФИРМА ООО",Эвкалипта прутовидного листья,enrichment,unresolved_catalog,ok,False,,
1638,ЧЕРЕДЫ ТРАВА 50Г ЗДОРОВЬЕ | ЗДОРОВЬЕ ФИРМА ООО | ЗДОРОВЬЕ ФИРМА ООО,Череды трехраздельной трава,enrichment,unresolved_catalog,ok,False,,
1668,"ЧАБРЕЦА ТРАВА Ф/П 1,5Г №20 ЗДОРОВЬЕ | Здоровье фирма ЗАО | Здоровье фирма ЗАО",Тимьяна ползучего трава,enrichment,unresolved_catalog,ok,False,,
2621,ФУРАЦИЛИН ТАБЛ. Д/Р-РА Д/МЕСТН. И НАРУЖ. ПРИМ. 20МГ №20 ТАТХИМФАРМПРЕПАРАТЫ | ТАТХИМФАРМПРЕПАРАТЫ АО | ТАТХИМФАРМПРЕПАРАТЫ АО,Нитрофурал,enrichment,unresolved_catalog,ok,False,,
4570,ТОРАСЕМИД ТАБЛ. 5МГ №60 ПРАНАФАРМ | ПРАНАФАРМ ООО | ПРАНАФАРМ ООО,Торасемид,enrichment,unresolved_catalog,ok,False,,
4602,ТОРАСЕМИД МЕДИСОРБ ТАБЛ. 5МГ №20 | Медисорб АО | Медисорб АО,Торасемид,enrichment,unresolved_catalog,ok,False,,
5267,ТАМОКСИФЕН ТАБЛ. 20МГ №30 ОЗОН | ОЗОН ООО | ОЗОН ООО,Тамоксифен,enrichment,unresolved_catalog,ok,False,,
5287,"ТАДАЛАФИЛ-ТЕВА ТАБЛ. П/ПЛЕН/ОБ. 20МГ №8 | ТЕВА ФАРМА, С.Л.У. | ТЕВА ФАРМА, С.Л.У.",Тадалафил,enrichment,unresolved_catalog,ok,False,,
5729,СТОМАТОФИТ ФРЕШ ОПОЛАСКИВАТЕЛЬ ДЛЯ ПОЛОСТИ РТА ФЛ. 250МЛ | Фитофарм кленка АО | Фитофарм кленка АО,"Ромашки Аптечной Цветки, Дуба Кора, Шалфея Лекарственного Листья, Арники Трава, Аира Обыкновенного Корневища, Мяты Перечной Трава, Тимьяна Трава",enrichment,unresolved_catalog,ok,False,,
6593,СИНДРАНОЛ ТАБЛ. ПРОЛОНГ. П/ПЛЕН/ОБ. 8МГ №28 | ЭГИС ФАРМАЦЕВТИЧЕСКИЙ ЗАВОД АО/ФАРМАТЕН ИНТЕРНЕШНЛ С.А. | ЭГИС ФАРМАЦЕВТИЧЕСКИЙ ЗАВОД АО/ФАРМАТЕН ИНТЕРНЕШНЛ С.А.,Ропинирол,enrichment,unresolved_catalog,ok,False,,
7625,РОСИНСУЛИН С МЕДСИНТЕЗ СУСП. ДЛЯ П/К ВВЕД. 100МЕ/МЛ КАРТРИДЖ 3МЛ №5 | ЗАВОД МЕДСИНТЕЗ ООО | ЗАВОД МЕДСИНТЕЗ ООО,Инсулин человеческий,enrichment,unresolved_catalog,ok,False,,
7651,РОМАШКИ АПТЕЧНОЙ ЦВЕТКИ 50Г ХЕРБЕС | ХЕРБЕС ООО | ХЕРБЕС ООО,Ромашки аптечной цветки,enrichment,unresolved_catalog,ok,False,,
7807,РОЗУВАСТАТИН ТАБЛ. П/ПЛЕН/ОБ. 5МГ №30 ПРАНАФАРМ | ПРАНАФАРМ ООО | ПРАНАФАРМ ООО,Розувастатин,enrichment,unresolved_catalog,ok,False,,
7816,РОЗУВАСТАТИН ТАБЛ. П/ПЛЕН/ОБ. 20МГ №90 ОЗОН | ОЗОН ООО | ОЗОН ООО,Розувастатин,enrichment,unresolved_catalog,ok,False,,
7858,РОЗУВАСТАТИН РЕНЕВАЛ ТАБЛ. П/ПЛЕН/ОБ. 10МГ №30 | ОБНОВЛЕНИЕ ПФК АО | ОБНОВЛЕНИЕ ПФК АО,Розувастатин,enrichment,unresolved_catalog,ok,False,,
8055,РИМАСОПТ ВМ КАПЛИ ГЛАЗНЫЕ 2МГ/МЛ+5МГ/МЛ ФЛ. 5МЛ №1 | Уорлд медицин илач сан. ве тидж. Аш | Уорлд медицин илач сан. ве тидж. Аш,"Бримонидин, Тимолол",enrichment,unresolved_catalog,ok,False,,
8566,РАБИЕТ КАПС. КИШ/РАСТ. 20МГ №14 АЛИУМ | АЛИУМ АО | АЛИУМ АО,Рабепразол,enrichment,unresolved_catalog,ok,False,,
9096,"ПРЕДНИЗОЛОН МАЗЬ Д/НАРУЖ. ПРИМ. 0,5% ТУБА 15Г БИОСИНТЕЗ | БИОСИНТЕЗ ПАО | БИОСИНТЕЗ ПАО",Преднизолон,enrichment,unresolved_catalog,ok,False,,
9301,ПОЛЫНИ ГОРЬКОЙ ТРАВА 50Г ФИТОФАРМ | ФИТОФАРМ ООО | ФИТОФАРМ ООО,Полыни горькой трава,enrichment,unresolved_catalog,ok,False,,
9306,ПОЛИФЕПАН ПОР. Д/ПРИЕМА ВНУТРЬ ПАК. 10Г №10 | ВОСТОК ООО | ВОСТОК ООО,Лигнин гидролизный,enrichment,unresolved_catalog,ok,False,,
9511,ПИОНА НАСТОЙКА РЕНЕВАЛ ФЛ. 25МЛ | ОБНОВЛЕНИЕ ПФК АО | ОБНОВЛЕНИЕ ПФК АО,"Пиона уклоняющегося травы, корневищ и корней настойка",enrichment,unresolved_catalog,ok,False,,
45,АКВИОН КОЖА ВОЛОСЫ НОГТИ таб. N60 ВТФ ООО | ВТФ ООО | ВТФ ООО | N60,,,unresolved_catalog,ok,True,,
72,ФАРИНГАЛ таб. 650мг N10 Салута-М | Салута-М ООО | Салута-М ООО | N10,,,unresolved_catalog,ok,True,,
75,САМБУКУС БУЗИНА ИММУНИТЕТ таб. массой 700мг N30 Грин сайд ООО | Грин Сайд ООО | Грин Сайд ООО | N30,,,unresolved_catalog,ok,True,,
249,ОСТЕОМЕД таб. N60 Парафарм | Парафарм ООО | Парафарм ООО | N60,,,unresolved_catalog,ok,True,,
2348,ХИЛАК ФОРТЕ КАПЛИ Д/ПРИЕМА ВНУТРЬ ВИШНЯ ФЛ. 100МЛ | МЕРКЛЕ ГМБХ | МЕРКЛЕ ГМБХ,,,unresolved_catalog,ok_partial,True,,
3763,ФАРМГРУПП НАСТОЙКА 5 ТРАВ УСПОКОИТЕЛЬНАЯ ФЛ. 250МЛ | ФАРМГРУПП ООО | ФАРМГРУПП ООО,,,unresolved_catalog,ok,True,,
5322,"ТАВОЛГА ВЯЗОЛИСТНАЯ (ЛАБАЗНИК) ТРАВА Ф/П 1,5Г №20 ХЕРБЕС | ХЕРБЕС ООО | ХЕРБЕС ООО",,,unresolved_catalog,ok,True,,
6506,СИРОП ШИПОВНИКА ФЛ. 250МЛ МИРРОЛЛА | МИРРОЛЛА ООО | МИРРОЛЛА ООО,,,unresolved_catalog,ok_partial,True,,
8201,РЕПЕШОК ОБЫКНОВЕННЫЙ ТРАВА 50Г ЭВАЛАР | ЭВАЛАР ЗАО | ЭВАЛАР ЗАО,,,unresolved_catalog,ok,True,,
8753,ПРОСТАНОРМ ЭКСТРАКТ Д/ПРИЕМА ВНУТРЬ ЖИДК. ФЛ. 100МЛ | ФАРМВИЛАР НПО ООО | ФАРМВИЛАР НПО ООО,,,unresolved_catalog,ok_partial,True,,
9197,ПОМОГУША СИРОП ДЕТСКИЙ ДЛЯ ДЕТЕЙ С 3-Х ЛЕТ ПРОТИВОПРОСТУДНЫЙ 100МЛ | ЮГ ООО | ЮГ ООО,,,unresolved_catalog,ok,True,,
9941,ПАРОДОНТОЦИД ОПОЛАСКИВАТЕЛЬ ДЛЯ ПОЛОСТИ РТА 250МЛ | МОСКОВСКАЯ ФФ | МОСКОВСКАЯ ФФ,,,unresolved_catalog,ok_partial,True,,
11272,НООТРОП КАПС. №48 | ВИС ООО | ВИС ООО,,,unresolved_catalog,ok,True,,
12389,"МЯТЫ ПЕРЕЧНОЙ ЛИСТЬЯ Ф/П 1,5Г №20 ЗДОРОВЬЕ | ЗДОРОВЬЕ ФИРМА ООО | ЗДОРОВЬЕ ФИРМА ООО",,,unresolved_catalog,ok_partial,True,,
18179,КАЛЬЦИЯ ГЛЮКОНАТ ЭКО ТАБЛ. ПО 500МГ №10 | ЭКОТЕКС ООО | ЭКОТЕКС ООО,,,unresolved_catalog,ok,True,,
18830,ИЗЖОГАНЕТ АНТАЦИДНЫЙ КОМПЛЕКС СО ВКУСОМ МЯТЫ ТАБЛ. 600МГ №40 | ГРИН САЙД ООО | ГРИН САЙД ООО,,,unresolved_catalog,ok,True,,
19198,ЗВЕРОБОЯ ТРАВА 50Г ФИТОФАРМ | ФИТОФАРМ ООО | ФИТОФАРМ ООО,,,unresolved_catalog,ok_partial,True,,
21387,ГЕПАВИЗИМ ФОСФОЛИПИДЫ+L-ОРИНИТИН+КУРКУМИН КАПС. ПО 495МГ №30 | ВТФ ООО | ВТФ ООО,,,unresolved_catalog,ok,True,,
22548,ВЕЧЕРНЕЕ ВАЛЕРИАНА+МЯТА+МЕЛИССА ДРАЖЕ №50 ПАРАФАРМ | ПАРАФАРМ ООО | ПАРАФАРМ ООО,,,unresolved_catalog,ok,True,,
23695,БИОРИТМ АНТИСТРЕСС 24 ДЕНЬ/НОЧЬ ТАБЛ. П/О №32 | ЭВАЛАР ЗАО | ЭВАЛАР ЗАО,,,unresolved_catalog,ok,True,,
26319,"АЛТАЙ ФИТОЧАЙ КИПРЕЯ ТРАВА Ф/П 1,5Г №20 | АЛТАЙСКИЙ КЕДР ООО | АЛТАЙСКИЙ КЕДР ООО",,,unresolved_catalog,ok,True,,
9993,ПАРАЦЕТАМОЛ ТАБЛ. 500МГ №10 ОЗОН | ОЗОН ООО | ОЗОН ООО,Парацетамол,enrichment,unresolved_catalog,ok,False,,
9996,ПАРАЦЕТАМОЛ СУСП. Д/ПРИЕМА ВНУТРЬ ДЛЯ ДЕТЕЙ 120МГ/5МЛ ФЛ. 100МЛ СИНТЕЗ | СИНТЕЗ | СИНТЕЗ,Парацетамол,enrichment,unresolved_catalog,ok,False,,
10005,ПАРАЦЕТАМОЛ РЕНЕВАЛ ТАБЛ. 500МГ №20 | ОБНОВЛЕНИЕ ПФК АО | ОБНОВЛЕНИЕ ПФК АО,Парацетамол,enrichment,unresolved_catalog,ok,False,,
10009,ПАРАЦЕТАМОЛ ДЕТСКИЙ СУСП. Д/ПРИЕМА ВНУТРЬ МАЛИНА 120МГ/5МЛ ФЛ. 100Г ФАРМСТАНДАРТ | ФАРМСТАНДАРТ-ЛЕКСРЕДСТВА ОАО | ФАРМСТАНДАРТ-ЛЕКСРЕДСТВА ОАО,Парацетамол,enrichment,unresolved_catalog,ok,False,,
10097,ПАНТОКАЛЬЦИН ТАБЛ. 500МГ №50 | ВАЛЕНТА ФАРМ АО | ВАЛЕНТА ФАРМ АО,Гопантеновая кислота,enrichment,unresolved_catalog,ok,False,,
12495,МУКОСАТ МАЗЬ Д/НАРУЖ. ПРИМ. 5% ТУБА 30Г | ЗЕЛЕНАЯ ДУБРАВА ЗАО | ЗЕЛЕНАЯ ДУБРАВА ЗАО,Хондроитина Сульфат Натрия,enrichment,unresolved_catalog,ok,False,,
13533,МЕЛЬДОНИЙ КАПС. 500МГ №60 ФАРМСТАНДАРТ | ФАРМСТАНДАРТ-ЛЕКСРЕДСТВА ОАО | ФАРМСТАНДАРТ-ЛЕКСРЕДСТВА ОАО,Мельдоний,enrichment,unresolved_catalog,ok,False,,
