normalized_text,attr_mnn,attr_rx_otc,mnn_uteka,rx_uteka,mnn_asna,rx_asna,mnn_apteka,rx_apteka,mnn_vidal,rx_vidal,mnn_stolichki,rx_stolichki,win_mnn,win_rx_otc
АСКОРУТИН 50мг+50мг N50 таб. Фармцентр вилар АО | Фармцентр Вилар АО | Фармцентр Вилар АО | N50,,otc,,,Аскорбиновая кислота+Рутозид,otc,"Аскорбиновая кислота, Рутозид",,Аскорбиновая кислота,otc,,,"Аскорбиновая кислота, Рутозид",otc
ТАУФОН ТАБС ЛЮТЕИН N120 таб. покрытые пленочной оболочкой Фармстандарт-УфаВИТА ОАО | Фармстандарт-Уфавита ОАО | Фармстандарт-Уфавита ОАО | N120,Комплекс,,,otc,,,,,,otc,,,,otc
"БИФРАДУАЛ 0,25мг/мл + 0,5мг/мл 20мл р-р д/ингаляций ЮжФарм ООО | ЮжФарм ООО | ЮжФарм ООО",,rx,,,Ипратропия бромид + Фенотерол,rx,"Фенотерол, Ипратропия бромид",rx,Фенотерол,rx,,,"Фенотерол, Ипратропия бромид",rx
КОЛИСТИН 80мг (1000000 ЕД) N28 порошок д/приготовления р-ра д/ингаляций Кселлия Фармасьютикалс АпС | Кселлия фармасьютикалс АпС | Кселлия фармасьютикалс АпС | N28,Колистин,rx,,,,,Колистиметат натрия,rx,,,,,Колистиметат натрия,
"БИСОМОР 2,5мг N30 таб. покрытые пленочной оболочкой Эдж Фарма Прайвет | Эдж Фарма Прайвет Лимитед | Эдж Фарма Прайвет Лимитед | N30",,рецептурный,Бисопролол,rx,Бисопролол,rx,Бисопролол,rx,Бисопролол,rx,,,Бисопролол,rx
ЭКОКУРМАКС капс. липосомальный комплекс с куркумином N60 Вектор-Медика АО | Вектор-Медика АО | Вектор-Медика АО | N60,Куркумин,,,,,,,,,,,,,
ДИКЛОФАРМ 25мг/мл 3мл N5 р-р для в/м введения ВетПром АД | ВетПром АД | ВетПром АД | N5,,rx,Диклофенак,rx,Диклофенак,otc,Диклофенак,rx,Диклофенак,otc,,,Диклофенак,rx
ТИГАЦИЛ 50мг N10 лиофилизат д/приготовления р-ра д/инфузий Wyeth Lederle S.p.A | Wyeth lederle Spa | Wyeth lederle Spa | N10,,рецептурный,Тигециклин,rx,,,,,Тигециклин,rx,,,Тигециклин,rx
"МЕКСИКОР 50мг/мл 5мл N20 р-р для в/в и в/м введения ГосЗМП, ФГУП | Госзмп ФГУП | Госзмп ФГУП | N20",,рецептурный,Этилметилгидроксипиридина сукцинат,rx,Этилметилгидроксипиридина сукцинат,rx,,,Этилметилгидроксипиридина сукцинат,rx,,,Этилметилгидроксипиридина сукцинат,rx
ЮНИДОКС СОЛЮТАБ ТАБЛ. ДИСПЕРГ. 100МГ №20 | ЗИО-ЗДОРОВЬЕ ЗАО | ЗИО-ЗДОРОВЬЕ ЗАО,,rx,Доксициклин,rx,Доксициклин,rx,Доксициклин,rx,Доксициклин,rx,,,Доксициклин,rx
ЭФФЕРАЛГАН ТАБЛ. ШИПУЧ. 500МГ №16 | УПСА САС | УПСА САС,,otc,Парацетамол,otc,Парацетамол,otc,Парацетамол,,Парацетамол,otc,,,Парацетамол,otc
ЭТОРЕЛЕКС ТАБЛ. П/ПЛЕН/ОБ. 90МГ №28 | ФАРМАСИНТЕЗ АО | ФАРМАСИНТЕЗ АО,,rx,Эторикоксиб,rx,Эторикоксиб,rx,Эторикоксиб,rx,Эторикоксиб,rx,,,Эторикоксиб,rx
ЭНАП ТАБЛ. 5МГ №20 | КРКА-РУС ООО | КРКА-РУС ООО,,rx,Эналаприл,rx,Эналаприл,rx,Эналаприл,rx,Эналаприл,rx,,,Эналаприл,rx
ЭМСИБЕЛ Р-Р Д/ИН. 10МГ/МЛ АМП. 1МЛ №10 | БЕЛМЕДПРЕПАРАТЫ РУП | БЕЛМЕДПРЕПАРАТЫ РУП,,rx,Метилэтилпиридинол,rx,Метилэтилпиридинол,rx,Метилэтилпиридинол,rx,Метилэтилпиридинол,rx,,,Метилэтилпиридинол,rx
ЭЛИДЕЛ КРЕМ Д/НАРУЖ. ПРИМ. 1% ТУБА 15Г | МЕДА МАНУФАКЧУРИНГ | МЕДА МАНУФАКЧУРИНГ,,рецептурный,Пимекролимус,rx,Пимекролимус,rx,Пимекролимус,rx,Пимекролимус,rx,,,Пимекролимус,rx
ЭКОФУЦИН СУПП. ВАГ. 100МГ №3 | ///АВВА РУС АО | ///АВВА РУС АО,,otc,Натамицин,otc,,,,,Натамицин,otc,,,Натамицин,otc
ЭЙФА АЦ ГРАН. Д/Р-РА Д/ПРИЕМА ВНУТРЬ 200МГ ПАК-САШЕ №20 | ОБНОВЛЕНИЕ ПФК АО | ОБНОВЛЕНИЕ ПФК АО,,otc,Ацетилцистеин,otc,,,,,Ацетилцистеин,otc,,,Ацетилцистеин,otc
ЭВАМЕНОЛ НАЗО КАПЛИ НАЗ. 1%+3% ФЛ-КАП. 12МЛ | МОСКОВСКАЯ ФФ | МОСКОВСКАЯ ФФ,,otc,,,Левоментол+Фенилсалицилат,otc,"Фенилсалицилат, Левоментол",,Levomenthol,otc,,,"Левоментол, Фенилсалицилат",otc
ШПРИЦ ОДНОРАЗ. 3-Х КОМП. 20МЛ LUER-SLIP ИГЛА ПРИЛОЖ. 21G №1 VM | VOGT MEDICAL | VOGT MEDICAL | 21 G,,,,,,,,,,,,,,
"ШПРИЦ ИНСУЛИН. МИКРО-ФАЙН ПЛЮС U-100 3-Х КОМП. 0,5МЛ ИГЛА 29G №10 | БЕКТОН ДИКИНСОН | БЕКТОН ДИКИНСОН | 29 G",,,,,,,,,,,,,,
ШПРИЦ ИНСУЛИН. U-40 ОДНОРАЗ. 3-Х КОМП. 1МЛ ИГЛА 26G №1 SFM | СФМ ГОСПИТАЛ ПРОДАКТС ГМБХ | СФМ ГОСПИТАЛ ПРОДАКТС ГМБХ | 26 G,,,,,,otc,,,,,,,,
ШПРИЦ ИНЕКТА ИНСУЛИН. ОДНОРАЗ. 3-КОМП. 1МЛ ИГЛА 26G №1 | БЕЙДЖИНГ ФОРНЁРС МЕДИКАЛ ЭКВИПМЕНТ КО. | БЕЙДЖИНГ ФОРНЁРС МЕДИКАЛ ЭКВИПМЕНТ КО. | 26 G,,,,,,,,,,,,,,
ЧЕРНИКА ФОРТЕ С ЛЮТЕИНОМ КАПС. №45 ФАРМ-ПРО | ФАРМ-ПРО ПК ООО | ФАРМ-ПРО ПК ООО,Комплекс,,,,Черники обыкновенной плоды,otc,,,,otc,,,Черники обыкновенной плоды,otc
ЦИННАБСИН ТАБЛ. Д/РАССАС. ГОМЕОП. №100 | ДОЙЧЕ ХОМЕОПАТИ-УНИОН ДХУ | ДОЙЧЕ ХОМЕОПАТИ-УНИОН ДХУ,,otc,,otc,,,,,,otc,,,,otc
ЦЕРЕБРОЛИЗАТ Р-Р ДЛЯ В/М ВВЕД. АМП. 1МЛ №10 БЕЛМЕДПРЕПАРАТЫ | БЕЛМЕДПРЕПАРАТЫ РУП | БЕЛМЕДПРЕПАРАТЫ РУП,,rx,Мозга крупного рогатого скота гидролизат,rx,,,,,,rx,,,Мозга крупного рогатого скота гидролизат,rx
ХОНСАТ Р-Р ДЛЯ В/М ВВЕД. 100МГ/МЛ АМП. 2МЛ №5 | Армавирская биологическая фабрика/Эллара ООО | Армавирская биологическая фабрика/Эллара ООО,,rx,Хондроитина сульфат,rx,Хондроитина сульфат,rx,,,Хондроитина сульфат натрия,rx,,,Хондроитина сульфат,rx
ХОНДА МСМ ТАБЛ. П/О 2Г №120 | ЭВАЛАР ЗАО | ЭВАЛАР ЗАО,МСМ,,,,,otc,,,,otc,,,,otc
ХЛОРОФИЛЛИПТ ТАБЛ. Д/РАССАС. 25МГ №20 ВИФИТЕХ | ВИФИТЕХ | ВИФИТЕХ,,без рецепта,Эвкалипта листьев экстракт,otc,Эвкалипта листьев экстракт,otc,,,Листья эвкалипта,otc,,,Эвкалипта листьев экстракт,otc
ФУРАЦИЛИН ТАБЛ. Д/Р-РА Д/МЕСТН. И НАРУЖ. ПРИМ. 20МГ №10 ИРБИТСКИЙ ХФЗ | ИРБИТСКИЙ ХИМЗАВОД ОАО | ИРБИТСКИЙ ХИМЗАВОД ОАО,,otc,Нитрофурал,otc,,,,,Прокаин,otc,,,,otc
ФУРАЦИЛИН ПОР. Д/Р-РА Д/МЕСТН. И НАРУЖ. ПРИМ. 20МГ ПАКЕТ №10 МЕЛИГЕН | МЕЛИГЕН ФП | МЕЛИГЕН ФП,,otc,Нитрофурал,otc,Витамин Е + Ретинол,otc,,,,,,,,otc
ФОСФОГЛИВ КАПС. №96 | ФАРМСТАНДАРТ-ЛЕКСРЕДСТВА ОАО | ФАРМСТАНДАРТ-ЛЕКСРЕДСТВА ОАО,,otc,Глицирризиновая кислота + Фосфолипиды,otc,Фосфолипиды + Глицирризиновая кислота,otc,"Фосфолипиды, Глицирризиновая кислота",rx,,otc,,,"Глицирризиновая кислота, Фосфолипиды",otc
ФОРОЗА ТАБЛ. П/ПЛЕН/ОБ. 70МГ №12 НОВАРТИС | НОВАРТИС НЕВА ООО | НОВАРТИС НЕВА ООО,,rx,Алендроновая кислота,rx,Алендроновая кислота,rx,Алендроновая кислота,rx,Алендроновая кислота,rx,,,Алендроновая кислота,rx
"ФОРМИСОНИД ПОР. Д/ИНГ. ДОЗИР. 160МКГ+4,5МКГ/ДОЗА №60 С ИНГАЛЯТОРОМ | ФАРМСТАНДАРТ-ЛЕКСРЕДСТВА ОАО | ФАРМСТАНДАРТ-ЛЕКСРЕДСТВА ОАО",,rx,,,Будесонид + Формотерол,rx,"Будесонид, Формотерол",rx,Будесонид,rx,,,"Будесонид, Формотерол",rx
ФОРМИДРОН Р-Р Д/НАРУЖ. ПРИМ. СПИРТ. ФЛ. 50МЛ ЯРОСЛАВСКАЯ ФФ | ЯРОСЛАВСКАЯ ФФ | ЯРОСЛАВСКАЯ ФФ,,otc,Формальдегид,otc,Формальдегид,otc,Формальдегид,,Формальдегид,otc,,,Формальдегид,otc
ФЛУИМУЦИЛ-АНТИБИОТИК ИТ ЛИОФ. Д/Р-РА Д/ИН. И ИНГ. 500МГ ФЛ. №3 С РАСТВОРИТЕЛЕМ | ЗАМБОН С.П.А. | ЗАМБОН С.П.А.,,rx,Тиамфеникола глицинат ацетилцистеинат,rx,,,,,"Тиамфеникол, глицинат ацетилцистеинат",rx,,,Тиамфеникола глицинат ацетилцистеинат,rx
ФЛИКСОТИД АЭРОЗ. Д/ИНГАЛ. ДОЗИР. 250МКГ/ДОЗА ФЛ. 60ДОЗ | ГЛАКСО ВЭЛЛКОМ С.А. | ГЛАКСО ВЭЛЛКОМ С.А.,,rx,Флутиказон,rx,Флутиказон,rx,Флутиказон,rx,Флутиказон,rx,,,Флутиказон,rx
"ФЛАМАДЕКС ГЕЛЬ Д/НАРУЖН. ПРИМ. 2,5% ТУБА 50Г | ФАРМВИЛАР НПО ООО | ФАРМВИЛАР НПО ООО",,rx,Декскетопрофен,otc,Декскетопрофен,otc,Декскетопрофен,,Декскетопрофен,otc,,,Декскетопрофен,otc
ФИМИЦИЛ ПСИЛЛИУМ+СЛИВА ПОР Д/ПРИЕМА ВНУТРЬ ПАКЕТ-САШЕ 5Г №12 | ФАРМАЦЕВТИЧЕСКАЯ ФАБРИКА ООО | ФАРМАЦЕВТИЧЕСКАЯ ФАБРИКА ООО,Комплекс,,,,,,,,,,,,,
УРОНОРМИН-Ф ПОР. Д/Р-РА Д/ПРИЕМА ВНУТРЬ 3Г ПАК. 8Г №2 | ФАРМСТАНДАРТ-ЛЕКСРЕДСТВА ОАО | ФАРМСТАНДАРТ-ЛЕКСРЕДСТВА ОАО,,rx,Фосфомицин,rx,Фосфомицин,rx,Фосфомицин,rx,Фосфомицин,rx,,,Фосфомицин,rx
ТУРАМИН ХРОМ КАПС. №90 | ВИС ООО | ВИС ООО,Хром,,,,,,,,,,,,,
"ТУДЖЕО СОЛО СТАР Р-Р ДЛЯ П/К ВВЕД. 300ЕД/МЛ КАРТРИДЖ В ШПРИЦ-РУЧКЕ 1,5МЛ №5 | САНОФИ-АВЕНТИС ДОЙЧЛАНД ГМБХ/САНОФИ-АВЕНТИС ВОСТОК ЗАО | САНОФИ-АВЕНТИС ДОЙЧЛАНД ГМБХ/САНОФИ-АВЕНТИС ВОСТОК ЗАО",,rx,,,,,,,,,,,,
"ТРИНЕЙРО ТАБЛ. П/ПЛЕН/ОБ. 200МГ+100МГ+0,2МГ №60 | МАРБИОФАРМ ОАО | МАРБИОФАРМ ОАО",,otc,,,Пиридоксин+Тиамин+Цианокобаламин,rx,,,,rx,,,"Пиридоксин, Тиамин, Цианокобаламин",rx
ТРИМЕТАЗИДИН МВ РЕНЕВАЛ ТАБЛ. ПРОЛОНГ. ВЫСВ. П/ПЛЕН/ОБ. 35МГ №60 | ОБНОВЛЕНИЕ ПФК АО | ОБНОВЛЕНИЕ ПФК АО,Триметазидин,rx,Триметазидин,rx,Нафазолин,otc,"Ацетилсалициловая кислота, Аскорбиновая кислота",,Розувастатин,rx,,,,rx
ТРИМЕКТАЛ МВ ТАБЛ. МОДИФ. ВЫСВ. П/ПЛЕН/ОБ. 35МГ №120 ВЕРТЕКС | ВЕРТЕКС АО | ВЕРТЕКС АО,,rx,Триметазидин,rx,Триметазидин,rx,Триметазидин,rx,Триметазидин,rx,,,Триметазидин,rx
ТРЕСИБА Р-Р ДЛЯ П/К ВВЕД. 100ЕД/МЛ КАРТРИДЖ В ШПРИЦ-РУЧКЕ ФЛЕКСПЕН 3МЛ №5 | НОВО НОРДИКС А/С | НОВО НОРДИКС А/С,,rx,Инсулин деглудек,rx,Инсулин деглудек,rx,Инсулин деглудек,rx,Инсулин деглудек,rx,,,Инсулин деглудек,rx
ТРАВОКОРТ КРЕМ Д/НАРУЖ. ПРИМ. 1МГ+10МГ/Г ТУБА 15Г | ЛЕО ФАРМА МАНУФЭКЧУРИНГ ИТАЛИ С.Р.Л. | ЛЕО ФАРМА МАНУФЭКЧУРИНГ ИТАЛИ С.Р.Л.,,rx,Дифлукортолон + Изоконазол,rx,,,,,Изоконазол,rx,,,"Изоконазол, Дифлукортолон",rx
ТОРВАКАРД ТАБЛ. П/ПЛЕН/ОБ. 20МГ №90 | САНЕКА ФАРМАСЬЮТИКАЛС А.С. | САНЕКА ФАРМАСЬЮТИКАЛС А.С.,,рецептурный,Аторвастатин,rx,Аторвастатин,rx,Аторвастатин,rx,Аторвастатин,rx,,,Аторвастатин,rx
ТОРАКСОЛ СОЛЮШН ТАБЛЕТС ТАБЛ. ДИСПЕРГ. 60МГ №10 | ОЗОН ООО | ОЗОН ООО,,,Амброксол,otc,Амброксол,otc,Амброксол,,Амброксол,otc,,,Амброксол,otc
"ТОЛПЕРИЗОН+ЛИДОКАИН-БИНЕРГИЯ Р-Р ДЛЯ В/М ВВЕД. 100МГ/МЛ+2,5МГ/МЛ АМП. 1МЛ №10 | КУРСКАЯ БИОФАБРИКА - ФИРМА БИОК ФГУП | КУРСКАЯ БИОФАБРИКА - ФИРМА БИОК ФГУП",Толперизон + Лидокаин,rx,,,Гидрокортизон* + Лидокаин,rx,Ницерголин,rx,Доксазозин,rx,,,,rx
ТОКСИКОДЕНДРОН КВЕРЦИФОЛИУМ (РУС ТОКСИКОДЕНДРОН) С30 ГРАН. ГОМЕОП. 5Г | ДОКТОР Н ООО | ДОКТОР Н ООО,Токсикодендрон кверцифолиум,otc,,otc,,,,,,,,,,
ТИОЦЕТАМ Р-Р ДЛЯ В/В И В/М ВВЕД. 25МГ/МЛ+100МГ/МЛ АМП. 5МЛ №10 | ОЗОН ООО | ОЗОН ООО,,rx,,,,,,,Пирацетам,rx,,,Пирацетам,
ТИМОГЕН Р-Р ДЛЯ В/М ВВЕД. 100МКГ/МЛ АМП. 1МЛ №5 | ЦИТОМЕД МБНПК | ЦИТОМЕД МБНПК,,rx,Альфа-глутамил-триптофан,rx,Альфа-глутамил-триптофан,rx,Альфа-глутамил-триптофан,rx,Альфа-глутамил-триптофан,rx,,,Альфа-глутамил-триптофан,rx
"ТИЗОПТАН КАПЛИ ГЛАЗН. 0,3МГ/МЛ+5МГ/МЛ ФЛ. 3МЛ №1 | СЕНТИСС ФАРМА ПВТ. ЛТД. | СЕНТИСС ФАРМА ПВТ. ЛТД.",,rx,Биматопрост + Тимолол,rx,Биматопрост* + Тимолол,rx,"Биматопрост, Тимолол",rx,Тимолол,rx,,,"Тимолол, Биматопрост",rx
ТЕРБИНАФИН КРЕМ Д/НАРУЖ. ПРИМ. 1% ТУБА 30Г ОКСФОРД ЛАБОРАТОРИЗ | ОКСФОРД ЛАБОРАТОРИЗ ПВТ. ЛТД | ОКСФОРД ЛАБОРАТОРИЗ ПВТ. ЛТД,Тербинафин,otc,Тербинафин,otc,,,Тербинафин,,,,,,Тербинафин,
"ТЕРАФЛЮ ОТ ГРИППА И ПРОСТУДЫ ПОР. Д/Р-РА Д/ПРИЕМА ВНУТРЬ ЛИМОН ПАК. 22,1Г №10 | ГКС КОНСЬЮМЕР ХЕЛС ИНК./ФАМАР ОРЛЕАН | ГКС КОНСЬЮМЕР ХЕЛС ИНК./ФАМАР ОРЛЕАН",,безрецептурный,Парацетамол + Фенирамин + Фенилэфрин,otc,Парацетамол+Фенилэфрин+Фенирамин+Аскорбиновая кислота,otc,"Парацетамол, Аскорбиновая кислота, Фенирамин, Фенилэфрин",,,otc,,,"Парацетамол, Фенилэфрин, Фенирамин, Аскорбиновая кислота",otc
ТЕМПОНОРМ ФЛЮ ПОР. Д/Р-РА Д/ПРИЕМА ВНУТРЬ 325МГ+10МГ+20МГ+50МГ ПАК. №5 | ФАРМВИЛАР НПО ООО | ФАРМВИЛАР НПО ООО,,безрецептурный,,,Парацетамол+Фенилэфрин+Фенирамин+Аскорбиновая кислота,otc,,,,otc,,,"Парацетамол, Фенилэфрин, Фенирамин, Аскорбиновая кислота",otc
"ТЕВАГРАСТИМ Р-Р ДЛЯ В/В П/К ВВЕД. 60 МЛН.МЕ/МЛ ШПРИЦ 0,8МЛ №1+УСТР. БЕЗОП. ИГЛ | ТЕВА ФАРМАЦЕВТИЧЕСКИЕ ПРЕДПРИЯТИЯ ЛТД. | ТЕВА ФАРМАЦЕВТИЧЕСКИЕ ПРЕДПРИЯТИЯ ЛТД.",,рецептурный,,,Филграстим,rx,Филграстим,rx,Филграстим,rx,,,Филграстим,rx
ТАУРИН 1000 ТАБЛ. П/О ПО 1545МГ №30 | КВАДРАТ-С ООО | КВАДРАТ-С ООО,Таурин,,,,,,Таурин,,,,,,Таурин,
СУПРИМА-БРОНХО СИРОП ФЛ. 100МЛ | ШРЕЯ ЛАЙФ САЕНСИЗ ПВТ.ЛТД | ШРЕЯ ЛАЙФ САЕНСИЗ ПВТ.ЛТД,,otc,,otc,,,"Дихлорбензиловый спирт, Амилметакрезол",,,otc,,,"Дихлорбензиловый спирт, Амилметакрезол",otc
СТРЕГА ТАБС ТАБЛ. П/ПЛЕН/ОБ. 5МГ №7 | Синтон Испания С.Л. | Синтон Испания С.Л.,,rx,Левоцетиризин,otc,,,Левоцетиризин,,Левоцетиризин,otc,,,Левоцетиризин,otc
"СПАЗМОФАРМ Р-Р ДЛЯ В/М ВВЕД. 500МГ/МЛ+2МГ/МЛ+0,02МГ/МЛ АМП. 5МЛ №10 | ВетПром АД | ВетПром АД",,rx,,,Метамизол натрия + Питофенон + Фенпивериния бромид,rx,,,Метамизол натрия,rx,,,"Метамизол натрия, Питофенон, Фенпивериния бромид",rx
СИНУСЭФРИН СПРЕЙ НАЗ. ФЛ. 15МЛ | ТУЛЬСКАЯ ФАРМАЦЕВТИЧЕСКАЯ ФАБРИКА ООО | ТУЛЬСКАЯ ФАРМАЦЕВТИЧЕСКАЯ ФАБРИКА ООО,,otc,Дексаметазон + Неомицин + Полимиксин B + Фенилэфрин,rx,Дексаметазон* + Неомицин* + Полимиксин B* + Фенилэфрин,rx,"Неомицин, Полимиксин В, Дексаметазон, Фенилэфрин",rx,,rx,,,"Дексаметазон, Неомицин, Фенилэфрин, Полимиксин B",rx
СИНТОМИЦИН ЛИНИМЕНТ 10% ТУБА 25Г НИЖФАРМ | НИЖФАРМ ОА | НИЖФАРМ ОА,,otc,"D,L-хлорамфеникол",otc,"Хлорамфеникол [D,L]",rx,,,Хлорамфеникол,rx,,,"Хлорамфеникол [D,L]",rx
"СИНАФЛАН МАЗЬ Д/НАРУЖ. ПРИМ. 0,025% ТУБА 10Г МУРОМСКИЙ ПСЗ | МУРОМСКИЙ ПЗ | МУРОМСКИЙ ПЗ",,rx,Флуоцинолона ацетонид,otc,Флуоцинолона ацетонид,otc,Флуоцинолона ацетонид,,Флуоцинолона ацетонид,otc,,,Флуоцинолона ацетонид,otc
СИАЛОР (ПРОТАРГОЛ) 2% 10МЛ ТАБЛЕТКА+РАСТВОРИТЕЛЬ КАПЛИ | ОБНОВЛЕНИЕ ПФК АО | ОБНОВЛЕНИЕ ПФК АО,,otc,Серебра протеинат,otc,Серебра протеинат,otc,Серебра протеинат,,Серебра протеинат,otc,,,Серебра протеинат,otc
СИАВЕЛЛ ТАБЛ. П/ПЛЕН/ОБ. 20МГ №1 | Велфарм ООО | Велфарм ООО,,rx,Тадалафил,rx,,,,,Тадалафил,rx,,,Тадалафил,rx
"СЕПТОЛЕТЕ ТОТАЛ ТАБЛ. Д/РАССАС. 3МГ+1МГ ЛИМОН-БУЗИНА №8 | КРКА, Д.Д., НОВО МЕСТО АО | КРКА, Д.Д., НОВО МЕСТО АО",,безрецептурный,Бензидамин+Цетилпиридиния хлорид,otc,Цетилпиридиния хлорид*+бензидамин,otc,"Цетилпиридиния хлорид, Бензидамин",,Цетилпиридиния хлорид,otc,,,"Цетилпиридиния хлорид, Бензидамин",otc
САНДРА ТАБЛ. П/ЯЗЫЧН. ГОМЕОП. 250МГ №30 | ВИЛАР ФАРМЦЕНТР | ВИЛАР ФАРМЦЕНТР,,otc,,,,otc,,,,otc,,,,otc
"РИНОМАРИС СПРЕЙ НАЗ. 0,1% ФЛ. 15МЛ | ЯДРАН-ГАЛЕНСКИ ЛАБОРАТОРИЙ А.О. | ЯДРАН-ГАЛЕНСКИ ЛАБОРАТОРИЙ А.О.",,otc,Ксилометазолин,otc,Ксилометазолин,otc,"Натрия гиалуронат, Ксилометазолин",,Ксилометазолин,otc,,,Ксилометазолин,otc
РИНИКОЛД ХОТКАП ПОР. Д/Р-РА Д/ПРИЕМА ВНУТРЬ ЛИМОН САШЕ 5Г №10 | ШРЕЯ ЛАЙФ САЕНСИЗ ПВТ.ЛТД | ШРЕЯ ЛАЙФ САЕНСИЗ ПВТ.ЛТД,,otc,Кофеин + Парацетамол + Фенилэфрин + Фенирамин,otc,,,"Парацетамол, Кофеин, Фенирамин, Фенилэфрин",,,otc,,,"Кофеин, Парацетамол, Фенилэфрин, Фенирамин",otc
РИНЗА КИДС ПОР. Д/Р-РА Д/ПРИЕМА ВНУТРЬ МАЛИНА ПАК-САШЕ ПО 3Г №10 | ЮНИК ФАРМАСЬЮТИКАЛ ЛАБОРАТОРИЗ (ОТДЕЛЕНИЕ ФИРМЫ ДЖ.Б.КЕМИКАЛС ЭНД ФАРМАСЬЮТИКАЛС ЛТД) | ЮНИК ФАРМАСЬЮТИКАЛ ЛАБОРАТОРИЗ (ОТДЕЛЕНИЕ ФИРМЫ ДЖ.Б.КЕМИКАЛС ЭНД ФАРМАСЬЮТИКАЛС ЛТД),,безрецептурный,Парацетамол + Фенилэфрин + Аскорбиновая кислота,otc,Парацетамол* + Фенирамин* + Аскорбиновая кислота,otc,"Парацетамол, Аскорбиновая кислота, Фенирамин",,Парацетамол,otc,,,"Парацетамол, Аскорбиновая кислота, Фенирамин",otc
РИНГЕР-СОЛОФАРМ Р-Р Д/ИНФ. ФЛ. ПОЛИПРОП. 500МЛ №20 ГРОТЕКС | ГРОТЕКС ООО | ГРОТЕКС ООО,,rx,Натрия хлорида раствор сложный [Калия хлорид + Кальция хлорид + Натрия хлорид],rx,Калия хлорид+Кальция хлорид+Натрия хлорид,rx,,,Натрия хлорида раствор сложный,rx,,,"Натрия хлорид, Калия хлорид, Кальция хлорид",rx
"РЕСТАСИС КАПЛИ ГЛАЗН. 0,05% ФЛ. 0,4МЛ №30 | АЛЛЕРГАН СЕЙЛС ЛЛС | АЛЛЕРГАН СЕЙЛС ЛЛС",,рецептурный,Циклоспорин,rx,Циклоспорин,rx,Циклоспорин,rx,Циклоспорин,rx,,,Циклоспорин,rx
РЕННИ ТАБЛ. ЖЕВ. С АПЕЛЬСИНОВЫМ ВКУСОМ 680МГ+80МГ №48 | ДЕЛФАРМ ГАЙЯРД | ДЕЛФАРМ ГАЙЯРД,,otc,,,Кальция карбонат + Магния карбонат,otc,"Кальция карбонат, Магния карбонат",,Кальция карбонат,otc,,,"Кальция карбонат, Магния карбонат",otc
РЕАФЕРОН-ЕС ЛИОФ. Д/Р-РА Д/ИН. И МЕСТН. ПРИМ. 3МЛН МЕ АМП. №5 | ВЕКТОР-МЕДИКА АО | ВЕКТОР-МЕДИКА АО,,рецептурный,Интерферон альфа-2b человеческий рекомбинантный,rx,Интерферон альфа-2b,rx,Интерферон альфа-2b,rx,Интерферон альфа-2b,rx,,,Интерферон альфа-2b,rx
РАЦИОНИКА АСКОРБИНКА БЕЗ САХАРА ПРИ ДИАБЕТЕ ТАБЛ. №10 | АРТ СОВРЕМЕННЫЕ НАУЧНЫЕ ТЕХНОЛОГИИ ООО | АРТ СОВРЕМЕННЫЕ НАУЧНЫЕ ТЕХНОЛОГИИ ООО,Аскорбиновая кислота,,,otc,,,,,,,,,,
РАМНИПРАЗОЛ ТАБЛ. КИШ-РАСТ. П/О 10МГ №28 | ТАТХИМФАРМПРЕПАРАТЫ АО | ТАТХИМФАРМПРЕПАРАТЫ АО,рамнипразол,rx,Рабепразол,otc,,,Рабепразол,,,,,,Рабепразол,
РАЛЕФ ТАБЛ. П/ПЛЕН/ОБ. 20МГ №30 | ОБОЛЕНСКОЕ ФП АО | ОБОЛЕНСКОЕ ФП АО,,rx,Лефлуномид,rx,,,,,Лефлуномид,rx,,,Лефлуномид,rx
РАЗАГИЛИН МЕДИСОРБ ТАБЛ. 1МГ №30 | МЕДИСОРБ АО | МЕДИСОРБ АО,разагилин,рецептурный,Разагилин,rx,Разагилин,rx,Разагилин,rx,Разагилин,rx,,,Разагилин,rx
"ПУЛЬМИКОРТ СУСП.Д/ИНГАЛ. ДОЗИР. 0,25МГ/МЛ КОНТ. 2МЛ №20 | АСТРАЗЕНЕКА АБ | АСТРАЗЕНЕКА АБ",,rx,Будесонид,rx,Будесонид,rx,Будесонид,rx,Будесонид,rx,,,Будесонид,rx
ПРОСТУДОКС ПОР. Д/Р-РА Д/ПРИЕМА ВНУТРЬ ЛИМОН 5Г №5 | СИНТЕЗ | СИНТЕЗ,,otc,Парацетамол + Фенилэфрин + Аскорбиновая кислота,otc,Парацетамол + Фенилэфрин + Аскорбиновая кислота,otc,"Парацетамол, Аскорбиновая кислота, Фенилэфрин",,Аскорбиновая кислота,otc,,,"Аскорбиновая кислота, Парацетамол, Фенилэфрин",otc
"ПРОЛАТАН КАПЛИ ГЛАЗН. 0,005% ФЛ. 2,5МЛ №3 | СЕНТИСС ФАРМА ПВТ. ЛТД. | СЕНТИСС ФАРМА ПВТ. ЛТД.",,,Латанопрост,rx,Латанопрост,rx,Латанопрост,rx,Латанопрост,rx,,,Латанопрост,rx
ПРЕДУКТАЛ ОД КАПС. ПРОЛОНГ. 80МГ №30 | СЕРВЬЕ РУС ООО | СЕРВЬЕ РУС ООО,,рецептурный,Триметазидин,rx,Триметазидин,rx,Триметазидин,rx,Триметазидин,rx,,,Триметазидин,rx
ПРАЙМ КРАФТ КОЛЛАГЕН МОРСКОЙ РЫБНЫЙ НАТУРАЛЬНЫЙ (БЕЗ ДОБАВОК) КАПС. ПО 630МГ №180 | БАРГУС ПРОДАКШН ООО | БАРГУС ПРОДАКШН ООО,Коллаген,,,,,otc,,,,,,,,
ПОДОРОЖНИКА СИРОП ФЛ. 100МЛ ВИФИТЕХ | ВИФИТЕХ | ВИФИТЕХ,Подорожника большого листьев экстракт,otc,,,,,,,,,,,,
ПЛЕНДИЛ ТАБЛ. ПРОЛОНГ. П/ПЛЕН/ОБ. 5МГ №30 | АСТРАЗЕНЕКА ФАРМАСЬЮТИКАЛЗ | АСТРАЗЕНЕКА ФАРМАСЬЮТИКАЛЗ,,rx,Фелодипин,rx,Фелодипин,rx,,,Фелодипин,rx,,,Фелодипин,rx
ПЛАНИЖЕНС ЛЕВО ТАБЛ. П/О 150МКГ+30МКГ №21 | ФАРМАСИНТЕЗ-ТЮМЕНЬ ООО | ФАРМАСИНТЕЗ-ТЮМЕНЬ ООО,,rx,,,Левоноргестрел+Этинилэстрадиол,rx,,,Этинилэстрадиол,rx,,,"Этинилэстрадиол, Левоноргестрел",rx
"ПИТАВАСТОР ТАБЛ. П/ПЛЕН/ОБ. 4МГ №28 | ВАН ИН ФАРМ. КО., ЛТД. | ВАН ИН ФАРМ. КО., ЛТД.",,rx,Питавастатин,rx,Питавастатин,rx,,,Питавастатин,rx,,,Питавастатин,rx
ПИРАНТЕЛ ТАБЛ. 250МГ №3 ОКСФОРД | ОКСФОРД ЛАБОРАТОРИЗ ПВТ. ЛТД | ОКСФОРД ЛАБОРАТОРИЗ ПВТ. ЛТД,Пирантел,otc,Пирантел,rx,Пирантел,rx,,,Пирантел,otc,,,Пирантел,rx
ПИНОСОЛ СПРЕЙ НАЗ. ФЛ. 10МЛ | ФАРМАК ПАО | ФАРМАК ПАО,,otc,"Мяты Перечной Масло, Тимол, Эвкалиптовое Масло, Сосны Обыкновенной Масло, Гвайязулен",otc,,otc,,,,otc,,,"Мяты Перечной Масло, Тимол, Эвкалиптовое Масло, Сосны Обыкновенной Масло, Гвайязулен",otc
ПИМАФУЦИН СУПП. ВАГ. 100МГ №3 | ТЕММЛЕР ИТАЛИА С.Р.Л | ТЕММЛЕР ИТАЛИА С.Р.Л,,otc,Натамицин,otc,,,,,Натамицин,otc,,,Натамицин,otc
ПИКАМИЛОН ТАБЛ. 50МГ №30 | ФАРМСТАНДАРТ-УФАВИТА ОАО | ФАРМСТАНДАРТ-УФАВИТА ОАО,Пикамилон,rx,Никотиноил гамма-аминомасляная кислота,rx,,,,,,,,,Никотиноил гамма-аминомасляная кислота,
ПЕРСЕН ТАБЛ. П/О №40 СОФАРМА | СОФАРМА | СОФАРМА,,безрецептурный,Валерианы лекарственной корневищ с корнями экстракт + Мелиссы лекарственной листьев экстракт + Мяты перечной листьев экстракт,otc,Валерианы лекарственной корневищ с корнями экстракт+Мелиссы лекарственной листьев экстракт+Мяты перечной листьев экстракт,otc,,,Валериана,otc,,,"Валерианы лекарственной корневищ с корнями экстракт, Мелиссы лекарственной листьев экстракт, Мяты перечной листьев экстракт",otc
ПЕНТОКСИФИЛЛИН КОНЦ. Д/Р-РА Д/ИНФ. 20МГ/МЛ АМП. 5МЛ №10 ВЕЛФАРМ | ВЕЛФАРМ ООО | ВЕЛФАРМ ООО,Пентоксифиллин,rx,,,,,,,,,,,,
ПЕНТАЛГИН НЕО ТАБЛ. П/ПЛЕН/ОБ. №10 | ФАРМСТАНДАРТ-ЛЕКСРЕДСТВА ОАО | ФАРМСТАНДАРТ-ЛЕКСРЕДСТВА ОАО,,otc,Кофеин + Напроксен + Парацетамол,otc,Кофеин+Напроксен+Парацетамол,otc,,,Парацетамол,otc,,,"Парацетамол, Кофеин, Напроксен",otc
ПАНТОКАЛЬЦИН ТАБЛ. 250МГ №50 | ВАЛЕНТА ФАРМ АО | ВАЛЕНТА ФАРМ АО,,rx,Гопантеновая кислота,rx,,,,,Гопантеновая кислота,rx,,,Гопантеновая кислота,rx
"ПАНАВИР Р-Р ДЛЯ В/В ВВЕД. 0,04МГ/МЛ АМП. 5МЛ №2 | ЭЛЛАРА ООО | ЭЛЛАРА ООО",,rx,Полисахариды побегов Solanum tuberosum,rx,Полисахариды побегов Solanum tuberosum,rx,,,Картофеля побегов сумма полисахаридов,rx,,,Полисахариды побегов Solanum tuberosum,rx
ОМИТОКС ГАСТРО КАПС. 20МГ №30 | ШРЕЯ ЛАЙФ САЕНСИЗ ПВТ.ЛТД | ШРЕЯ ЛАЙФ САЕНСИЗ ПВТ.ЛТД,,rx,Омепразол,rx,Омепразол,rx,,,Омепразол,otc,,,Омепразол,rx
"ОБЛЕПИХОВОЕ МАСЛО Д/ПРИЕМА ВНУТРЬ, МЕСТН. И НАРУЖ. ПРИМ. ФЛ. 100МЛ ТУЛЬСКАЯ ФФ | ТУЛЬСКАЯ ФАРМАЦЕВТИЧЕСКАЯ ФАБРИКА ООО | ТУЛЬСКАЯ ФАРМАЦЕВТИЧЕСКАЯ ФАБРИКА ООО",Облепиховое масло,otc,,,,,,,,,,,,
НУРОФЕН ИНТЕНСИВ ТАБЛ. П/ПЛЕН/ОБ. 200МГ+500МГ №6 | РЕКИТТ БЕНКИЗЕР | РЕКИТТ БЕНКИЗЕР,,otc,,,Ибупрофен + Парацетамол,otc,,,Ибупрофен,otc,,,"Ибупрофен, Парацетамол",otc
НОРМОДИПИН ТАБЛ. 10МГ №30 | ГЕДЕОН РИХТЕР ОАО/ГЕДЕОН РИХТЕР-РУС АО | ГЕДЕОН РИХТЕР ОАО/ГЕДЕОН РИХТЕР-РУС АО,,rx,Амлодипин,rx,Амлодипин,rx,,,Амлодипин,rx,,,Амлодипин,rx
НОВОРАПИД ФЛЕКСПЕН Р-Р ДЛЯ В/В П/К ВВЕД. 100ЕД/МЛ КАРТРИДЖ 3МЛ №5+ШПРИЦ-РУЧКА | НОВО НОРДИКС А/С | НОВО НОРДИКС А/С,,rx,Инсулин аспарт,rx,Инсулин аспарт,rx,,,Инсулин аспарт,rx,,,Инсулин аспарт,rx
НОВЕМА НАЙТ ТАБЛ. П/ПЛЕН/ОБ. 25МГ+220МГ №10 | ФАРМСТАНДАРТ-ЛЕКСРЕДСТВА ОАО | ФАРМСТАНДАРТ-ЛЕКСРЕДСТВА ОАО,,otc,,,Дифенгидрамин+Напроксен,otc,,,Дифенгидрамин,otc,,,"Дифенгидрамин, Напроксен",otc
НИТРОКСОЛИН ТАБЛ. П/О 50МГ №50 АВЕКСИМА | АВЕКСИМА СИБИРЬ ООО/ИРБИТСКИЙ ХФЗ ОАО | АВЕКСИМА СИБИРЬ ООО/ИРБИТСКИЙ ХФЗ ОАО,Нитроксолин,рецептурный,Нитрофурантоин,rx,Аллопуринол,rx,,,Азитромицин,rx,,,,rx
НИМЕСУЛИД-ВЕРТЕКС ГЕЛЬ Д/НАРУЖ. ПРИМ. 1% ТУБА 20Г | ВЕРТЕКС АО | ВЕРТЕКС АО,Нимесулид,otc,Тадалафил,rx,Флуконазол,rx,Тербинафин,,Фенол и его производные,otc,,,,rx
НЕУЛЕПТИЛ Р-Р Д/ПРИЕМА ВНУТРЬ 4% ФЛ. С КАПЕЛ. 30МЛ | А.НАТТЕРМАНН ЭНД СИЕ. ГМБХ | А.НАТТЕРМАНН ЭНД СИЕ. ГМБХ,,rx,Перициазин,rx,Перициазин,rx,,,Перициазин,rx,,,Перициазин,rx
НЕМОЗОЛ ТАБЛ. ЖЕВ. 400МГ №1 | ИПКА ЛАБОРАТОРИЗ ЛИМИТЕД | ИПКА ЛАБОРАТОРИЗ ЛИМИТЕД,,rx,Албендазол,rx,Албендазол,rx,,,Албендазол,rx,,,Албендазол,rx
"НЕЙРОМУЛЬТИВИТ ТАБЛ. П/ПЛЕН/ОБ. 200МГ+100МГ+0,2МГ №20 | Г.Л.ФАРМА ГМБХ | Г.Л.ФАРМА ГМБХ",,rx,,,Пиридоксин+Тиамин+Цианокобаламин,rx,,,Пиридоксин,rx,,,"Пиридоксин, Тиамин, Цианокобаламин",rx
"НЕБИЛОНГ Н ТАБЛ. 12,5МГ+5МГ №30 | МИКРО ЛАБС ЛИМИТЕД | МИКРО ЛАБС ЛИМИТЕД",,rx,Гидрохлоротиазид + Небиволол,rx,Гидрохлоротиазид* + Небиволол,rx,,,Небиволол,rx,,,"Небиволол, Гидрохлоротиазид",rx
НЕБИЛОНГ АМ ТАБЛ. 5МГ+5МГ №30 | МИКРО ЛАБС ЛИМИТЕД | МИКРО ЛАБС ЛИМИТЕД,,rx,Амлодипин + Небиволол,rx,Небиволол* + Амлодипин,rx,,,Амлодипин,rx,,,"Амлодипин, Небиволол",rx
НАФТИФИН Р-Р Д/НАРУЖ. ПРИМ. 1% ФЛ. 20МЛ ТУЛЬСКАЯ ФФ | ТУЛЬСКАЯ ФАРМАЦЕВТИЧЕСКАЯ ФАБРИКА ООО | ТУЛЬСКАЯ ФАРМАЦЕВТИЧЕСКАЯ ФАБРИКА ООО,нафтифин,otc,Нафтифин,otc,,,,,,,,,Нафтифин,
НАФТИФИН Р-Р Д/НАРУЖ. ПРИМ. 1% ФЛ. 10МЛ | САМАРАМЕДПРОМ ОАО | САМАРАМЕДПРОМ ОАО,нафтифин,безрецептурный,Нафтифин,otc,,,,,,,,,Нафтифин,
НАФТИФИН КРЕМ Д/НАРУЖ. ПРИМ. 1% ТУБА 15Г ТУЛЬСКАЯ ФФ | ТУЛЬСКАЯ ФАРМАЦЕВТИЧЕСКАЯ ФАБРИКА ООО | ТУЛЬСКАЯ ФАРМАЦЕВТИЧЕСКАЯ ФАБРИКА ООО,Нафтифин,otc,Нафтифин,otc,,,,,,,,,Нафтифин,
"МУРАВЬИНЫЙ СПИРТ Р-Р Д/НАРУЖ. ПРИМ. СПИРТ. 1,4% ФЛ. 50МЛ ЯРОСЛАВСКАЯ ФФ | ЯРОСЛАВСКАЯ ФФ | ЯРОСЛАВСКАЯ ФФ",,otc,Муравьиная кислота,otc,,,,,,,,,Муравьиная кислота,
"МУРАВЬИНЫЙ СПИРТ Р-Р Д/НАРУЖ. ПРИМ. СПИРТ. 1,4% ФЛ. 50МЛ ТВЕРСКАЯ ФФ | ТВЕРСКАЯ ФАРМАЦЕВТИЧЕСКАЯ ФАБРИКА | ТВЕРСКАЯ ФАРМАЦЕВТИЧЕСКАЯ ФАБРИКА",,otc,Муравьиная кислота,otc,,,,,,,,,Муравьиная кислота,
МУКАЛТИН ТАБЛ. ДИСПЕРГ. 50МГ №20 ФАРМСТАНДАРТ | ФАРМСТАНДАРТ-ЛЕКСРЕДСТВА ОАО | ФАРМСТАНДАРТ-ЛЕКСРЕДСТВА ОАО,,otc,Алтея лекарственного травы экстракт,otc,Алтея лекарственного травы экстракт,otc,,,Алтея корень,otc,,,Алтея лекарственного травы экстракт,otc
"МОКСОНИДИН-АЛИУМ ТАБЛ. П/ПЛЕН/ОБ. 0,2МГ №14 | АЛИУМ АО | АЛИУМ АО",Моксонидин,rx,,,Моксонидин,rx,,,Моксонидин,rx,,,Моксонидин,rx
"МОКСОНИДИН-АКРИХИН ТАБЛ. П/ПЛЕН/ОБ. 0,4МГ №10 | АКРИХИН ХФК АО | АКРИХИН ХФК АО",Моксонидин,рецептурный,Моксонидин,rx,,,,,Моксонидин,rx,,,Моксонидин,rx
МИСУФЕР КАПС. 100МГ №20 | ОБНОВЛЕНИЕ ПФК АО | ОБНОВЛЕНИЕ ПФК АО,,без рецепта,Умифеновир,otc,Умифеновир,otc,,,Умифеновир,otc,,,Умифеновир,otc
МИРТАЗАПИН КАНОН ТАБЛ. П/ПЛЕН/ОБ. 30МГ №30 | КАНОНФАРМА ПРОДАКШН ЗАО | КАНОНФАРМА ПРОДАКШН ЗАО,Миртазапин,rx,Миртазапин,rx,Миртазапин,rx,,,Миртазапин,rx,,,Миртазапин,rx
МЕРИФАТИН МВ ТАБЛ. С ПРОЛОНГ. ВЫСВ. 500МГ №60 | ФАРМАСИНТЕЗ-ТЮМЕНЬ ООО | ФАРМАСИНТЕЗ-ТЮМЕНЬ ООО,,rx,Метформин,rx,Метформин,rx,,,Метформин,rx,,,Метформин,rx
МЕМОПЛАНТ ТАБЛ. П/ПЛЕН/ОБ. 80МГ №30 | ДОКТОР ВИЛЬМАР ШВАБЕ ГМБХ И КО.КГ. | ДОКТОР ВИЛЬМАР ШВАБЕ ГМБХ И КО.КГ.,,otc,Гинкго двулопастного листьев экстракт,otc,Гинкго двулопастного листьев экстракт,otc,,,Гинкго билоба,otc,,,Гинкго двулопастного листьев экстракт,otc
МЕЛЬДОНИЙ КАПС. 250МГ №30 ФАРМСТАНДАРТ | ФАРМСТАНДАРТ-ЛЕКСРЕДСТВА ОАО | ФАРМСТАНДАРТ-ЛЕКСРЕДСТВА ОАО,Мельдоний,rx,Мельдоний,otc,,,,,,,,,Мельдоний,
МЕЛЬДОНИЙ КАНОН КАПС. 250МГ №40 | КАНОНФАРМА ПРОДАКШН ЗАО | КАНОНФАРМА ПРОДАКШН ЗАО,Мельдоний,rx,Леветирацетам,rx,Ламотриджин,rx,,,Клопидогрел,rx,,,,rx
МЕКСИКОР Р-Р ДЛЯ В/В В/М ВВЕД. 50МГ/МЛ АМП. 2МЛ №10 ФЕРМЕНТ | ФЕРМЕНТ ФИРМА ООО | ФЕРМЕНТ ФИРМА ООО,,rx,Этилметилгидроксипиридина сукцинат,rx,Этилметилгидроксипиридина сукцинат,rx,,,Этилметилгидроксипиридина сукцинат,rx,,,Этилметилгидроксипиридина сукцинат,rx
МЕКСИДОЛ ТАБЛ. П/ПЛЕН/ОБ. 125МГ №50 | ЗИО-ЗДОРОВЬЕ ЗАО | ЗИО-ЗДОРОВЬЕ ЗАО,,rx,Этилметилгидроксипиридина сукцинат,rx,Этилметилгидроксипиридина сукцинат,rx,,,Этилметилгидроксипиридина сукцинат,rx,,,Этилметилгидроксипиридина сукцинат,rx
МЕКСИДОЛ Р-Р ДЛЯ В/В В/М ВВЕД. 50МГ/МЛ АМП. 5МЛ №10 ЭЛЛАРА | ЭЛЛАРА ООО | ЭЛЛАРА ООО,,rx,Этилметилгидроксипиридина сукцинат,rx,Этилметилгидроксипиридина сукцинат,rx,,,Этилметилгидроксипиридина сукцинат,rx,,,Этилметилгидроксипиридина сукцинат,rx
МАЛЬВАЦИД СУСП. Д/ПРИЕМА ВНУТРЬ ПАК. 15МЛ №20 | АВВА РУС АО | АВВА РУС АО,,безрецептурный,Алгелдрат + Бензокаин + Магния гидроксид,otc,,,,,Магния гидроксид,otc,,,"Магния гидроксид, Алгелдрат, Бензокаин",otc
МАКСИКОЛД РИНО ПОР. Д/Р-РА Д/ПРИЕМА ВНУТРЬ АПЕЛЬСИН ПАК. 15Г №10 | ФАРМСТАНДАРТ-ЛЕКСРЕДСТВА ОАО | ФАРМСТАНДАРТ-ЛЕКСРЕДСТВА ОАО,,otc,Парацетамол + Фенилэфрин + Фенирамин + Аскорбиновая кислота,otc,Парацетамол+Фенилэфрин+Фенирамин+Аскорбиновая кислота,otc,,,,otc,,,"Аскорбиновая кислота, Парацетамол, Фенилэфрин, Фенирамин",otc
Л-ТИРОКСИН ТАБЛ. 100МКГ №50 ОЗОН | ОЗОН ООО | ОЗОН ООО,,rx,Левотироксин натрия,rx,Левотироксин натрия,rx,,,Левотироксин натрия,rx,,,Левотироксин натрия,rx
ЛОРТЕНЗА ТАБЛ. П/ПЛЕН/ОБ. 10МГ+100МГ №90 | КРКА-РУС ООО | КРКА-РУС ООО,,рецептурный,,,Амлодипин + Лозартан,rx,,,Лозартан,rx,,,"Лозартан, Амлодипин",rx
"ЛЕЦИТИН НАШ С РАСТОРОПШЕЙ КАПС. ПО 0,35Г №60 | ЮВИКС-ФАРМ ООО | ЮВИКС-ФАРМ ООО",Комплекс,,,,,otc,,,Нитрофурал,otc,,,Нитрофурал,otc
ЛЕЦИТИН НАШ ПОР. 120Г | ЮВИКС-ФАРМ ООО | ЮВИКС-ФАРМ ООО,Лецитин,,,,,,,,,,,,,
ЛЕККЕР БРИЛЛИАНТОВЫЙ ЗЕЛЕНЫЙ Р-Р 1% ФЛ. С КИСТЬЮ 20МЛ | ЛЕККЕР ЗАО | ЛЕККЕР ЗАО,Бриллиантовый зелёный,otc,Йод + [Калия йодид + Этанол],otc,Йод,otc,,,,,,,"Йод, Калия йодид, Этанол",otc
ЛЕВОФЛОКСАЦИН РЕНЕВАЛ ТАБЛ. П/ПЛЕН/ОБ. 500МГ №10 | ОБНОВЛЕНИЕ ПФК АО | ОБНОВЛЕНИЕ ПФК АО,левофлоксацин,rx,Метамизол натрия,otc,Парацетамол,otc,"Ацетилсалициловая кислота, Аскорбиновая кислота",,Розувастатин,rx,,,,otc
ЛЕВОФЛОКСАЦИН-АКРИХИН ТАБЛ. П/ПЛЕН/ОБ. 500МГ №5 | АДИФАРМ ЕАД | АДИФАРМ ЕАД,Левофлоксацин,rx,Левофлоксацин,rx,,,,,Левофлоксацин,rx,,,Левофлоксацин,rx
ЛЕВОКАРНИТИН Р-Р ДЛЯ В/В И В/М 100МГ/МЛ АМП. 5МЛ №10 ВЕЛФАРМ | Велфарм ООО | Велфарм ООО,Левокарнитин,rx,Левокарнитин,rx,,,,,,,,,Левокарнитин,
ЛАРИГАМА Р-Р ДЛЯ В/М ВВЕД. АМП. 2МЛ №10 | ГРОТЕКС ООО | ГРОТЕКС ООО,,рецептурный,Пиридоксин + Тиамин + Цианокобаламин + [Лидокаин],rx,Пиридоксин* + Тиамин* + Цианокобаламин* + Лидокаин,rx,,,,rx,,,"[Лидокаин], Пиридоксин, Тиамин, Цианокобаламин",rx
ЛАМОЛЕП ТАБЛ. 50МГ №30 | ГЕДЕОН РИХТЕР ОАО/ГЕДЕОН РИХТЕР-РУС АО | ГЕДЕОН РИХТЕР ОАО/ГЕДЕОН РИХТЕР-РУС АО,,рецептурный,Ламотриджин,rx,Ламотриджин,rx,,,Ламотриджин,rx,,,Ламотриджин,rx
ЛАМИТОР ТАБЛ. 100МГ №50 | ТОРРЕНТ ФАРМАСЬЮТИКАЛС ЛТД | ТОРРЕНТ ФАРМАСЬЮТИКАЛС ЛТД,,рецептурный,Ламотриджин,rx,Ламотриджин,rx,,,Ламотриджин,rx,,,Ламотриджин,rx
"ЛАЗОЛВАН Р-Р Д/ПРИЕМА ВНУТРЬ И ИНГАЛ. 7,5МГ/МЛ ФЛ-КАП. 100МЛ | ИНСТИТУТ ДЕ АНГЕЛИ С.Р.Л. | ИНСТИТУТ ДЕ АНГЕЛИ С.Р.Л.",,безрецептурный,Амброксол,otc,Трамазолин,otc,,,Амброксол,otc,,,Амброксол,otc
КУРКУМИН 150МГ КАПС. ПО 400МГ №30 ГРИН САЙД | ГРИН САЙД ООО | ГРИН САЙД ООО,Куркумин,,,,,otc,,,,,,,,
"КСИЛЕН КАПЛИ НАЗ. 0,1% ФЛ-КАП. 20МЛ №4 | ВЕРОФАРМ ООО | ВЕРОФАРМ ООО",,otc,Ксилометазолин,otc,Ксилометазолин,otc,,,Декспантенол,otc,,,Ксилометазолин,otc
КСИЗАЛ ТАБЛ. П/ПЛЕН/ОБ. 5МГ №10 | ЮСБ ФАРШИМ С.А. | ЮСБ ФАРШИМ С.А.,,otc,Левоцетиризин,otc,Левоцетиризин,otc,,,Левоцетиризин,otc,,,Левоцетиризин,otc
КРЕОН 25000 КАПС. КИШ/РАСТ. 25000ЕД №20 | ВЕРОФАРМ АО | ВЕРОФАРМ АО,,rx,Панкреатин,otc,Панкреатин,otc,,,Панкреатин,otc,,,Панкреатин,otc
КОЭНЗИМ Q10 ТАБЛ. 60МГ №30 ЭВАЛАР | ЭВАЛАР ЗАО | ЭВАЛАР ЗАО,Коэнзим Q10,,Артишока листьев экстракт,otc,Золототысячника трава+Любистока лекарственного корни+Розмарина обыкновенного листья,otc,,,Общетонизирующие препараты,otc,,,,otc
КОСТАРОКС ТАБЛ. П/ПЛЕН/ОБ. 90МГ №28 | КАДИЛА ФАРМАСЬЮТИКАЛЗ ЛИМИТЕД | КАДИЛА ФАРМАСЬЮТИКАЛЗ ЛИМИТЕД,,рецептурный,Эторикоксиб,rx,Эторикоксиб,rx,,,Эторикоксиб,rx,,,Эторикоксиб,rx
КОРДИАМИН КАПЛИ Д/ПРИЕМА ВНУТРЬ 25% ФЛ-КАП. 30МЛ ТЕХНОПАРК-ЦЕНТР | ТЕХНОПАРК-ЦЕНТР ООО | ТЕХНОПАРК-ЦЕНТР ООО,,,Никетамид,otc,Никетамид,otc,,,Никетамид,rx,,,Никетамид,otc
КОЖА НОГТИ ВОЛОСЫ КОМПЛЕКС С МСМ ТАБЛ. П/О ПО 1392МГ №30 КВАДРАТ-С | КВАДРАТ-С ООО | КВАДРАТ-С ООО,Комплекс,,,,,,,,,,,,,
"КО-ВАМЛОСЕТ ТАБЛ. П/ПЛЕН/ОБ. 5МГ+160МГ+12,5МГ №90 | КРКА-РУС ООО | КРКА-РУС ООО",,rx,,,Амлодипин* + Валсартан* + Гидрохлоротиазид,rx,,,,rx,,,"Амлодипин, Валсартан, Гидрохлоротиазид",rx
КЛЕНЗИТ-С ГЕЛЬ Д/НАРУЖ. ПРИМ. ТУБА 15Г | ГЛЕНМАРК ФАРМАСЬЮТИКАЛС ЛТД | ГЛЕНМАРК ФАРМАСЬЮТИКАЛС ЛТД,,рецептурный,Адапален + Клиндамицин,otc,Адапален* + Клиндамицин,otc,,,Клиндамицин,otc,,,"Клиндамицин, Адапален",otc
КЛЕНБУТЕРОЛ Р-Р Д/ПРИЕМА ВНУТРЬ 1МКГ/МЛ ФЛ. 100МЛ ОЗОН | ОЗОН ООО | ОЗОН ООО,Кленбутерол,rx,Кленбутерол,rx,,,,,,,,,Кленбутерол,
КЕТОТИФЕН СОФАРМА СИРОП 1МГ/5МЛ ФЛ. 100МЛ | СОФАРМА АО | СОФАРМА АО,кетотифен,rx,Кетотифен,rx,,,,,Кетотифен,rx,,,Кетотифен,rx
КВАМАТЕЛ ТАБЛ. П/ПЛЕН/ОБ. 40МГ №14 | ГЕДЕОН РИХТЕР ОАО/ГЕДЕОН РИХТЕР-РУС АО | ГЕДЕОН РИХТЕР ОАО/ГЕДЕОН РИХТЕР-РУС АО,,rx,Фамотидин,rx,Фамотидин,rx,,,Фамотидин,rx,,,Фамотидин,rx
КАШНОЛ ЭКСПЕКТОРАНТ СИРОП ФЛ. 200МЛ | ЛОК-БЕТА ФАРМАСЬЮТИКАЛС (И) ПВТ.ЛТД | ЛОК-БЕТА ФАРМАСЬЮТИКАЛС (И) ПВТ.ЛТД,,otc,Бромгексин + Гвайфенезин + Сальбутамол,rx,Бромгексин* + Гвайфенезин* + Сальбутамол,rx,,,Бромгексин,rx,,,"Бромгексин, Гвайфенезин, Сальбутамол",rx
КАРИПАЗИМ ЛИОФ. Д/Р-РА Д/НАРУЖ. ПРИМ. 350ПЕ ФЛ. №1 ВИФИТЕХ | ВИФИТЕХ | ВИФИТЕХ,,rx,Папайи млечный сок,rx,Папайи млечный сок,rx,,,Папаин,rx,,,Папайи млечный сок,rx
КАПСИКУМ-ПЛЮС ГРАН. ГОМЕОПАТ. ФЛ. 20Г | ДОКТОР Н ООО | ДОКТОР Н ООО,,otc,,otc,,otc,,,,otc,,,,otc
КАМИСТАД ГЕЛЬ Д/МЕСТН. ПРИМ. 20МГ/Г+185МГ/Г ТУБА 10Г | ШТАДА | ШТАДА,,otc,,,,otc,,,Лидокаин,otc,,,Лидокаин,otc
КАЛИЯ ОРОТАТ ТАБЛ. 500МГ №10 АВВА РУС | АВВА РУС | АВВА РУС,Калия оротат,otc,,,,,,,,,,,,
КАГОЦЕЛ ТАБЛ. 12МГ №30 | НИАРМЕДИК ПЛЮС ООО/НИАРМЕДИК ФАРМА ООО | НИАРМЕДИК ПЛЮС ООО/НИАРМЕДИК ФАРМА ООО,Кагоцел,без рецепта,Кагоцел,otc,,,,,,otc,,,Кагоцел,otc
КАВИНТОН КОНЦ. Д/Р-РА Д/ИНФ. 5МГ/МЛ АМП. 5МЛ №10 | ГЕДЕОН РИХТЕР ОАО | ГЕДЕОН РИХТЕР ОАО,,rx,Винпоцетин,rx,Винпоцетин,rx,,,Винпоцетин,rx,,,Винпоцетин,rx
ЙОХИМБИНА ГИДРОХЛОРИД ТАБЛ. 5МГ №50 | ЗДОРОВЬЕ ФАРМАЦЕВИЧЕСКАЯ КОМПАНИЯ ООО | ЗДОРОВЬЕ ФАРМАЦЕВИЧЕСКАЯ КОМПАНИЯ ООО,Йохимбин,rx,Йохимбина гидрохлорид,rx,,,,,,,,,Йохимбина гидрохлорид,
ИНВОКАНА ТАБЛ. П/ПЛЕН/ОБ. 100МГ №30 | ЯНССЕН ОРТО ЛЛС | ЯНССЕН ОРТО ЛЛС,,rx,Канаглифлозин,rx,Канаглифлозин,rx,,,Канаглифлозин,rx,,,Канаглифлозин,rx
"ИЗАКАРДИН СПРЕЙ ПОДЪЯЗЫЧ. ДОЗИРОВ. 1,25МГ/ДОЗА ФЛ. 15МЛ 300ДОЗ ФАРМАМЕД | ФАРМАМЕД ООО | ФАРМАМЕД ООО",,rx,Изосорбида динитрат,rx,Изосорбида динитрат,rx,,,Изосорбида динитрат,rx,,,Изосорбида динитрат,rx
"ИГЛА IME-FINE УНИВЕРСАЛЬНАЯ ИНЪЕКЦИОННАЯ ОДНОРАЗОВАЯ ДЛЯ ИНСУЛИНОВЫХ ШПРИЦ-РУЧЕК 31G 0,26Х5ММ №100 | NINGBO CAREMED MEDICAL PRODUCTS | NINGBO CAREMED MEDICAL PRODUCTS | 31 G",,,,,,,,,,,,,,
ИВАБРАДИН ТАБЛ. П/ПЛЕН/ОБ. 5МГ №56 ОЗОН | ОЗОН ООО | ОЗОН ООО,Ивабрадин,rx,Ивабрадин,rx,,,,,,,,,Ивабрадин,
ЗОВИРАКС ТАБЛ. 200МГ №25 | ГЛАКСО ВЭЛЛКОМ С.А. | ГЛАКСО ВЭЛЛКОМ С.А.,,рецептурный,Ацикловир,rx,Ацикловир,rx,,,Ацикловир,rx,,,Ацикловир,rx
ЗИРТЕК КАПЛИ Д/ПРИЕМА ВНУТРЬ 10МГ/МЛ ФЛ-КАП. 20МЛ | ЭЙСИКА ФАРМАСЬЮТИКАЛЗ С.Р.Л. | ЭЙСИКА ФАРМАСЬЮТИКАЛЗ С.Р.Л.,,otc,Цетиризин,otc,Цетиризин,otc,,,Цетиризин,otc,,,Цетиризин,otc
ЗИНЕРИТ ПОР. Д/Р-РА Д/НАРУЖ. ПРИМ. ФЛ. 30МЛ | ЛЕО ФАРМА А/С | ЛЕО ФАРМА А/С,,рецептурный,Цинка ацетат + Эритромицин,otc,,,,,Эритромицин,otc,,,"Эритромицин, Цинка ацетат",otc
ЗИЛАКСЕРА ТАБЛ. 15МГ №28 | КРКА-РУС ООО | КРКА-РУС ООО,,рецептурный,Арипипразол,rx,Арипипразол,rx,,,Арипипразол,rx,,,Арипипразол,rx
ЗИЛАКСЕРА ТАБЛ. 10МГ №28 | КРКА-РУС ООО | КРКА-РУС ООО,,rx,Арипипразол,rx,Арипипразол,rx,,,Арипипразол,rx,,,Арипипразол,rx
ЖЕНАЛЕ ТАБЛ. 10МГ №1 | ИЗВАРИНО ФАРМА ООО | ИЗВАРИНО ФАРМА ООО,,рецептурный,,,,,,,Мифепристон,rx,,,Мифепристон,
ДРОТАВЕРИН ДС Р-Р ДЛЯ В/В И В/М ВВЕД. 20МГ/МЛ АМП. 2МЛ №10 | ВЕТПРОМ АД | ВЕТПРОМ АД,Дротаверин,rx,Дротаверин,rx,,,,,Дротаверин,rx,,,Дротаверин,rx
ДОФАМИН-ФЕРЕЙН Р-Р Д/ИН. 4% АМП. 5МЛ №10 | БРЫНЦАЛОВ-А ПАО | БРЫНЦАЛОВ-А ПАО,Дофамин,rx,Допамин,rx,Допамин,rx,,,Допамин,rx,,,Допамин,rx
ДОРЗОПТ КАПЛИ ГЛАЗН. 2% ФЛ-КАП. 5МЛ №1 | РОМФАРМ КОМПАНИ С.Р.Л. | РОМФАРМ КОМПАНИ С.Р.Л.,,rx,Дорзоламид + Тимолол,rx,Дорзоламид* + Тимолол,rx,,,Дорзоламид,rx,,,"Дорзоламид, Тимолол",rx
ДОЛОКОКС ТАБЛ. П/ПЛЕН/ОБ. 90МГ №30 | МАКИЗ-ФАРМА | МАКИЗ-ФАРМА,,rx,Эторикоксиб,rx,Эторикоксиб,rx,,,Эторикоксиб,rx,,,Эторикоксиб,rx
ДОКТОР МОРЕ OMEGA-3+AGE ULTRA 1000 КАПС. ПО 1000МГ №60 | ФАРМОУШЕН ЛАБ ООО | ФАРМОУШЕН ЛАБ ООО,Омега-3,,,,,otc,,,,,,,,
ДИФЛЮКАН КАПС. 150МГ №4 | ФАРЕВА АМБУАЗ | ФАРЕВА АМБУАЗ,,rx,Флуконазол,otc,Флуконазол,otc,,,Флуконазол,otc,,,Флуконазол,otc
ДИНАМИКО ЛОНГ ТАБЛ. П/ПЛЕН/ОБ. 5МГ №14 | ТЕВА ФАРМАЦЕВТИЧЕСКИЕ ПРЕДПРИЯТИЯ ЛТД. | ТЕВА ФАРМАЦЕВТИЧЕСКИЕ ПРЕДПРИЯТИЯ ЛТД.,,rx,Тадалафил,rx,Тадалафил,rx,,,Тадалафил,rx,,,Тадалафил,rx
ДИМЕКСИД Р-Р Д/НАРУЖ. ПРИМ. 25% ФЛ. ПОЛИМЕР. 200Г ЛЕКАРЬ | ЛЕКАРЬ | ЛЕКАРЬ,,otc,Диметилсульфоксид,otc,Диметилсульфоксид,otc,,,Диметилсульфоксид,otc,,,Диметилсульфоксид,otc
ДИВАЗА ТАБЛ. Д/РАССАС. №100 | МАТЕРИА МЕДИКА ХОЛДИНГ НПФ | МАТЕРИА МЕДИКА ХОЛДИНГ НПФ,,otc,,otc,,otc,,,,otc,,,,otc
ДЕТРАВЕНОЛ ТАБЛ. П/ПЛЕН/ОБ. 1000МГ №30 | ОЗОН ООО | ОЗОН ООО,,otc,,,,,,,,,,,,
ДЕЛОРСИН ТАБЛ. 5МГ №10 | САНЕКА ФАРМАСЬЮТИКАЛС А.С. | САНЕКА ФАРМАСЬЮТИКАЛС А.С.,,otc,Дезлоратадин,otc,Дезлоратадин,otc,,,Дезлоратадин,otc,,,Дезлоратадин,otc
ДЕКСКЕТОПРОФЕН Р-Р ДЛЯ В/В В/М ВВЕД. 25МГ/МЛ АМП. 2МЛ №10 БИОХИМИК | БИОХИМИК АО | БИОХИМИК АО,Декскетопрофен,rx,Декскетопрофен,rx,,,,,,,,,Декскетопрофен,
ДЕКСАЛГИН Р-Р ДЛЯ В/В В/М ВВЕД. 25МГ/МЛ АМП. 2МЛ №5 | А.МЕНАРИНИ МЭНЮФЕКЧЕРИНГ ЛОДЖИСТИКС ЭНД СЕРВИСИЗ С.Р.Л. | А.МЕНАРИНИ МЭНЮФЕКЧЕРИНГ ЛОДЖИСТИКС ЭНД СЕРВИСИЗ С.Р.Л.,,rx,Декскетопрофен,rx,Декскетопрофен,otc,,,Декскетопрофен,rx,,,Декскетопрофен,rx
ДАЛЬФАЗ СР ТАБЛ. ПРОЛОНГ. 10МГ №30 | САНОФИ ВИНТРОП ИНДУСТРИЯ | САНОФИ ВИНТРОП ИНДУСТРИЯ,,рецептурный,Алфузозин,rx,,,,,Алфузозин,rx,,,Алфузозин,rx
ДАЛЬНЕВА ТАБЛ. 5МГ+4МГ №90 | КРКА-РУС ООО | КРКА-РУС ООО,,rx,,,Амлодипин + Индапамид + Периндоприл,rx,,,Амлодипин,rx,,,"Амлодипин, Индапамид, Периндоприл",rx
ДАЙВОБЕТ МАЗЬ Д/НАРУЖ. ПРИМ. ТУБА 15Г | ЛЕО ЛЭБОРАТОРИС ЛИМИТЕД | ЛЕО ЛЭБОРАТОРИС ЛИМИТЕД,,rx,Бетаметазон + Кальципотриол,otc,Бетаметазон* + Кальципотриол,otc,,,Кальципотриол,otc,,,"Кальципотриол, Бетаметазон",otc
ГЭВКАМЕН МАЗЬ Д/НАРУЖ. ПРИМ. БАНКА 25Г ТУЛЬСКАЯ ФФ | ТУЛЬСКАЯ ФАРМАЦЕВТИЧЕСКАЯ ФАБРИКА ООО | ТУЛЬСКАЯ ФАРМАЦЕВТИЧЕСКАЯ ФАБРИКА ООО,,otc,Эвкалипта шарикового листьев+масло Камфоры+Левоментол,otc,Бромкамфора+Левоментол+Эвкалипта прутовидного листьев масло,otc,,,Камфора,otc,,,"Левоментол, Бромкамфора, Эвкалипта прутовидного листьев масло, Эвкалипта шарикового листьев, масло Камфоры",otc
ГРАНДАПАМ ТАБЛ. 50МГ №60 | ФАРМАСИНТЕЗ АО | ФАРМАСИНТЕЗ АО,,рецептурный,Тофизопам,rx,Тофизопам,rx,,,Тофизопам,rx,,,Тофизопам,rx
"ГОНАЛ-Ф Р-Р ДЛЯ П/К ВВЕД. 66МКГ/1,5МЛ (900МЕ) ШПРИЦ-РУЧКА 1,5МЛ №1 +ИГЛЫ №20 | МЕРК СЕРОНО С.П.А. | МЕРК СЕРОНО С.П.А.",,rx,,,Фоллитропин альфа,rx,,,Фоллитропин альфа,rx,,,Фоллитропин альфа,rx
ГЛИЦЕРОМ СУПП. РЕКТ. ГОМЕОП. №6 | ДОКТОР Н ООО | ДОКТОР Н ООО,,otc,,otc,,,,,,otc,,,,otc
ГЛИЦЕРИН Р-Р Д/НАРУЖ. ПРИМ. ФЛ. 25Г ИВАНОВСКАЯ ФФ | ИВАНОВСКАЯ ФФ | ИВАНОВСКАЯ ФФ,Глицерин,otc,Глицерол,otc,,,,,Глицерол,otc,,,Глицерол,otc
ГИПОСАРТ ТАБЛ. 32МГ №28 | ПОЛЬФАРМА АО | ПОЛЬФАРМА АО,,rx,Кандесартан,rx,Кандесартан,rx,,,Индапамид,rx,,,Кандесартан,rx
ГИПОСАРТ А ТАБЛ. 5МГ+16МГ №30 | АКРИХИН ХФК АО | АКРИХИН ХФК АО,,rx,Амлодипин + Кандесартан,rx,Амлодипин+Кандесартан,rx,,,Амлодипин,rx,,,"Амлодипин, Кандесартан",rx
"ГЕРБИОН ПЛЮЩ ТАБЛ. Д/РАССАС. 35МГ №16 | КРКА, Д.Д., НОВО МЕСТО АО | КРКА, Д.Д., НОВО МЕСТО АО",,безрецептурный,Плюща листьев экстракт,otc,,,,,Плюща обыкновенного листья,otc,,,,otc
ГЕПАТОСАН КАПС. 200МГ №10 | МЕДМИНИПРОМ ЗАО | МЕДМИНИПРОМ ЗАО,,без рецепта,,,,otc,,,,otc,,,,otc
ГАСИТ ТАБЛ. ЖЕВ. 680МГ+80МГ №32 | ОБНОВЛЕНИЕ ПФК АО | ОБНОВЛЕНИЕ ПФК АО,,otc,,,Кальция карбонат + Магния карбонат,otc,,,Кальция карбонат,otc,,,"Кальция карбонат, Магния карбонат",otc
ГАЛВУС МЕТ ТАБЛ. П/ПЛЕН/ОБ. 50МГ+1000МГ №30 | НОВАРТИС НЕВА ООО | НОВАРТИС НЕВА ООО,,рецептурный,Вилдаглиптин + Метформин,rx,Вилдаглиптин* + Метформин,rx,,,Метформин,rx,,,"Метформин, Вилдаглиптин",rx
ВОДА ДЛЯ ИНЪЕКЦИЙ Р-ТЕЛЬ Д/ЛЕК. ФОРМ Д/ИН. АМП. 5МЛ №10 ДАЛЬХИМФАРМ | ДАЛЬХИМФАРМ ОАО | ДАЛЬХИМФАРМ ОАО,Вода для инъекций,otc,,,,,,,,,,,,
ВОДА ДЛЯ ИНЪЕКЦИЙ Р-ТЕЛЬ Д/ЛЕК. ФОРМ Д/ИН. АМП. 2МЛ №10 ГРОТЕКС | ГРОТЕКС ООО | ГРОТЕКС ООО,Вода для инъекций,otc,,,,,,,,,,,,
ВИУМКСИДИН Р-Р ДЛЯ В/ПОЛОСТН. ВВЕД. И НАРУЖ. ПРИМ. 10МГ/МЛ АМП. 10МЛ №10 | Армавирская биофабрика ФКП | Армавирская биофабрика ФКП,,рецептурный,Гидроксиметилхиноксалиндиоксид,rx,Гидроксиметилхиноксалиндиоксид,rx,,,Гидроксиметилхиноксалиндиоксид,rx,,,Гидроксиметилхиноксалиндиоксид,rx
ВИЛЬПРАФЕН СОЛЮТАБ ТАБЛ. ДИСПЕРГ. 1000МГ №10 | ФАМАР ЛИОН | ФАМАР ЛИОН,,rx,Джозамицин,rx,,,,,Джозамицин,rx,,,Джозамицин,rx
ВИЖУ ФОРТЕ BIOFORTE ЭКСТРАКТ ПЛОДОВ ЧЕРНИКИ С ЛЮТЕИНОМ КАПС. №30 | БАРНАУЛЬСКИЙ ЗАВОД МЕД.ПР-ТОВ | БАРНАУЛЬСКИЙ ЗАВОД МЕД.ПР-ТОВ,Комплекс,,,,,otc,,,,,,,,
ВЕНЛАФАКСИН-АЛСИ ТАБЛ. 75МГ №50 | АЛСИ ФАРМА АО | АЛСИ ФАРМА АО,Венлафаксин,rx,Венлафаксин,rx,Венлафаксин,rx,,,Венлафаксин,rx,,,Венлафаксин,rx
ВЕЛФЕРРУМ Р-Р ДЛЯ В/В ВВЕД. 20МГ/МЛ АМП. 5МЛ №5 | ВЕЛФАРМ ООО | ВЕЛФАРМ ООО,,rx,Железа (III) гидроксид сахарозный комплекс,rx,Железа,rx,,,Железо-сахарозный комплекс,rx,,,Железа комплекс,rx
ВЕЛДЕКСАЛ ТАБЛ. П/ПЛЕН/ОБ. 25МГ №10 | ВЕЛФАРМ ООО | ВЕЛФАРМ ООО,,,Декскетопрофен,otc,Декскетопрофен,otc,,,Декскетопрофен,rx,,,Декскетопрофен,otc
"ВЕЛГИЯ Р-Р П/К ВВЕД. 2,4МГ/ДОЗА ШПРИЦ-РУЧКА 3МЛ №1+ИГЛА №5 | МЕДСИНТЕЗ ЗАВОД/БИОХИМИК АО | МЕДСИНТЕЗ ЗАВОД/БИОХИМИК АО",,rx,Семаглутид,rx,Семаглутид,rx,,,Семаглутид,rx,,,Семаглутид,rx
ВАНКОМИЦИН ПОР. Д/Р-РА Д/ИНФ. И ПРИЕМА ВНУТРЬ 1Г ФЛ. №1 ИНТЕРФАРМА | ИНТЕРФАРМА ООО | ИНТЕРФАРМА ООО,Ванкомицин,rx,,,,,,,,,,,,
"ВАЛОКОРДИН ТАБЛ. 7,544МГ+7,544МГ №20 | УСОЛЬЕ-СИБИРСКИЙ ХИМИКО-ФАРМАЦЕВТИЧЕСКИЙ ЗАВОД АО | УСОЛЬЕ-СИБИРСКИЙ ХИМИКО-ФАРМАЦЕВТИЧЕСКИЙ ЗАВОД АО",,otc,,,Фенобарбитал+Этилбромизовалерианат,otc,,,Фенобарбитал,otc,,,"Фенобарбитал, Этилбромизовалерианат",otc
ВАЛИДОЛ ТАБЛ. П/ЯЗЫЧН. 60МГ №16 ОБНОВЛЕНИЕ | ОБНОВЛЕНИЕ ПФК АО | ОБНОВЛЕНИЕ ПФК АО,,otc,Левоментола раствор в ментил изовалерате,otc,Левоментола раствор в ментил изовалерате,otc,,,Левоментола раствор в ментилизовалерате,otc,,,Левоментола раствор в ментил изовалерате,otc
ВАЛИДОЛ ТАБЛ. П/ЯЗЫЧН. 60МГ №10 ЮЖФАРМ | ЮЖФАРМ ООО | ЮЖФАРМ ООО,,otc,Левоментола раствор в ментил изовалерате,otc,Левоментола раствор в ментил изовалерате,otc,,,Левоментола раствор в ментилизовалерате,otc,,,Левоментола раствор в ментил изовалерате,otc
ВАЛЕМИДИН ПЛЮС СИРОП БЕЗ САХАРА ФЛ. 100МЛ | ФАРМАМЕД ООО | ФАРМАМЕД ООО,,otc,,,,otc,,,,otc,,,,otc
ВАЛАЦИКЛОВИР ТАБЛ. П/ПЛЕН/ОБ. 500МГ №10 РОЗЛЕКС ФАРМ | РОЗЛЕКС ФАРМ | РОЗЛЕКС ФАРМ,Валацикловир,rx,Валацикловир,rx,,,,,,,,,Валацикловир,
БУТАДИОН-АЛИУМ ТАБЛ. 150МГ №20 | АЛИУМ АО | АЛИУМ АО,,rx,Фенилбутазон,rx,,,,,Фенилбутазон,rx,,,Фенилбутазон,rx
"БИФИДУМБАКТЕРИН ФОРТЕ ПОР. Д/ПРИЕМА ВНУТРЬ 50МЛН.КОЕ/ПАКЕТ ПАК. 0,85Г №30 ПРОБИОФАРМ | ПРОБИОФАРМ ООО | ПРОБИОФАРМ ООО",Бифидобактерии бифидум,otc,,,Бифидобактерии бифидум,otc,,,Бифидобактерии бифидум,otc,,,Бифидобактерии бифидум,otc
БИСОМОР ТАБЛ. П/ПЛЕН/ОБ. 5МГ №30 | ЭДЖ ФАРМА ПРАЙВЕТ ЛИМИТЕД | ЭДЖ ФАРМА ПРАЙВЕТ ЛИМИТЕД,,rx,Бисопролол,rx,Бисопролол,rx,Бисопролол,rx,Бисопролол,rx,,,Бисопролол,rx
БЕТАДИН СУПП. ВАГ. 200МГ №7 | ЭГИС ФАРМАЦЕВТИЧЕСКИЙ ЗАВОД ЗАО | ЭГИС ФАРМАЦЕВТИЧЕСКИЙ ЗАВОД ЗАО,,otc,Повидон-йод,otc,Повидон-йод,otc,,,Повидон-йод,otc,,,Повидон-йод,otc
"БЕРГОЛАК ТАБЛ. 0,5МГ №2 | ВЕРОФАРМ ООО | ВЕРОФАРМ ООО",,рецептурный,Каберголин,rx,Каберголин,rx,,,Каберголин,rx,,,Каберголин,rx
"БЕКЛАЗОН ЭКО АЭРОЗ. Д/ИНГ. ДОЗИР. 100МКГ/ДОЗА БАЛЛОН 200ДОЗ | НОРТОН (ВОТЕРФОРД) ЛТД, ВЫСТУПАЮЩИЙ ПОД ТОРГОВЫМ НАИМЕНОВАНИЕМ АЙВЭКС ФАРМАСЬЮТИКАЛС ИРЛАНДИЯ, ВЫСТУПАЮЩИЙ ПОД ТОРГОВЫМ НАИМЕНОВАНИЕМ ТЕВА ФАРМАСЬЮТИК | НОРТОН (ВОТЕРФОРД) ЛТД, ВЫСТУПАЮЩИЙ ПОД ТОРГОВЫМ НАИМЕНОВАНИЕМ АЙВЭКС ФАРМАСЬЮТИКАЛС ИРЛАНДИЯ, ВЫСТУПАЮЩИЙ ПОД ТОРГОВЫМ НАИМЕНОВАНИЕМ ТЕВА ФАРМАСЬЮТИК",,rx,Беклометазон,rx,Беклометазон,rx,,,Беклометазон,rx,,,Беклометазон,rx
АЦИКЛОВИР ВЕЛФАРМ ТАБЛ. 200МГ №20 ВЕЛФАРМ-М | ВЕЛФАРМ-М ООО | ВЕЛФАРМ-М ООО,Ацикловир,rx,Ацикловир,rx,,,,,Ацикловир,rx,,,Ацикловир,rx
АЦИКЛОВИР АВЕКСИМА ТАБЛ. 400МГ №30 | ИРБИТСКИЙ ХИМЗАВОД ОАО | ИРБИТСКИЙ ХИМЗАВОД ОАО,Ацикловир,rx,Ацикловир,rx,Ацикловир,rx,,,Азитромицин,rx,,,Ацикловир,rx
АФОБАЗОЛ РЕТАРД ТАБЛ. С МОДИФ. ВЫСВ. П/ПЛЕН/ОБ. 30МГ №20 ОТИСИФАРМ | ОТИСИФАРМ ПРО АО | ОТИСИФАРМ ПРО АО,,без рецепта,Фабомотизол,otc,Фабомотизол,otc,,,Фабомотизол,otc,,,Фабомотизол,otc
АФЛУБИН ТАБЛ. П/ЯЗЫЧН. ГОМЕОП. №12 | РИХАРД БИТТНЕР АГ | РИХАРД БИТТНЕР АГ,,otc,,otc,,otc,,,,otc,,,,otc
АТОРИКА ТАБС ТАБЛ. П/ПЛЕН/ОБ. 120МГ №7 | Канонфарма | Канонфарма,,otc,Эторикоксиб,rx,Эторикоксиб,rx,,,Эторикоксиб,rx,,,Эторикоксиб,rx
АСКОРБИНОВАЯ КИСЛОТА-УБФ ДРАЖЕ 50МГ №200 | УРАЛБИОФАРМ ОАО | УРАЛБИОФАРМ ОАО,Аскорбиновая кислота,otc,Аскорбиновая кислота,otc,,,,,Аскорбиновая кислота,otc,,,Аскорбиновая кислота,otc
АСКОРБИНКА ФАРМ-ТИГОДА ТАБЛ. ЖЕВАТ. СО ВКУСОМ КЛУБНИКИ №10 | ФАРМ-ТИГОДА ООО | ФАРМ-ТИГОДА ООО,Аскорбиновая кислота,,,,Аскорбиновая кислота + Декстроза,otc,,,,otc,,,"Аскорбиновая кислота, Декстроза",otc
АРТОКСАН ГЕЛЬ Д/НАРУЖ. ПРИМ. 1% ТУБА 45Г | УОРЛД МЕДИЦИН ИЛАЧ САН. ВЕ ТИДЖ. А.Ш. | УОРЛД МЕДИЦИН ИЛАЧ САН. ВЕ ТИДЖ. А.Ш.,,otc,Теноксикам,rx,Теноксикам,rx,,,Теноксикам,rx,,,Теноксикам,rx
АРОМАЗИН ТАБЛ. П/О 25МГ №30 | ПФАЙЗЕР ИТАЛИЯ С.Р.Л. | ПФАЙЗЕР ИТАЛИЯ С.Р.Л.,,рецептурный,Эксеместан,rx,Эксеместан,rx,,,Эксеместан,rx,,,Эксеместан,rx
АНТИГРИППИН ТАБЛ. ШИПУЧ. 500МГ+10МГ+200МГ №10 АПЕЛЬСИН | НАТУР ПРОДУКТ ФАРМА СП.ЗО.О. | НАТУР ПРОДУКТ ФАРМА СП.ЗО.О.,,otc,,,Аскорбиновая кислота+Ацетилсалициловая кислота+Парацетамол+Фенилпропаноламин+Хлорфенамин,otc,,,Аскорбиновая кислота,otc,,,"Аскорбиновая кислота, Ацетилсалициловая кислота, Парацетамол, Фенилпропаноламин, Хлорфенамин",otc
АНТИГРИППИН ПОР. Д/Р-РА Д/ПРИЕМА ВНУТРЬ 500МГ+10МГ+200МГ РОМАШКА ПАК. 5Г №10 | НАТУР ПРОДУКТ ФАРМА СП.ЗО.О. | НАТУР ПРОДУКТ ФАРМА СП.ЗО.О.,,безрецептурный,,,Аскорбиновая кислота+Ацетилсалициловая кислота+Парацетамол+Фенилпропаноламин+Хлорфенамин,otc,,,Аскорбиновая кислота,otc,,,"Аскорбиновая кислота, Ацетилсалициловая кислота, Парацетамол, Фенилпропаноламин, Хлорфенамин",otc
АНГИОРУС ТАБЛ. П/ПЛЕН/ОБ. 50МГ+450МГ №60 | СИНТЕЗ | СИНТЕЗ,,,,,Гесперидин + Диосмин,otc,,,Диосмин,otc,,,"Диосмин, Гесперидин",otc
АНАЛЬГИН ТАБЛ. 500МГ №30 ФАРМСТАНДАРТ | ФАРМСТАНДАРТ-ЛЕКСРЕДСТВА ОАО | ФАРМСТАНДАРТ-ЛЕКСРЕДСТВА ОАО,,otc,Метамизол натрия,rx,Метамизол натрия,otc,,,Метамизол натрия,otc,,,Метамизол натрия,otc
АММИАК Р-Р Д/НАРУЖ. ПРИМ. И ИНГ. 10% ФЛ. ПЭТ 100МЛ ИВАНОВСКАЯ ФФ | ИВАНОВСКАЯ ФФ | ИВАНОВСКАЯ ФФ,Аммиак,otc,Аммиак,otc,,,,,Глицерол,otc,,,,otc
АМИНАЗИН ТАБЛ. П/ПЛЕН/ОБ. 25МГ №10 ВАЛЕНТА | ВАЛЕНТА ФАРМ АО | ВАЛЕНТА ФАРМ АО,,rx,Хлорпромазин,rx,Хлорпромазин,rx,,,Хлорпромазин,rx,,,Хлорпромазин,rx
"АЛЬФОСФАЛЬ ГЕЛЬ Д/ПРИЕМА ВНУТРЬ ПАКЕТ 2,08Г №6 | КАНОНФАРМА ПРОДАКШН ЗАО | КАНОНФАРМА ПРОДАКШН ЗАО",,otc,Алюминия фосфат,otc,,,,,Алюминия фосфат,otc,,,Алюминия фосфат,otc
АЛЛОХОЛ ТАБЛ. П/О №50 ВИФИТЕХ | ВИФИТЕХ | ВИФИТЕХ,,otc,Активированный уголь+Желчь+Крапивы двудомной листья+Чеснока посевного луковицы,otc,,,,,,otc,,,"Активированный уголь, Желчь, Крапивы двудомной листья, Чеснока посевного луковицы",otc
АЛГЕЗИР УЛЬТРА ТАБЛ. П/ПЛЕН/ОБ. 275МГ №10 | ОБОЛЕНСКОЕ ФП АО | ОБОЛЕНСКОЕ ФП АО,,otc,Напроксен,otc,,,,,Напроксен,otc,,,Напроксен,otc
"АКРИДЕРМ ГК КРЕМ Д/НАРУЖ. ПРИМ. 0,05%+0,1%+1% ТУБА 30Г | АКРИХИН ХФК АО | АКРИХИН ХФК АО",,рецептурный,,,Бетаметазон* + Гентамицин* + Клотримазол,otc,,,Клотримазол,otc,,,"Клотримазол, Бетаметазон, Гентамицин",otc
АКВАДЕТРИМ ТАБЛ. РАСТВОРИМ. 2000МЕ №60 | АКРИХИН ХФК АО | АКРИХИН ХФК АО,,безрецептурный,Колекальциферол,otc,Колекальциферол,otc,,,Колекальциферол,rx,,,Колекальциферол,otc
АГРИ ДЕТСКИЙ ТАБЛ. ГОМЕОП. №40 | МАТЕРИА МЕДИКА ХОЛДИНГ НПФ | МАТЕРИА МЕДИКА ХОЛДИНГ НПФ,,безрецептурный,,otc,,otc,,,,otc,,,,otc
TETRALAB ХРОМ ХЕЛАТ ГЛИЦИНАТ ТАБЛ. 170МГ №90 | КВАДРАТ-С ООО | КВАДРАТ-С ООО,Хром,,,,,,,,,,,,,
L-МЕТИЛФОЛАТ ТАБЛ. П/О ПО 165МГ №90 КВАДРАТ-С | КВАДРАТ-С ООО | КВАДРАТ-С ООО,L-метилфолат,,,,,,,,,,,,,
"DR. MYBO ПСИЛЛИУМ КАПС. ПО 0,475Г №90 | УДАЧА ООО | УДАЧА ООО",Псиллиум,,,,,,,,,,,,,
AWOCHACTIVE КОЛЛАГЕН МОРСКОЙ КАПС. ПО 770МГ №60 | АРСЕНАЛ АТЛЕТА ООО | АРСЕНАЛ АТЛЕТА ООО,Коллаген,,,,,,,,,,,,,
