product_id,run_id,normalized_text,semantic_confidence,semantic_explanation,semantic_validation_passed,semantic_reject_reason,decision_status,next_action,selected_category_id,stage,log_status,attr_mnn,label_mnn,attr_brand,label_brand,attr_rx_otc,label_rx_otc,attr_nosology,label_nosology,attr_administration_route,label_administration_route,attr_dosage_form,label_dosage_form,attr_dosage,label_dosage,attr_age_segment,label_age_segment,attr_package_hint,label_package_hint,attr_combination_hint,label_combination_hint
36,307,ТАУФОН ТАБС ЛЮТЕИН N120 таб. покрытые пленочной оболочкой Фармстандарт-УфаВИТА ОАО | Фармстандарт-Уфавита ОАО | Фармстандарт-Уфавита ОАО | N120,0.85,"Препарат представляет собой комбинированное средство с таурином и лютеином в форме таблеток, покрытых оболочкой. Предназначен для поддержки зрения при заболеваниях сетчатки. Отпускается без рецепта.",True,,pending_fallback,direction_select,,semantic_primary,success,Таурин + Лютеин,,Тауфон,,otc,,Офтальмологические заболевания,,внутрь,,"таблетки, покрытые пленочной оболочкой",,,,взрослые,,120 таблеток,,Комбинация таурина и лютеина,
71,307,ПРОСТАТОТИС ВИТАМИР табл. N30 Квадрат-С ООО | Квадрат-С ООО | Квадрат-С ООО | N30,0.6,"Препарат представляет собой таблетки для приема внутрь, предназначенные для поддержания здоровья предстательной железы. Точные дозировка и состав не указаны, поэтому некоторые атрибуты не определены.",True,,pending_fallback,direction_select,,semantic_primary,success,,,Простатотис,,без рецепта,,заболевания предстательной железы,,перорально,,таблетки,,,,,,30 таблеток,,комбинированный,
91,307,ТИГАЦИЛ 50мг N10 лиофилизат д/приготовления р-ра д/инфузий Wyeth Lederle S.p.A | Wyeth lederle Spa | Wyeth lederle Spa | N10,0.9,"На основе текста: 'ТИГАЦИЛ 50мг N10 лиофилизат д/приготовления р-ра д/инфузий'. Определено МНН: Тигециклин, бренд: Тигацил, лекарственная форма: лиофилизат для приготовления раствора для инфузий, дозировка: 50 мг, способ введения: внутривенно. Отпускается по рецепту.",True,,pending_fallback,direction_select,,semantic_primary,success,Тигециклин,,Тигацил,,rx,,,,внутривенно,,лиофилизат для приготовления раствора для инфузий,,50 мг,,,,,,,
254,307,Я САМАЯ ПАЛОЧКИ ВАТНЫЕ №200 СТАКАН | КОТТОН КЛАБ ООО | КОТТОН КЛАБ ООО,0.9,"Это ватные палочки в стакане, 200 штук. Бренд указан как 'Я САМАЯ', производитель 'КОТТОН КЛАБ ООО'. Товар относится к медицинским изделиям или гигиеническим средствам, отпускается без рецепта.",True,,pending_fallback,direction_select,,semantic_primary,success,,,Я САМАЯ,,otc,,,,,,палочки ватные,,,,,,200 шт. в стакане,,,
459,307,ЭТОРЕЛЕКС ТАБЛ. П/ПЛЕН/ОБ. 90МГ №28 | ФАРМАСИНТЕЗ АО | ФАРМАСИНТЕЗ АО,0.9,"Препарат Эторелекс (эторикоксиб) выпускается в таблетках по 90 мг, упаковка 28 штук. Это рецептурное средство, содержащее одно активное вещество.",True,,pending_fallback,direction_select,,semantic_primary,success,etoricoxib,,Эторелекс,,rx,,,,перорально,,"таблетки, покрытые пленочной оболочкой",,90 мг,,,,28 таблеток,,монопрепарат,
1347,307,ШПРИЦ ОДНОРАЗ. 3-Х КОМП. 20МЛ LUER-SLIP ИГЛА ПРИЛОЖ. 21G №1 VM | VOGT MEDICAL | VOGT MEDICAL | 21 G,0.95,"Товар представляет собой одноразовый шприц объемом 20 мл с иглой 21G, производства VOGT MEDICAL. Это медицинское изделие, а не лекарственный препарат. Большинство полей атрибутов не применимы.",True,,pending_fallback,direction_select,,semantic_primary,success,,,VOGT MEDICAL,,otc,,,,,,,,,,,,"шприц одноразовый 20 мл, 1 шт.",,,
1423,307,ШОЛЛЬ ПИЛКА VELVET SMOOTH WET&DRY ЭЛЕКТР. РОЛИКОВАЯ С АККУМУЛЯТОРОМ | РЕКИТТ БЕНКИЗЕР | РЕКИТТ БЕНКИЗЕР,0.1,"Товар представляет собой электрическую роликовую пилку для ногтей марки Шолль, не является лекарственным средством или изделием медицинского назначения. Большинство фармацевтических атрибутов не применимы.",True,,pending_fallback,direction_select,,semantic_primary,success,,,Шолль,,,,,,,,,,,,,,,,,
1623,307,ЧЕРНИКА ФОРТЕ С ЛЮТЕИНОМ КАПС. №45 ФАРМ-ПРО | ФАРМ-ПРО ПК ООО | ФАРМ-ПРО ПК ООО,0.85,"Препарат является БАД, содержит экстракт черники и лютеин. Выпускается в капсулах по 45 штук. Относится к безрецептурным средствам.",True,,pending_fallback,direction_select,,semantic_primary,success,,,Черника Форте,,0,,,,внутрь,,капсулы,,,,,,45 капсул,,true,
2131,307,ХУДЕЕМ ЗА НЕДЕЛЮ БАТОНЧИК ФРУКТОВЫЙ ОЧИЩАЮЩИЙ КОМПЛЕКС 70Г №7 | ЛЕОВИТ НУТРИО | ЛЕОВИТ НУТРИО,0.85,"Товар представляет собой батончик для снижения веса от бренда Леовит Нутрио. Это биологически активная добавка к пище (БАД), принимаемая внутрь. Указаны масса 70 г и количество 7 штук в упаковке.",True,,pending_fallback,direction_select,,semantic_primary,success,,,Леовит Нутрио,,БАД,,Избыточная масса тела,,внутрь,,батончик,,70 г №7,,взрослые,,7 штук,,,
2148,307,ХОНСАТ Р-Р ДЛЯ В/М ВВЕД. 100МГ/МЛ АМП. 2МЛ №5 | Армавирская биологическая фабрика/Эллара ООО | Армавирская биологическая фабрика/Эллара ООО,0.85,"Товар представляет собой раствор для внутримышечного введения Хонсат, содержащий хондроитина сульфат. Форма выпуска: ампулы 2 мл, 5 штук в упаковке. Относится к рецептурным препаратам.",True,,pending_fallback,direction_select,,semantic_primary,success,Хондроитина сульфат,,Хонсат,,rx,,Остеоартроз,,внутримышечно,,раствор для инъекций,,100 мг/мл,,,,"ампулы 2 мл, №5",,,
2351,307,ХИГИЕНИКА ПЛЮС СРЕДСТВО ПЕДИКУЛИЦИДНОЕ ФЛ. 60МЛ | ВЕТПРОМ АД | ВЕТПРОМ АД,0.95,"Средство для лечения педикулеза, применяется наружно, отпускается без рецепта. Дозировка не указана.",True,,pending_fallback,direction_select,,semantic_primary,success,,,Хигиеника Плюс,,otc,,Педикулез,,наружное применение,,раствор для наружного применения,,,,,,флакон 60 мл,,,
2398,307,ХВОЙНЫЙ ЭКСТРАКТ ЗОЛОТО ЛЕСА БРИКЕТ 50Г №2 | ТИХВИНСКИЙ ЛЕСОХИМИЧЕСКИЙ ЗАВОД | ТИХВИНСКИЙ ЛЕСОХИМИЧЕСКИЙ ЗАВОД,0.6,"Товар представляет собой хвойный экстракт в форме брикета. Бренд 'Золото леса', дозировка 50 г, упаковка №2. Точное применение не указано, поэтому большинство атрибутов неопределены. Вероятно, это безрецептурное средство.",True,,pending_fallback,direction_select,,semantic_primary,success,,,Золото леса,,otc,,,,,,брикет,,50 г,,,,50 г №2,,,
2811,307,ФОСФОГЛИВ КАПС. №96 | ФАРМСТАНДАРТ-ЛЕКСРЕДСТВА ОАО | ФАРМСТАНДАРТ-ЛЕКСРЕДСТВА ОАО,0.9,"Фосфоглив — комбинированный гепатопротектор, содержащий глицирризиновую кислоту и фосфолипиды. Выпускается в виде капсул для приема внутрь, отпускается без рецепта. Предназначен для взрослых.",True,,pending_fallback,direction_select,,semantic_primary,success,Глицирризиновая кислота + Фосфолипиды,,Фосфоглив,,otc,,Болезни печени,,внутрь,,капсулы,,,,взрослые,,96 капсул,,комбинированный (глицирризиновая кислота + фосфолипиды),
2930,307,"ФОРМИСОНИД ПОР. Д/ИНГ. ДОЗИР. 160МКГ+4,5МКГ/ДОЗА №60 С ИНГАЛЯТОРОМ | ФАРМСТАНДАРТ-ЛЕКСРЕДСТВА ОАО | ФАРМСТАНДАРТ-ЛЕКСРЕДСТВА ОАО",0.9,"Товар представляет собой комбинированный препарат в форме дозированного порошка для ингаляций. Содержит будесонид и формотерол, дозировка 160 мкг + 4,5 мкг на дозу, в упаковке 60 доз с ингалятором. Препарат отпускается по рецепту.",True,,pending_fallback,direction_select,,semantic_primary,success,будесонид + формотерол,,Формисонид,,rx,,,,ингаляционно,,порошок для ингаляций дозированный,,"160 мкг + 4,5 мкг/доза",,,,60 доз с ингалятором,,true,
3763,307,ФАРМГРУПП НАСТОЙКА 5 ТРАВ УСПОКОИТЕЛЬНАЯ ФЛ. 250МЛ | ФАРМГРУПП ООО | ФАРМГРУПП ООО,0.8,Товар представляет собой настойку из пяти трав с успокаивающим действием. Форма выпуска - флакон 250 мл. Относится к безрецептурным препаратам.,True,,pending_fallback,direction_select,,semantic_primary,success,,,,,otc,,,,внутрь,,настойка,,,,,,флакон 250 мл,,комбинированный,
4552,307,ТОРВАКАРД ТАБЛ. П/ПЛЕН/ОБ. 20МГ №90 | САНЕКА ФАРМАСЬЮТИКАЛС А.С. | САНЕКА ФАРМАСЬЮТИКАЛС А.С.,0.9,"На основе названия товара и стандартной информации определено МНН аторвастатин, бренд Торвакард. Препарат в форме таблеток 20 мг, применяется внутрь для лечения дислипидемии, является рецептурным.",True,,pending_fallback,direction_select,,semantic_primary,success,аторвастатин,,Торвакард,,rx,,дислипидемия,,внутрь,,таблетки покрытые пленочной оболочкой,,20 мг,,,,,,монопрепарат,
4719,307,ТОКСИКОДЕНДРОН КВЕРЦИФОЛИУМ (РУС ТОКСИКОДЕНДРОН) С30 ГРАН. ГОМЕОП. 5Г | ДОКТОР Н ООО | ДОКТОР Н ООО,0.8,Товар представляет собой гомеопатический препарат в форме гранул. Действующее вещество — токсикодендрон кверцифолиум в потенции С30. Производитель — Доктор Н. Препарат безрецептурный.,True,,pending_fallback,direction_select,,semantic_primary,success,Токсикодендрон кверцифолиум,,Доктор Н,,otc,,,,орально,,гранулы,,С30,,,,5 г,,,
4782,307,ТИМОГЕН Р-Р ДЛЯ В/М ВВЕД. 100МКГ/МЛ АМП. 1МЛ №5 | ЦИТОМЕД МБНПК | ЦИТОМЕД МБНПК,0.8,"Товар представляет собой раствор для внутримышечного введения препарата Тимоген (альфа-глутамил-триптофан) в концентрации 100 мкг/мл, в ампулах по 1 мл, упаковка №5. Препарат является иммуномодулятором, отпускается по рецепту.",True,,pending_fallback,direction_select,,semantic_primary,success,альфа-глутамил-триптофан,,Тимоген,,rx,,,,внутримышечно,,раствор для инъекций,,100 мкг/мл,,,,5 ампул по 1 мл,,,
4924,307,ТЕРМИКОН КРЕМ Д/НАРУЖ. ПРИМ. 1% ТУБА 15Г | ЛЕККО ЗАО | ЛЕККО ЗАО,0.9,Термикон - это торговое название крема с тербинафином 1% для наружного применения. Препарат применяется при грибковых инфекциях кожи. Относится к безрецептурным средствам.,True,,pending_fallback,direction_select,,semantic_primary,success,тербинафин,,Термикон,,otc,,грибковые инфекции кожи,,наружно,,крем,,1%,,,,туба 15г,,монопрепарат,
4998,307,"ТЕРАФЛЮ ОТ ГРИППА И ПРОСТУДЫ ПОР. Д/Р-РА Д/ПРИЕМА ВНУТРЬ ЛИМОН ПАК. 22,1Г №10 | ГКС КОНСЬЮМЕР ХЕЛС ИНК./ФАМАР ОРЛЕАН | ГКС КОНСЬЮМЕР ХЕЛС ИНК./ФАМАР ОРЛЕАН",1,"Препарат Терафлю от гриппа и простуды представляет собой комбинированное средство для симптоматического лечения ОРВИ и гриппа, выпускается в форме порошка для приготовления раствора для приема внутрь. Относится к безрецептурным препаратам.",True,,pending_fallback,direction_select,,semantic_primary,success,"Paracetamol, Pheniramine, Phenylephrine",,Терафлю,,otc,,"Грипп, простудные заболевания",,внутрь,,порошок для приготовления раствора для приема внутрь,,,,взрослые,,"пак. 22,1Г №10",,комбинированный препарат,
5212,307,ТАУРИН 1000 ТАБЛ. П/О ПО 1545МГ №30 | КВАДРАТ-С ООО | КВАДРАТ-С ООО,0.7,"Товар представляет собой таурин в таблетках по 1000 мг, покрытых плёночной оболочкой, в упаковке 30 штук. Поскольку явные признаки рецептурного препарата отсутствуют, предполагается безрецептурный отпуск. Форма выпуска - пероральная.",True,,pending_fallback,direction_select,,semantic_primary,success,Таурин,,,,otc,,,,Перорально,,"Таблетки, покрытые плёночной оболочкой",,1000 мг,,,,30 таблеток,,,
5597,307,"СТЭЛМАС КИСЛОРОД ВОДА ПИТЬЕВАЯ НЕГАЗ. 0,6Л ПЭТ | ВОДЫ ЗДОРОВЬЯ ООО | ВОДЫ ЗДОРОВЬЯ ООО",0.3,"Товар представляет собой питьевую кислородную воду, не является лекарственным средством. Большинство фармацевтических атрибутов неприменимы.",True,,pending_fallback,direction_select,,semantic_primary,success,,,,,,,,,,,,,,,,,,,,
6117,307,СОЛЬ ДРЕВНЕГО МОРЯ ДЛЯ ВАНН МОРСКАЯ П/ЭТ. 1КГ | ПИК-Н.Н.-ФАРМАСЬЮТИКС ООО | ПИК-Н.Н.-ФАРМАСЬЮТИКС ООО,0.9,"Товар представляет собой морскую соль для ванн в упаковке 1 кг. Это не лекарственное средство, а косметическое или гигиеническое средство. Все медицинские атрибуты отсутствуют.",True,,pending_fallback,direction_select,,semantic_primary,success,,,Соль Древнего Моря,,,,,,наружное,,соль для ванн,,,,,,1 кг,,,
6168,307,СОЛНЦЕ И ЛУНА ECO ДИСКИ ВАТНЫЕ ХЛОПКОВЫЕ ОВАЛЬНЫЕ №40 | КОТТОН КЛАБ-ГИГИЕНА ООО | КОТТОН КЛАБ-ГИГИЕНА ООО,0.9,"Товар представляет собой ватные диски для гигиены, не является лекарственным средством. Поэтому все медицинские атрибуты (МНН, ЛП/БАД, способ применения и т.д.) отсутствуют. Указан только бренд и упаковка №40.",True,,pending_fallback,direction_select,,semantic_primary,success,,,СОЛНЦЕ И ЛУНА,,,,,,,,,,,,,,№40,,,
6633,307,СИМИЛАК КЛАССИК 1 СМЕСЬ СУХАЯ 300Г 0-6МЕС | Arla foods amba arinco | Arla foods amba arinco,0.95,"Товар является сухой молочной смесью Симилак для детей от 0 до 6 месяцев. На основе названия и характеристик определены форма выпуска, возрастной сегмент и способ применения. Прочие атрибуты (МНН, дозировка, рецептурность) не применимы или отсутствуют.",True,,pending_fallback,direction_select,,semantic_primary,success,,,Симилак,,,,,,перорально,,сухая смесь,,,,0-6 месяцев,,банка 300 г,,,
7080,307,СЕЛМЕВИТ ТАБЛ. П/О №60 | ФАРМСТАНДАРТ-УФАВИТА ОАО | ФАРМСТАНДАРТ-УФАВИТА ОАО,0.9,"Селмевит — это поливитаминный комплекс в таблетках, покрытых оболочкой, упаковка №60. Препарат безрецептурного отпуска, предназначен для взрослых.",True,,pending_fallback,direction_select,,semantic_primary,success,,,Селмевит,,otc,,,,внутрь,,таблетки покрытые оболочкой,,,,взрослые,,60 таблеток,,комбинированный,
8248,307,РЕМО-ВАКС СРЕДСТВО ДЛЯ УХОДА ЗА УШНОЙ РАКОВИНОЙ ФЛ-КАП. 10МЛ ОРИОН | ОРИОН КОРПОРЕЙШН | ОРИОН КОРПОРЕЙШН,0.9,"Препарат 'Ремо-Вакс' предназначен для гигиены ушной раковины, относится к безрецептурным средствам. Форма выпуска - капли ушные во флаконе-капельнице 10 мл. Активные вещества не указаны, поэтому МНН не определен.",True,,pending_fallback,direction_select,,semantic_primary,success,,,РЕМО-ВАКС,,otc,,серная пробка,,местное,,капли ушные,,,,,,флакон-капельница 10 мл,,,
9186,307,ПОМОРИН ПАСТА ЗУБНАЯ АНТИПАРОДОНТОЗ 100МЛ | РУБЕЛЛА БЬЮТИ АД/ДАНСОН БГ ЕООД | РУБЕЛЛА БЬЮТИ АД/ДАНСОН БГ ЕООД,0.8,Товар представляет собой зубную пасту для профилактики пародонтоза (антипародонтоз). Упаковка 100 мл. Бренд – Поморин. Является безрецептурным средством для местного применения.,True,,pending_fallback,direction_select,,semantic_primary,success,,,Поморин,,otc,,Пародонтоз,,местное,,паста зубная,,,,,,100 мл,,,
9249,307,ПОМА ПОИЛЬНИК РР С РУЧКАМИ 180МЛ 6МЕС+ АРТ.1714 | ТАЙЧЖОУ ХЭППИ ЭНД МЭРРИ БИЗНЕС ЛТД | ТАЙЧЖОУ ХЭППИ ЭНД МЭРРИ БИЗНЕС ЛТД,0,"Товар представляет собой детский поильник, а не лекарственное средство. Атрибуты не применимы.",True,,pending_fallback,direction_select,,semantic_primary,success,,,,,,,,,,,,,,,,,,,,
9307,307,ПОЛИСОРБ ПЛЮС ПОР. Д/СУСП. Д/ПРИЕМА ВНУТРЬ БАНКА 25Г | ПОЛИСОРБ АО | ПОЛИСОРБ АО,0.7,"Препарат Полисорб Плюс представляет собой порошок для приготовления суспензии для приема внутрь, выпускаемый в банке по 25 г. Является энтеросорбентом, отпускается без рецепта. Наличие приставки 'Плюс' указывает на возможный комбинированный состав.",True,,pending_fallback,direction_select,,semantic_primary,success,Кремния диоксид коллоидный,,Полисорб,,otc,,"Диарея, интоксикация",,внутрь,,порошок для суспензии,,,,,,банка 25 г,,true,
9335,307,"ПОДОРОЖНИКА БОЛЬШОГО ЛИСТЬЯ Ф/П 1,5Г №20 ФИТО-БОТ | ФИТО-БОТ ФИРМА ООО | ФИТО-БОТ ФИРМА ООО",0.8,"Данный товар - растительный сбор из листьев подорожника большого в фильтр-пакетах по 1,5 г, 20 штук. Применяется внутрь, безрецептурно. Точное показание не указано, но традиционно используется при заболеваниях дыхательных путей и желудочно-кишечного тракта.",True,,pending_fallback,direction_select,,semantic_primary,success,,,ФИТО-БОТ,,otc,,,,внутрь,,фильтр-пакеты,,"1,5 г",,,,№20,,false,
9537,307,ПИКОЛИНАТ ХРОМА КАПЛИ ФЛ. 50МЛ | КУРОРТМЕДСЕРВИС | КУРОРТМЕДСЕРВИС,0.8,"Товар представляет собой пиколинат хрома в форме капель для перорального применения. Производитель - Курортмедсервис. Это биологически активная добавка, отпускается без рецепта.",True,,pending_fallback,direction_select,,semantic_primary,success,Хрома пиколинат,,Курортмедсервис,,otc,,,,перорально,,капли,,,,,,флакон 50 мл,,,
9617,307,ПЕРЧАТКИ SFM ЛАТЕКС. ХИРУРГ. СТЕР. АНАТОМИЧ. НЕОПУДР. ТЕКСТУР. ВНУТР. ПОЛИМ. ПОКРЫТИЕ Р.7 ПАРА №50 | SFM HOSPITAL PRODUCTS GMBH | SFM HOSPITAL PRODUCTS GMBH,0.9,"Товар представляет собой хирургические перчатки, не является лекарственным средством. Поэтому большинство фармацевтических атрибутов (МНН, форма выпуска, дозировка, путь введения) не применимы. Упаковка указана как 50 пар.",True,,pending_fallback,direction_select,,semantic_primary,success,,,SFM,,,,,,,,,,,,,,50 пар,,,
9626,307,ПЕРЧАТКИ SFM HIGH RISK ЛАТЕКС. СМОТР. НЕСТЕР. НЕОПУДР. ТЕКСТУР. УДЛИН. МАНЖЕТА ОДНОКР. ХЛОРИНАЦИЯ Р.XL ПАРА №25 ТЕМНО-СИНИЕ | СФМ ГОСПИТАЛ ПРОДАКТС ГМБХ | СФМ ГОСПИТАЛ ПРОДАКТС ГМБХ,0.2,"Товар представляет собой медицинские смотровые перчатки, не является лекарственным препаратом. Большинство атрибутов не применимы.",True,,pending_fallback,direction_select,,semantic_primary,success,,,,,,,,,,,,,,,,,,,,
9645,307,ПЕРЧАТКИ BENOVY НИТРИЛ. СМОТР. НЕСТЕР. НЕОПУДР. ТЕКСТУР. НА ПАЛЬЦАХ Р.М ПАРА №100 ГОЛУБЫЕ | ТГ МЕДИКАЛ СДН. БХД. | ТГ МЕДИКАЛ СДН. БХД.,0.95,"Товар — нитриловые перчатки, не является лекарственным средством. Фармацевтические атрибуты отсутствуют. Указана торговая марка BENOVY и количество 100 пар.",True,,pending_fallback,direction_select,,semantic_primary,success,,,BENOVY,,,,,,,,,,,,,,100 пар,,,
9799,307,ПЕНТОКСИФИЛЛИН КОНЦ. Д/Р-РА Д/ИНФ. 20МГ/МЛ АМП. 5МЛ №10 ВЕЛФАРМ | ВЕЛФАРМ ООО | ВЕЛФАРМ ООО,0.9,"Это препарат Пентоксифиллин в форме концентрата для инфузий, дозировка 20 мг/мл, в ампулах по 5 мл, упаковка 10 штук. Препарат отпускается по рецепту, применяется у взрослых для лечения нарушений микроциркуляции.",True,,pending_fallback,direction_select,,semantic_primary,success,Пентоксифиллин,,,,rx,,Нарушения микроциркуляции и периферического кровообращения,,инфузионно,,концентрат для приготовления раствора для инфузий,,20 мг/мл,,взрослые,,ампулы 5 мл №10,,,
10283,307,"ОТРИВИН КОМПЛЕКС СПРЕЙ НАЗ. 0,6МГ/МЛ + 0,5МГ/МЛ (84МКГ/ДОЗА+70МКГ/ДОЗА) ФЛ. 10МЛ | ГКС КОНСЬЮМЕР ХЕЛС С.А. | ГКС КОНСЬЮМЕР ХЕЛС С.А.",0.8,"Наименование 'Отривин Комплекс' указывает на бренд и комбинацию действующих веществ. Препарат представляет собой назальный спрей для симптоматического лечения ринита и заложенности носа, отпускается без рецепта.",True,,pending_fallback,direction_select,,semantic_primary,success,ксилометазолин + ипратропия бромид,,ОТРИВИН,,otc,,"аллергический ринит, ринорея, заложенность носа",,назально,,спрей,,"0,6 мг/мл + 0,5 мг/мл (84 мкг/доза + 70 мкг/доза)",,,,флакон 10 мл,,комбинированный препарат (ксилометазолин + ипратропия бромид),
10458,307,ОПТИМЕД PRO ACTIVE РАСТВОР ДЛЯ КОНТАКТНЫХ ЛИНЗ УНИВЕРСАЛЬНЫЙ 125МЛ | ОПТИМЕДСЕРВИС ЗАО | ОПТИМЕДСЕРВИС ЗАО,0.95,"Товар представляет собой универсальный раствор для ухода за контактными линзами. Это не лекарственное средство, а медицинское изделие, отпускаемое без рецепта. Все атрибуты определены на основе названия и стандартных свойств аналогичных продуктов.",True,,pending_fallback,direction_select,,semantic_primary,success,,,Оптимед PRO ACTIVE,,otc,,,,наружное,,раствор для контактных линз,,,,взрослые,,125 мл,,,
10526,307,ОМИТОКС ГАСТРО КАПС. 20МГ №30 | ШРЕЯ ЛАЙФ САЕНСИЗ ПВТ.ЛТД | ШРЕЯ ЛАЙФ САЕНСИЗ ПВТ.ЛТД,0.7,"Название товара содержит 'ОМИТОКС ГАСТРО', что предположительно является брендом для препарата омепразол. Форма выпуска - капсулы, дозировка 20 мг, упаковка 30 штук. Однако международное непатентованное наименование точно не определено.",True,,pending_fallback,direction_select,,semantic_primary,success,,,ОМИТОКС ГАСТРО,,,,,,перорально,,капсулы,,20 мг,,,,30 капсул,,,
11225,307,НОРДЕПЛАСТ ПЛАСТЫРЬ МОЗОЛЬНЫЙ КОРН РЕМУВЕР 50X70ММ №2 | НОРДЕПЛАСТ ЛСЭЗ ООО | НОРДЕПЛАСТ ЛСЭЗ ООО,0.8,Это мозольный пластырь от бренда Нордепласт. Предназначен для наружного применения в виде пластыря. Номер упаковки указан как №2 (2 штуки).,True,,pending_fallback,direction_select,,semantic_primary,success,,,НОРДЕПЛАСТ,,otc,,Мозоли,,наружное,,пластырь,,,,,,2 шт,,,
11504,307,НОВЕМА НАЙТ ТАБЛ. П/ПЛЕН/ОБ. 25МГ+220МГ №10 | ФАРМСТАНДАРТ-ЛЕКСРЕДСТВА ОАО | ФАРМСТАНДАРТ-ЛЕКСРЕДСТВА ОАО,0.7,"Товар представляет собой комбинированный препарат в форме таблеток, покрытых оболочкой, с дозировкой 25 мг + 220 мг, упаковка №10. Режим отпуска предположительно безрецептурный, но точное МНН и нозология не установлены.",True,,pending_fallback,direction_select,,semantic_primary,success,,,НОВЕМА НАЙТ,,otc,,,,внутрь,,таблетки покрытые пленочной оболочкой,,25 мг + 220 мг,,,,№10 (10 таблеток),,комбинация 25мг+220мг,
11568,307,НИТРОКСОЛИН ТАБЛ. П/О 50МГ №50 АВЕКСИМА | АВЕКСИМА СИБИРЬ ООО/ИРБИТСКИЙ ХФЗ ОАО | АВЕКСИМА СИБИРЬ ООО/ИРБИТСКИЙ ХФЗ ОАО,0.85,"Препарат Нитроксолин - противомикробное средство, применяется при инфекциях мочевыводящих путей. Лекарственная форма - таблетки, покрытые оболочкой, дозировка 50 мг, по 50 штук в упаковке. Отпускается по рецепту.",True,,pending_fallback,direction_select,,semantic_primary,success,нитроксолин,,,,rx,,Инфекции мочевыводящих путей,,перорально,,"таблетки, покрытые пленочной оболочкой",,50 мг,,взрослые,,50 таблеток,,,
11640,307,НИМЕСУЛИД-ВЕРТЕКС ГЕЛЬ Д/НАРУЖ. ПРИМ. 1% ТУБА 20Г | ВЕРТЕКС АО | ВЕРТЕКС АО,0.8,"Товар представляет собой гель нимесулида 1% для наружного применения. Производитель - Вертекс. Атрибуты извлечены из названия: МНН - нимесулид, бренд - Вертекс, лекарственная форма - гель, дозировка - 1%, упаковка - туба 20 г. Предположительно безрецептурный препарат для местного обезболивания.",True,,pending_fallback,direction_select,,semantic_primary,success,НИМЕСУЛИД,,ВЕРТЕКС,,otc,,"миалгия, артралгия, воспалительные заболевания опорно-двигательного аппарата",,наружное,,гель,,1%,,,,туба 20 г,,,
11685,307,НИЗОCARE ТОНИК УСПОК. С ЭКСТРАКТАМИ МАГНОЛИИ И ОПУНЦИИ ПРИ ПРОБЛЕМАХ С ПЕРХОТЬЮ ФЛ. 100МЛ | ШТАДА АРЦНАЙМИТТЕЛЬ АГ | ШТАДА АРЦНАЙМИТТЕЛЬ АГ,0.8,"Товар представляет собой тоник для волос с экстрактами магнолии и опунции, предназначенный для проблем с перхотью. Форма выпуска: флакон 100 мл. Это косметическое средство, не является лекарственным препаратом.",True,,pending_fallback,direction_select,,semantic_primary,success,,,НИЗОCARE,,,,перхоть,,наружно,,тоник,,,,взрослые,,флакон 100 мл,,,
11709,307,"НЕФРОБЕСТ-Н КАПС. 0,42Г №60 | ФАРМАКОР ПРОДАКШН ООО | ФАРМАКОР ПРОДАКШН ООО",0.7,"Товар представляет собой капсулы массой 0,42 г в упаковке 60 штук. Название 'Нефробест-Н' является брендом, а форма выпуска (капсулы) и дозировка указаны явно. Продукт, скорее всего, безрецептурный (БАД).",True,,pending_fallback,direction_select,,semantic_primary,success,,,Нефробест-Н,,otc,,,,орально,,капсулы,,0.42 г,,,,60 капсул,,,
12032,307,НАУ ФУДС ДЕЙЛИ ВИТС ТАБЛ. П/О №100 | NOW INTERNATIONAL | NOW INTERNATIONAL,0.8,"Товар представляет собой мультивитаминный комплекс в форме таблеток, покрытых оболочкой, от бренда NOW INTERNATIONAL. Упаковка содержит 100 таблеток, конкретная дозировка и возрастная группа не указаны.",True,,pending_fallback,direction_select,,semantic_primary,success,,,NOW INTERNATIONAL,,otc,,,,перорально,,таблетки покрытые оболочкой,,,,,,100 таблеток,,мультивитамин,
12735,307,"МОКСОНИДИН-АЛИУМ ТАБЛ. П/ПЛЕН/ОБ. 0,2МГ №14 | АЛИУМ АО | АЛИУМ АО",0.95,"Препарат Моксонидин-Алиум в таблетках по 0,2 мг применяется для лечения артериальной гипертензии у взрослых. Отпускается по рецепту.",True,,pending_fallback,direction_select,,semantic_primary,success,моксонидин,,Моксонидин-Алиум,,rx,,гипертензия,,внутрь,,таблетки покрытые пленочной оболочкой,,0.2 мг,,взрослые,,14 таблеток,,,
12737,307,"МОКСОНИДИН-АКРИХИН ТАБЛ. П/ПЛЕН/ОБ. 0,4МГ №10 | АКРИХИН ХФК АО | АКРИХИН ХФК АО",0.95,"Препарат Моксонидин-Акрихин (МНН: Моксонидин) является рецептурным антигипертензивным средством. Выпускается в форме таблеток по 0.4 мг, покрытых оболочкой, в упаковке №10 для приема внутрь взрослыми.",True,,pending_fallback,direction_select,,semantic_primary,success,Моксонидин,,Моксонидин-Акрихин,,rx,,артериальная гипертензия,,внутрь,,таблетки покрытые оболочкой,,0.4 мг,,взрослые,,10 таблеток,,,
12919,307,МИРРОЛЛА МАСЛО ЭФИРНОЕ ЛИМОНА ФЛ. 10МЛ | МИРРОЛЛА ООО | МИРРОЛЛА ООО,0.9,"Товар представляет собой эфирное масло лимона бренда Мирролла во флаконе 10 мл. Это не лекарственное средство, поэтому такие атрибуты, как МНН, рецептурный статус, нозология и путь введения, не применимы.",True,,pending_fallback,direction_select,,semantic_primary,success,,,МИРРОЛЛА,,,,,,,,масло эфирное,,,,,,фл. 10мл,,лимона,
13321,307,МЕТОРТРИТ Р-Р Д/ИН. 10МГ/МЛ ШПРИЦ 1МЛ №1 | РОМФАРМ КОМПАНИ С.Р.Л. | РОМФАРМ КОМПАНИ С.Р.Л.,0.8,Товар представляет собой раствор для инъекций в шприце по 1 мл с концентрацией 10 мг/мл. По названию и форме выпуска определён как рецептурный препарат с МНН Метотрексат и брендом Метотрит.,True,,pending_fallback,direction_select,,semantic_primary,success,Метотрексат,,Метотрит,,rx,,,,инъекционный,,раствор для инъекций,,10 мг/мл,,,,шприц 1 мл №1,,,
13453,307,МЕРИФАТИН МВ ТАБЛ. С ПРОЛОНГ. ВЫСВ. 500МГ №60 | ФАРМАСИНТЕЗ-ТЮМЕНЬ ООО | ФАРМАСИНТЕЗ-ТЮМЕНЬ ООО,0.7,"Название товара – Мерифатин МВ, таблетки пролонгированного высвобождения 500 мг №60. Вероятно, МНН – метформин, хотя это не указано явно. Препарат является рецептурным, применяется при сахарном диабете 2 типа.",True,,pending_fallback,direction_select,,semantic_primary,success,метформин,,Мерифатин МВ,,rx,,сахарный диабет 2 типа,,перорально,,таблетки с пролонгированным высвобождением,,500 мг,,взрослые,,60 таблеток,,,
13653,307,МЕКСИКОР Р-Р ДЛЯ В/В В/М ВВЕД. 50МГ/МЛ АМП. 2МЛ №10 ФЕРМЕНТ | ФЕРМЕНТ ФИРМА ООО | ФЕРМЕНТ ФИРМА ООО,0.85,"Товар - Мексикор, раствор для внутривенного и внутримышечного введения, концентрация 50 мг/мл, в ампулах по 2 мл, упаковка 10 штук. Активное вещество не указано, поэтому МНН не определен. Препарат отпускается по рецепту (парентеральная форма).",True,,pending_fallback,direction_select,,semantic_primary,success,,,Мексикор,,rx,,,,внутривенно и внутримышечно,,раствор для инъекций,,50 мг/мл,,,,ампулы 2 мл №10,,,
13934,307,МАСЛО ROYAL ПИЩЕВОЕ НЕРАФИНИРОВАННОЕ ИЗ СЕМЯН ЧЕРНОГО ТМИНА 125МЛ | AL MALAKY FOODSTUFF PACKING L.L.C. | AL MALAKY FOODSTUFF PACKING L.L.C.,0.8,"Товар представляет собой пищевое нерафинированное масло из семян черного тмина, не является лекарственным средством. Бренд указан как ROYAL, объем упаковки 125 мл. Медицинские атрибуты (МНН, форма выпуска, дозировка и т.д.) не применимы.",True,,pending_fallback,direction_select,,semantic_primary,success,,,ROYAL,,,,,,,,,,,,,,125 мл,,,
14162,307,МАКСИКОЛД РИНО ПОР. Д/Р-РА Д/ПРИЕМА ВНУТРЬ АПЕЛЬСИН ПАК. 15Г №10 | ФАРМСТАНДАРТ-ЛЕКСРЕДСТВА ОАО | ФАРМСТАНДАРТ-ЛЕКСРЕДСТВА ОАО,0.7,"Товар представляет собой порошок для приготовления раствора для приема внутрь с апельсиновым вкусом. Вероятно, это безрецептурное средство для симптоматического лечения простуды. Точный состав и дозировка активных веществ не указаны.",True,,pending_fallback,direction_select,,semantic_primary,success,,,Максиколд Рино,,otc,,Симптоматическое лечение ОРВИ и простуды,,внутрь,,порошок для раствора,,,,,,10 пакетиков по 15 г,,комбинированный,
14492,307,Л-ТИРОКСИН ТАБЛ. 100МКГ №50 ОЗОН | ОЗОН ООО | ОЗОН ООО,0.95,"Препарат Л-Тироксин содержит левотироксин натрия, применяется для заместительной терапии гипотиреоза. Выпускается в таблетках по 100 мкг, по 50 штук в упаковке. Отпускается по рецепту.",True,,pending_fallback,direction_select,,semantic_primary,success,левотироксин натрия,,Л-Тироксин,,rx,,гипотиреоз,,перорально,,таблетки,,100 мкг,,,,50 таблеток,,,
14971,307,ЛИНИМЕНТ БАЛЬЗАМИЧЕСКИЙ (ПО ВИШНЕВСКОМУ) Д/НАРУЖ. ПРИМ. ТУБА 40Г БОРИСОВСКИЙ ЗМП | БОРИСОВСКИЙ ЗАВОД МЕДИЦИНСКИХ ПРЕПАРАТОВ | БОРИСОВСКИЙ ЗАВОД МЕДИЦИНСКИХ ПРЕПАРАТОВ,0.95,"Препарат является комбинированным линиментом для наружного применения, содержащим березовый деготь, ксероформ и касторовое масло. Относится к безрецептурным средствам, применяется при гнойно-воспалительных заболеваниях кожи.",True,,pending_fallback,direction_select,,semantic_primary,success,,,Вишневского,,otc,,Гнойно-воспалительные заболевания кожи,,наружное,,линимент,,,,взрослые,,туба 40 г,,да,
15460,307,ЛЕСНОЙ БАЛЬЗАМ ОПОЛАСКИВАТЕЛЬ ДЛЯ УКРЕПЛЕНИЯ ДЕСЕН С ЭКСТРАКТОМ МОЖЖЕВЕЛОВЫХ ЯГОД И КОРОЙ ДУБА 800МЛ | ЮНИЛЕВЕР РУСЬ ООО | ЮНИЛЕВЕР РУСЬ ООО,0.9,"Товар представляет собой ополаскиватель для полости рта 'Лесной бальзам', предназначенный для укрепления десен. Содержит экстракты можжевеловых ягод и коры дуба. Объем 800 мл.",True,,pending_fallback,direction_select,,semantic_primary,success,,,Лесной бальзам,,otc,,Укрепление десен,,местное (полоскание),,ополаскиватель,,800 мл,,взрослые,,флакон 800 мл,,,
16137,307,ЛАЙСНЕР СРЕДСТВО ПЕДИКУЛИЦИДНОЕ ФЛ. 100МЛ | Pronova laboratories Bv | Pronova laboratories Bv,0.95,"Средство педикулицидное, предназначено для лечения вшей. Наружное применение, безрецептурное. Форма выпуска: флакон 100 мл.",True,,pending_fallback,direction_select,,semantic_primary,success,,,Лайснер,,otc,,Педикулез,,наружно,,раствор,,,,,,100 мл,,,
16215,307,ЛАББИ JUST LUBBY ПУСТЫШКА ЛАТЕКСНАЯ КРУГЛАЯ С КОЛПАЧКОМ 0МЕС+ АРТ. 23819 | ГОЛД ЛИСТ АГ АО | ГОЛД ЛИСТ АГ АО,0.95,"Товар является пустышкой для детей, не является лекарственным средством. Все медицинские атрибуты отсутствуют.",True,,pending_fallback,direction_select,,semantic_primary,success,,,,,,,,,,,,,,,,,,,,
16540,307,КРЕМ ДЕТСКИЙ BONA MENTE! ПИТАТЕЛЬНЫЙ 50МЛ | ЗЕЛЕНАЯ ДУБРАВА ЗАО | ЗЕЛЕНАЯ ДУБРАВА ЗАО,0.9,"Детский питательный крем под маркой Bona Mente от производителя Зеленая Дубрава. Форма выпуска — крем для наружного применения, объем 50 мл, безрецептурный, для детей. Лекарственное средство не указано, поэтому MNN и нозология отсутствуют.",True,,pending_fallback,direction_select,,semantic_primary,success,,,BONA MENTE,,otc,,,,наружно,,крем,,,,детский,,50 мл,,,
16829,307,КОНТЕЙНЕР СТЕРИЛЬНЫЙ ДЛЯ СБОРА БИОМАТЕРИАЛА С КРЫШКОЙ 120МЛ ПОЛИЭФИР | ПОЛИЭФИР ОДО | ПОЛИЭФИР ОДО,0.9,"Товар представляет собой стерильный контейнер для сбора биоматериала, не является лекарственным средством. Большинство фармацевтических атрибутов не применимы.",True,,pending_fallback,direction_select,,semantic_primary,success,,,,,,,,,,,,,,,,,,,,
16988,307,"КОМПЛИВИТ АКТИВНЫЕ ДЕТИШКИ ПАСТИЛКИ ЖЕВ 4,5Г БАНКА №30 | ZPC OTMUCHOW S.A. | ZPC OTMUCHOW S.A.",0.95,"На основе названия товара определены бренд 'Компливит', лекарственная форма 'пастилки жевательные', возрастная группа 'дети'. Препарат является безрецептурным комбинированным средством для профилактики гиповитаминозов.",True,,pending_fallback,direction_select,,semantic_primary,success,,,Компливит,,Без рецепта,,Профилактика гиповитаминозов у детей,,Внутрь,,Пастилки жевательные,,,,Дети,,Банка №30,,Комбинированный препарат,
17147,307,КОЛГЕЙТ ЩЕТКА ЗУБНАЯ ДЕТСКАЯ СУПЕРМЯГКАЯ МИНЬОНЫ 2ГОДА+ | Колгейт санкшао Ко Лтд | Колгейт санкшао Ко Лтд,0.8,"Товар представляет собой детскую зубную щетку бренда Колгейт, предназначенную для детей от 2 лет. Это не лекарственное средство, поэтому большинство фармацевтических атрибутов отсутствуют.",True,,pending_fallback,direction_select,,semantic_primary,success,,,Колгейт,,,,,,,,,,,,дети 2+,,,,,
17453,307,КЛЕНБУТЕРОЛ Р-Р Д/ПРИЕМА ВНУТРЬ 1МКГ/МЛ ФЛ. 100МЛ ОЗОН | ОЗОН ООО | ОЗОН ООО,0.9,"Товар представляет собой раствор кленбутерола для приема внутрь в концентрации 1 мкг/мл. Кленбутерол относится к бронходилататорам, применяется по рецепту врача. Упаковка - флакон 100 мл.",True,,pending_fallback,direction_select,,semantic_primary,success,Кленбутерол,,,,rx,,Бронхиальная астма,,внутрь,,раствор для приема внутрь,,1 мкг/мл,,,,флакон 100 мл,,,
17516,307,КЛАРИТРОМИЦИН-OBL ТАБЛ. П/ПЛЕН/ОБ. 500МГ №7 АЛИУМ | АЛИУМ АО | АЛИУМ АО,0.95,"Товар представляет собой антибиотик кларитромицин в форме таблеток по 500 мг, упаковка 7 штук. Препарат отпускается по рецепту и предназначен для взрослых.",True,,pending_fallback,direction_select,,semantic_primary,success,Кларитромицин,,КЛАРИТРОМИЦИН-OBL,,rx,,,,внутрь,,таблетки покрытые пленочной оболочкой,,500 мг,,взрослые,,№7,,false,
17568,307,"КИОКО ПОМАДА ГИГИЕНИЧЕСКАЯ ПИТАТЕЛЬНАЯ КЛУБНИКА 4,2Г | ГАЛАНТ КОСМЕТИК-М ООО | ГАЛАНТ КОСМЕТИК-М ООО",0.7,"Товар является гигиенической помадой (бальзамом для губ) с клубничным вкусом, бренд Киоко, масса 4,2 г. Не является лекарственным средством, поэтому большинство медицинских атрибутов не применимы.",True,,pending_fallback,direction_select,,semantic_primary,success,,,КИОКО,,,,,,,,гигиеническая помада,,,,,,,,,
18837,307,"ИЗАКАРДИН СПРЕЙ ПОДЪЯЗЫЧ. ДОЗИРОВ. 1,25МГ/ДОЗА ФЛ. 15МЛ 300ДОЗ ФАРМАМЕД | ФАРМАМЕД ООО | ФАРМАМЕД ООО",0.9,"Препарат Изакардин - это сублингвальный спрей, содержащий изосорбида динитрат, применяется при стенокардии. Дозировка 1,25 мг на дозу, форма выпуска - флакон 15 мл с 300 дозами. Отпускается по рецепту.",True,,pending_fallback,direction_select,,semantic_primary,success,изосорбида динитрат,,Изакардин,,rx,,стенокардия,,сублингвально,,спрей подъязычный,,"1,25 мг/доза",,взрослые,,"флакон 15 мл, 300 доз",,,
18866,307,ИВАБРАДИН ТАБЛ. П/ПЛЕН/ОБ. 5МГ №56 ОЗОН | ОЗОН ООО | ОЗОН ООО,0.9,"Препарат Ивабрадин в таблетках по 5 мг, покрытых пленочной оболочкой, упаковка 56 штук, производитель Озон. Является рецептурным лекарственным средством.",True,,pending_fallback,direction_select,,semantic_primary,success,ивабрадин,,,,rx,,,,внутрь,,таблетки покрытые пленочной оболочкой,,5 мг,,взрослые,,,,,
19338,307,ЖГУТ МЕДЕРЕН С ПЛАСТИКОВЫМ ФИКСИРУЮЩИМ МЕХАНИЗМОМ ДЛЯ ВЗРОСЛЫХ ГОЛУБОЙ | MEDEREN NEOTECH LTD | MEDEREN NEOTECH LTD,0.9,"Товар представляет собой медицинский жгут с пластиковым фиксатором для взрослых. Это медицинское изделие, а не лекарственный препарат, поэтому большинство фармацевтических атрибутов отсутствуют.",True,,pending_fallback,direction_select,,semantic_primary,success,,,MEDEREN,,,,,,,,,,,,взрослые,,,,,
19469,307,ДЭТА АКВА СЕНСИТИВ АЭРОЗОЛЬ ДЛЯ ЧУВСТВИТЕЛЬНОЙ КОЖИ 150МЛ | ХИМИК ОАО | ХИМИК ОАО,0.9,"Товар является репеллентом на основе ДЭТА в форме аэрозоля. Указан объем 150 мл и метка для чувствительной кожи. Поскольку это средство не является лекарством, фармацевтические атрибуты (МНН, рецептурность, нозология) не определены.",True,,pending_fallback,direction_select,,semantic_primary,success,,,ДЭТА Аква Сенситив,,,,,,наружно,,аэрозоль,,,,,,150 мл,,,
19659,307,ДРАЙ КОНТРОЛ ЭКСТРА ФОРТЕ ДАБОМАТИК АНТИПЕРСПИРАТ БЕЗ СПИРТА ФЛ. 50МЛ | АРОМА ПРОМ ООО | АРОМА ПРОМ ООО,0.7,"Товар является косметическим антиперспирантом, а не лекарством. Бренд определён как 'Драй Контрол' по названию продукта, остальные лекарственные атрибуты отсутствуют. Указан объём флакона 50 мл.",True,,pending_fallback,direction_select,,semantic_primary,success,,,Драй Контрол,,,,,,,,,,,,,,флакон 50 мл,,,
20469,307,ДЕТРАЛЕКС ТАБЛ. П/ПЛЕН/ОБ. 1000МГ №60 | СЕРВЬЕ РУС ООО | СЕРВЬЕ РУС ООО,0.95,"Наименование товара «ДЕТРАЛЕКС ТАБЛ. П/ПЛЕН/ОБ. 1000МГ №60» однозначно указывает на препарат с МНН «диосмин + гесперидин», торговую марку ДЕТРАЛЕКС, лекарственную форму таблетки в пленочной оболочке, дозировку 1000 мг и фасовку 60 штук. Препарат относится к рецептурным лекарственным средствам для перорального применения, используется при хронической венозной недостаточности и геморрое, предназначен для взрослых.",True,,pending_fallback,direction_select,,semantic_primary,success,диосмин + гесперидин,,ДЕТРАЛЕКС,,rx,,"хроническая венозная недостаточность, геморрой",,перорально,,"таблетки, покрытые пленочной оболочкой",,1000 мг,,взрослые,,№60,,комбинация активных веществ: диосмин и гесперидин,
20477,307,ДЕТРАВЕНОЛ ТАБЛ. П/ПЛЕН/ОБ. 1000МГ №30 | ОЗОН ООО | ОЗОН ООО,0.3,"Товар представляет собой таблетки по 1000 мг в упаковке №30. Название 'Детравесол' не является стандартным МНН, поэтому большинство атрибутов неизвестны.",True,,pending_fallback,direction_select,,semantic_primary,success,,,,,,,,,перорально,,"таблетки, покрытые пленочной оболочкой",,1000 мг,,,,30 таблеток,,,
20624,307,ДЕКСАЛГИН Р-Р ДЛЯ В/В В/М ВВЕД. 25МГ/МЛ АМП. 2МЛ №10 | А.МЕНАРИНИ МЭНЮФЕКЧЕРИНГ ЛОДЖИСТИКС ЭНД СЕРВИСИЗ С.Р.Л. | А.МЕНАРИНИ МЭНЮФЕКЧЕРИНГ ЛОДЖИСТИКС ЭНД СЕРВИСИЗ С.Р.Л.,0.9,"По названию товара определены: МНН (декскетопрофен), бренд (Дексалгин), лекарственная форма (раствор для инъекций), путь введения (в/в и в/м), дозировка (25 мг/мл), упаковка (ампулы 2 мл №10). Препарат рецептурный. Показания и возрастной сегмент не указаны.",True,,pending_fallback,direction_select,,semantic_primary,success,декскетопрофен,,Дексалгин,,rx,,,,"внутривенно, внутримышечно",,раствор для инъекций,,25 мг/мл,,,,ампулы 2 мл №10,,,
20899,307,"ГОНАЛ-Ф Р-Р ДЛЯ П/К ВВЕД. 66МКГ/1,5МЛ (900МЕ) ШПРИЦ-РУЧКА 1,5МЛ №1 +ИГЛЫ №20 | МЕРК СЕРОНО С.П.А. | МЕРК СЕРОНО С.П.А.",0.9,"Препарат Гонал-Ф содержит фоллитропин альфа (МНН), является рецептурным лекарственным средством, вводится подкожно. Дозировка 66 мкг/1,5 мл (900 МЕ) в шприц-ручке с иглами, предназначен для взрослых.",True,,pending_fallback,direction_select,,semantic_primary,success,фоллитропин альфа,,Гонал-Ф,,rx,,бесплодие,,подкожно,,раствор для подкожного введения,,"66 мкг/1,5 мл (900 МЕ)",,взрослые,,"шприц-ручка 1,5 мл с иглами",,монопрепарат,
21183,307,ГИПОСАРТ ТАБЛ. 32МГ №28 | ПОЛЬФАРМА АО | ПОЛЬФАРМА АО,0.8,"На основе наименования 'ГИПОСАРТ ТАБЛ. 32МГ №28' определены: бренд Гипосарт, лекарственная форма таблетки, дозировка 32 мг, упаковка 28 таблеток. МНН не указано, поэтому оставлено пустым. Препарат рецептурный, но нозология не указана явно.",True,,pending_fallback,direction_select,,semantic_primary,success,,,Гипосарт,,rx,,,,перорально,,таблетки,,32 мг,,,,28 таблеток,,,
21563,307,ГАСТРОСТАТ ТАБЛ. П/ПЛЕН/ОБ. 100МГ №180 АЛИУМ | АЛИУМ АО | АЛИУМ АО,0.4,"Товар представляет собой таблетки в пленочной оболочке с дозировкой 100 мг, в упаковке 180 штук. Производитель - Алиум, торговое наименование - Гастростат. Другие атрибуты не определены из-за недостатка информации.",True,,pending_fallback,direction_select,,semantic_primary,success,,,Гастростат,,,,,,перорально,,таблетки покрытые пленочной оболочкой,,100 мг,,,,,,,
21918,307,ВИШИ ДЕЗОДОРАНТ-АНТИПЕРСПИРАНТ CLINICAL CONTROL 96Ч ФЛ. 50МЛ | ЛОРЕАЛЬ АО | ЛОРЕАЛЬ АО,0.7,"Товар является косметическим дезодорантом-антиперспирантом бренда Виши, не является лекарственным средством, поэтому MNN, нозология и лекарственные формы не применимы. Указан объем 50 мл.",True,,pending_fallback,direction_select,,semantic_primary,success,,,Виши,,,,,,,,,,,,,,50 мл,,,
22097,307,ВИТАМИШКИ БИО + ПРЕБИОТИК ПАСТИЛКИ ЖЕВАТ. №30 | ФАРМАМЕД ООО | ФАРМАМЕД ООО,0.9,"Товар представляет собой жевательные пастилки с витаминами и пребиотиком для детей. Бренд 'ВИТАМИШКИ', безрецептурный, форма выпуска - пастилки жевательные, упаковка 30 штук. Возрастной сегмент - детский.",True,,pending_fallback,direction_select,,semantic_primary,success,,,ВИТАМИШКИ,,otc,,,,перорально,,пастилки жевательные,,,,дети,,30 пастилок,,витамины + пребиотик,
22393,307,ВИЛЬПРАФЕН СОЛЮТАБ ТАБЛ. ДИСПЕРГ. 1000МГ №10 | ФАМАР ЛИОН | ФАМАР ЛИОН,0.95,"Наименование товара содержит бренд Вильпрафен (джозамицин), лекарственная форма - диспергируемые таблетки, дозировка 1000 мг. Препарат является рецептурным антибиотиком, применяется при бактериальных инфекциях у взрослых.",True,,pending_fallback,direction_select,,semantic_primary,success,джозамицин,,Вильпрафен,,rx,,бактериальные инфекции,,перорально,,таблетки диспергируемые,,1000 мг,,взрослые,,10 таблеток,,монопрепарат,
22428,307,ВИЗЛЕЯ КАПС. 810МГ №30 | CURTIS HEALTH CAPS SP. Z.O. PL | CURTIS HEALTH CAPS SP. Z.O. PL,0.7,"Товар представляет собой капсулы бренда Визлея с дозировкой 810 мг, в упаковке 30 штук. Другие атрибуты не определены.",True,,pending_fallback,direction_select,,semantic_primary,success,,,Визлея,,,,,,перорально,,капсулы,,810 мг,,,,30 шт.,,,
22463,307,ВИЖУ ФОРТЕ BIOFORTE ЭКСТРАКТ ПЛОДОВ ЧЕРНИКИ С ЛЮТЕИНОМ КАПС. №30 | БАРНАУЛЬСКИЙ ЗАВОД МЕД.ПР-ТОВ | БАРНАУЛЬСКИЙ ЗАВОД МЕД.ПР-ТОВ,0.8,"Товар представляет собой биологически активную добавку к пище (БАД) на основе экстракта черники и лютеина в форме капсул, предназначенную для поддержки зрения. Наименование 'Вижу Форте' указывает на применение для глаз. Отпускается без рецепта.",True,,pending_fallback,direction_select,,semantic_primary,success,,,Вижу Форте,,otc,,заболевания глаз,,внутрь,,капсулы,,,,взрослые,,30 капсул,,"черника, лютеин",
22701,307,ВЕЛДЕКСАЛ ТАБЛ. П/ПЛЕН/ОБ. 25МГ №10 | ВЕЛФАРМ ООО | ВЕЛФАРМ ООО,0.5,"По названию товара определены лекарственная форма (таблетки), дозировка (25 мг) и путь введения (перорально). Торговое наименование 'ВЕЛДЕКСАЛ' предполагается как бренд, но международное непатентованное наименование неизвестно, из-за чего многие атрибуты, включая рецептурность и нозологию, не установлены.",True,,pending_fallback,direction_select,,semantic_primary,success,,,ВЕЛДЕКСАЛ,,,,,,пероральный,,таблетки покрытые пленочной оболочкой,,25 мг,,,,10 таблеток в упаковке,,,
22891,307,ВАЛИДОЛ ТАБЛ. П/ЯЗЫЧН. 60МГ №10 ЮЖФАРМ | ЮЖФАРМ ООО | ЮЖФАРМ ООО,0.95,"На основе нормализованного текста: «ВАЛИДОЛ ТАБЛ. П/ЯЗЫЧН. 60МГ №10» — это подъязычные таблетки, отпускаемые без рецепта, дозировка 60 мг, упаковка 10 штук. Препарат является комбинированным (содержит ментол и другие компоненты), поэтому МНН не указан.",True,,pending_fallback,direction_select,,semantic_primary,success,,,ВАЛИДОЛ,,Без рецепта,,,,Подъязычно,,Таблетки подъязычные,,60 мг,,,,№10,,Комбинированный,
23099,307,БУТАДИОН-АЛИУМ ТАБЛ. 150МГ №20 | АЛИУМ АО | АЛИУМ АО,0.9,"Товар представляет собой таблетированную форму фенилбутазона (МНН) в дозировке 150 мг, упаковка 20 таблеток. Относится к рецептурным препаратам, предназначен для взрослых. Применяется при воспалительных заболеваниях опорно-двигательного аппарата.",True,,pending_fallback,direction_select,,semantic_primary,success,фенилбутазон,,Бутадион-Алиум,,rx,,воспалительные заболевания опорно-двигательного аппарата,,перорально,,таблетки,,150 мг,,взрослые,,20 таблеток,,монопрепарат,
23155,307,"БРУСНИКИ ЛИСТЬЯ СЕРДЦЕ КОНТИНЕНТА Ф/П 1,5Г №20 ЗДОРОВЬЕ | ЗДОРОВЬЕ ФИРМА ООО | ЗДОРОВЬЕ ФИРМА ООО",0.4,"Товар представляет собой лекарственное растительное сырье (листья брусники) в фильтр-пакетах по 1,5 г, №20. Применяется как мочегонное и противовоспалительное средство, относится к безрецептурным препаратам.",True,,pending_fallback,direction_select,,semantic_primary,success,,,Сердце Континента,,otc,,,,внутрь,,фильтр-пакет,,1.5 г,,,,20 фильтр-пакетов,,,
24070,307,БЕТАДИН СУПП. ВАГ. 200МГ №7 | ЭГИС ФАРМАЦЕВТИЧЕСКИЙ ЗАВОД ЗАО | ЭГИС ФАРМАЦЕВТИЧЕСКИЙ ЗАВОД ЗАО,0.95,"Это вагинальные суппозитории Бетадин (повидон-йод) 200 мг, упаковка 7 штук. Препарат является антисептиком для местного применения, отпускается без рецепта.",True,,pending_fallback,direction_select,,semantic_primary,success,повидон-йод,,Бетадин,,otc,,вагинальные инфекции,,вагинально,,суппозитории вагинальные,,200 мг,,взрослые,,7 штук,,монопрепарат,
24445,307,БАХИЛЫ МЕДИЦИНСКИЕ ПОЛИЭТИЛЕНОВЫЕ СТАНДАРТ АРТ.15 20МКМ ПАРА №1 МАРТ | МАРТ ООО | МАРТ ООО,0.8,"Товар представляет собой медицинские бахилы, не является лекарственным средством. Поэтому большинство фармацевтических атрибутов (МНН, форма выпуска, дозировка и т.д.) не применимы. Указана марка 'МАРТ' и упаковка '1 пара'.",True,,pending_fallback,direction_select,,semantic_primary,success,,,МАРТ,,,,,,,,,,,,,,1 пара,,,
24594,307,БАБУШКИНО ЛУКОШКО ЧАЙ ДЛЯ КОРМЯЩИХ МАМ С АНИСОМ Ф/П 1Г №20 | ФАУСТОВО | ФАУСТОВО,0.85,"Товар представляет собой чай для кормящих мам в фильтр-пакетах по 1 г, 20 штук. Бренд 'Бабушкино лукошко'. Это не лекарственное средство, поэтому атрибуты mnn, rx_otc и nosology не определены.",True,,pending_fallback,direction_select,,semantic_primary,success,,,Бабушкино лукошко,,,,,,перорально,,фильтр-пакет,,1 г,,взрослые (кормящие матери),,№20,,,
25286,307,АСКОРБИНКА ФАРМ-ТИГОДА ТАБЛ. ЖЕВАТ. СО ВКУСОМ КЛУБНИКИ №10 | ФАРМ-ТИГОДА ООО | ФАРМ-ТИГОДА ООО,0.9,"Препарат представляет собой жевательные таблетки аскорбиновой кислоты (витамин C) со вкусом клубники, в упаковке 10 штук. Относится к безрецептурным средствам. Дозировка не указана.",True,,pending_fallback,direction_select,,semantic_primary,success,Аскорбиновая кислота,,,,otc,,,,внутрь,,таблетки жевательные,,,,,,10 таблеток,,,
25311,307,"АСКОРБИНКА LIFE ASCORBIC ACID ПОР. ПАК. 2,5Г №10 | МЕЛИГЕН ФП | МЕЛИГЕН ФП",0.95,"Товар представляет собой аскорбиновую кислоту (витамин C) в форме порошка для приема внутрь, дозировка 2,5 г в пакетике, упаковка 10 пакетиков. Препарат отпускается без рецепта (OTC). Производитель: МЕЛИГЕН ФП.",True,,pending_fallback,direction_select,,semantic_primary,success,аскорбиновая кислота,,МЕЛИГЕН ФП,,otc,,,,внутрь,,порошок,,2.5 г,,,,10 пакетов по 2.5 г,,монопрепарат,
25424,307,АРТОГИСТАН Р-Р ДЛЯ В/М ВВЕД. 100МГ/МЛ АМП. 2МЛ №10 | ГРОТЕКС ООО | ГРОТЕКС ООО,0.8,"Товар представляет собой раствор для внутримышечного введения 'Артогистан' в ампулах по 2 мл с концентрацией 100 мг/мл, упаковка №10. Международное непатентованное наименование и категория отпуска не установлены.",True,,pending_fallback,direction_select,,semantic_primary,success,,,Артогистан,,,,,,внутримышечно,,раствор для внутримышечного введения,,100 мг/мл (2 мл),,,,ампулы 2 мл №10,,,
26346,307,АЛТАЙ №7 ЗДОРОВЫЕ СОСУДЫ С МЕЛИССОЙ ФИТОЧАЙ Ф/П 2Г №20 | АЛТАЙСКИЙ КЕДР ООО | АЛТАЙСКИЙ КЕДР ООО,0.7,"Это фиточай для поддержания здоровья сосудов, содержит мелиссу. Относится к БАД, не является лекарством. Большинство атрибутов определено из названия.",True,,pending_fallback,direction_select,,semantic_primary,success,,,Алтайский кедр,,otc,,,,внутрь,,фиточай,,,,взрослые,,20 пакетиков,,,
27085,307,АД НОРМА КАПС. №60 | ВИС ООО | ВИС ООО,0.4,"Товар представляет собой капсулы в упаковке 60 штук. Бренд - АД НОРМА, производитель ВИС. Действующее вещество не указано, поэтому MNN и другие атрибуты определить невозможно.",True,,pending_fallback,direction_select,,semantic_primary,success,,,АД НОРМА,,,,,,перорально,,капсулы,,,,,,60 капсул,,,
27480,307,RESOURCE PROTEIN СМЕСЬ С ВЫСОКИМ СОДЕРЖАНИЕМ БЕЛКА СО ВКУСОМ ВАНИЛИ 200МЛ | НЕСТЛЕ ХЕЛС САЙНС ФРАНС | НЕСТЛЕ ХЕЛС САЙНС ФРАНС,0.7,"Товар является высокобелковой смесью для диетического питания, не относится к лекарственным препаратам. Бренд - Resource (Нестле), форма - раствор для приема внутрь, объем 200 мл. МНН и рецептурность отсутствуют.",True,,pending_fallback,direction_select,,semantic_primary,success,,,Resource,,,,,,внутрь,,раствор для приема внутрь,,200 мл,,взрослые,,флакон 200 мл,,,
27600,307,MED 2000 ИНГАЛЯТОР КОМПРЕССОРНЫЙ ДЕТСКИЙ СОБАЧКА С СУМКОЙ | MED 2000 S.P.A | MED 2000 S.P.A,0.95,"Товар представляет собой компрессорный ингалятор (небулайзер) для детей, выполненный в виде собачки, в комплекте с сумкой. Это медицинское изделие, а не лекарственный препарат, поэтому большинство фармацевтических атрибутов отсутствуют.",True,,pending_fallback,direction_select,,semantic_primary,success,,,MED 2000,,,,,,ингаляционный,,ингалятор компрессорный,,,,детский,,с сумкой,,,
27668,307,LION KIDS SAFE ЩЕТКА ЗУБНАЯ ДЕТСКАЯ С ИОНАМИ СЕРЕБРА ОТ 4 ДО 6 ЛЕТ ШАГ 2 | LION CORPORATION | LION CORPORATION,0.7,"Товар представляет собой детскую зубную щетку с ионами серебра для возраста 4-6 лет. Это не лекарственное средство, поэтому большинство медицинских атрибутов отсутствуют.",True,,pending_fallback,direction_select,,semantic_primary,success,,,LION KIDS SAFE,,,,,,,,,,,,4-6 лет,,,,,
27860,307,GLS ВИТЕКС КАПС. ПО 320МГ №60 | ГЛОБАЛ ХЭЛФКЕАР ООО | ГЛОБАЛ ХЭЛФКЕАР ООО,0.7,"Название товара содержит указание на действующее вещество (витекс), лекарственную форму (капсулы), дозировку (320 мг) и количество (60). Поскольку это биологически активная добавка, а не лекарство, МНН и категория отпуска не определены.",True,,pending_fallback,direction_select,,semantic_primary,success,,,,,,,,,перорально,,капсулы,,320 мг,,,,60 капсул,,,
27882,307,GLS АРТУРОН КАПС. 500МГ №50 | ГЛОБАЛ ХЭЛФКЕАР ООО | ГЛОБАЛ ХЭЛФКЕАР ООО,0.8,"На основе текста извлечены: лекарственная форма – капсулы, дозировка 500 мг, упаковка №50, бренд Артурон, способ применения – пероральный. Режим отпуска – без рецепта (БАД). Другие атрибуты не указаны.",True,,pending_fallback,direction_select,,semantic_primary,success,,,Артурон,,otc,,,,пероральный,,капсулы,,500 мг,,,,50 капсул,,,
28074,307,CONSUMED ЛИКОНТИН-КОМФОРТ Р-Р ДЛЯ КОНТАКТНЫХ ЛИНЗ 18МЛ | МЕДСТАР НПФ ООО | МЕДСТАР НПФ ООО,0.95,"Это раствор для контактных линз, а не лекарственное средство, поэтому МНН отсутствует. Препарат безрецептурный, применяется наружно на глаза. Дозировка не указана, объём упаковки 18 мл.",True,,pending_fallback,direction_select,,semantic_primary,success,,,Ликонтин-Комфорт,,otc,,,,офтальмологический,,раствор,,,,взрослый,,18 мл,,,
